-1.145441971999999975e+00	-6.759927705999999592e-01	-6.744091399999999625e-01	1.460601991999999960e+00	-2.140775437000000114e-01	-1.393301021000000084e+00	-5.272368543000000018e-01	-5.973178501999999446e-01	8.441183266999999768e-01	-1.048250292999999944e+00	4.706471362999999908e-01	-6.967727154999999728e-01	2.921225686000000210e-01	-8.927425553000000180e-01	3.008828939999999910e-02	-5.586859534000000460e-01	1.200006415999999909e+00	6.270583667000000361e-01	5.113860818999999697e-02	8.998413700999999820e-01	1.728451514000000078e-01
-7.918100890000000502e-01	6.625193764000000263e-01	-1.168446185000000082e+00	1.155868938000000012e+00	-7.062405853000000011e-01	-9.315409248999999559e-01	-5.684810198999999953e-01	9.115438772999999439e-02	1.639408729999999981e+00	-1.312374882999999937e+00	9.611027542000000201e-01	2.592281802999999996e-01	-8.408725742000000558e-02	-1.986643909000000097e+00	-9.177456993999999479e-01	-1.978656628999999889e-01	-1.671383180000000079e+00	-9.131190812999999684e-01	-9.861595560000000482e-01	-4.031178911000000142e-01	-5.401106014000000011e-01
-8.365114457000000225e-01	1.556363477000000106e+00	8.300781244999999586e-01	6.502315964999999531e-01	-8.663604794000000497e-01	-1.256585124000000109e+00	-2.089148318999999976e+00	9.762500731000000043e-01	5.764106675000000291e-01	-1.591186659999999975e+00	1.106075056999999973e+00	6.844349505000000278e-01	1.074176438999999983e-01	-1.645810832000000001e+00	-3.242980233000000156e-01	-3.412250621999999844e-01	-6.091001386000000073e-01	-1.207161434000000089e+00	4.071676559999999889e-01	8.471472747999999608e-01	1.372778521999999946e-01
-5.120998718999999477e-01	-1.850728868000000027e+00	4.124660329000000014e-01	1.001757636000000007e+00	-4.894787445000000070e-01	-9.910504032000000407e-01	-1.813550538000000101e+00	7.043655951999999720e-01	7.692368520000000265e-01	-1.032569410000000021e+00	9.523931112000000310e-01	2.318287468999999934e-01	-3.626814744999999895e-01	-7.907749488999999965e-01	4.118632669000000246e-01	-5.123870218999999893e-02	1.139291486000000075e+00	-9.047805601999999725e-01	-2.402533739000000113e-01	4.133668389999999720e-02	2.564579250999999838e-01
-4.872433308000000129e-02	-9.305580982000000168e-01	-8.850904133000000451e-01	2.993258088999999900e-01	1.689284887999999984e-01	-4.114564713000000151e-01	-1.672241647999999969e+00	7.684357442999999455e-01	6.503683601999999953e-01	-4.887778542000000004e-02	-4.972965985000000338e-02	3.690571856000000039e-01	-1.068706393000000004e-01	-1.451306090000000104e+00	6.714228260000000281e-01	1.664753160999999926e-01	-2.681716392000000129e-02	5.936940294000000451e-01	-1.100812939000000018e-01	7.780511487000000281e-01	-1.470924540000000114e-01
3.336552776000000220e-01	-8.508846212999999770e-01	-1.285784315999999983e+00	7.283954929000000522e-01	1.930160985999999912e-02	2.643314969000000181e-01	-7.796240679000000506e-01	1.187898867999999997e+00	7.913865177000000140e-01	6.971676770000000412e-01	-6.052308742999999991e-01	1.796273498000000024e-01	2.919457665999999896e-01	-1.595542628999999935e-01	-5.500807010999999580e-01	1.129453440000000031e-01	-2.524585811999999763e-01	8.638480105000000409e-01	-1.021045100999999899e+00	3.005189871999999762e-01	-2.447973747999999894e+00
8.175399244000000065e-01	3.797257360999999887e-01	-7.008022001000000500e-01	3.946729252999999771e-01	2.512259786000000088e-03	1.283622314000000042e+00	4.620419117999999825e-01	1.639035672999999971e+00	1.156327958000000100e+00	1.025350583000000038e+00	-2.155530693999999914e-01	-1.592777440999999961e+00	5.629459074999999535e-01	6.950378536000000051e-02	-3.578537640000000186e-01	8.546303982000000299e-02	-8.982068511999999894e-01	-1.690609717000000067e+00	-5.647188377999999842e-01	9.216939571000000164e-01	-4.361702070999999847e-01
1.115990269999999951e+00	-8.590494485999999874e-01	1.552049207999999902e+00	-4.514019617999999734e-01	9.289930745000000156e-01	1.412384072000000046e+00	6.943121178000000171e-01	5.575478975000000004e-01	-2.475001944999999925e-01	1.304015786999999982e+00	1.814916136999999985e-01	-5.845215146000000139e-01	1.162422314000000068e+00	-1.346762916000000088e+00	3.173812186000000146e-01	2.911850131000000008e-01	3.581288443000000266e-01	-5.155011336999999472e-01	4.542653287000000262e-01	2.378771464999999807e+00	7.704479748000000461e-01
7.857958321000000357e-01	-1.911141452000000157e-02	-1.519773070000000059e+00	3.126472653999999851e-01	-1.238892974999999952e-01	1.199346744000000076e+00	9.402624660999999717e-01	-1.231772521999999981e+00	-1.518319529999999917e-01	8.719945046000000533e-01	-4.849603860000000211e-01	1.086290015000000109e+00	7.039782623000000461e-01	1.113639307999999967e-01	-3.256187159999999747e-01	7.034236976000000086e-01	7.125968827999999977e-01	1.930129130000000082e-01	-4.462598995000000013e-01	3.539633377999999997e-01	-4.744779046000000000e-01
3.874552454999999895e-01	-7.682023497999999895e-02	2.049300878999999950e-02	4.170717328999999918e-01	-1.540868158999999959e+00	1.157888876999999983e+00	9.898502727000000334e-01	-3.152161117000000234e-01	6.338925544000000301e-01	-6.898953254999999618e-03	5.541676891000000271e-01	7.484431326999999579e-01	1.875918481000000138e-01	-8.180509835000000507e-01	-3.560358310999999776e-01	2.883702437999999812e-01	1.857233818000000036e-01	-1.204013296000000066e+00	-2.023930034999999794e+00	2.513155707999999988e-01	-1.621733749999999974e+00
3.431185579000000097e-01	-1.113561940000000056e-01	1.434058684000000028e+00	6.850068731999999772e-01	-4.647447214000000049e-01	-2.586837075999999860e-02	-2.664009977999999834e-01	-3.504245236999999902e-01	-3.820406101000000110e-01	6.537530095999999347e-02	2.049057093999999968e-01	1.235969118999999949e+00	1.214707385000000084e+00	-2.022360616999999916e+00	1.384721496999999912e+00	-2.779407325000000095e-01	5.180827636999999486e-01	3.466645843000000227e-01	-3.675644732999999942e+00	1.380948932999999990e+00	-2.891058754999999980e-01
2.069835423999999979e-01	-7.341887147000000224e-01	-9.033750276999999995e-01	8.749176655000000524e-01	5.777428927000000103e-01	4.574881848999999834e-01	3.091316178999999886e-01	-1.057846583999999979e+00	7.499828458999999725e-01	4.893529638999999931e-01	-5.450441190000000491e-01	2.176549318999999871e-01	-2.715931087999999896e-02	-5.675534856999999711e-01	3.618770881000000106e+00	9.430205412999999315e-03	-3.372890137999999816e-01	3.280720534000000077e-01	-2.538161838000000170e+00	4.271467981000000302e-02	1.978261833999999941e-01
1.013855528999999950e-01	1.533616252000000069e+00	1.235732301000000088e+00	4.774468653000000229e-01	5.557348966999999806e-01	-6.038701274000000119e-01	6.988037512000000451e-01	2.099244395999999915e-02	9.165755914000000004e-01	2.737727821000000006e-01	-1.952823388000000104e-01	-1.591353414999999938e+00	3.685757772000000099e-01	-2.648198920000000012e-01	2.657199949999999866e+00	-5.286328039000000312e-02	-1.445766520999999978e-02	1.565632987000000087e+00	-1.328300542999999889e+00	-7.247649780999999569e-01	-1.275399304000000011e+00
2.808003524000000084e-01	4.619293784999999875e-01	1.651813616999999956e+00	6.877722910000000356e-01	-7.619064649000000244e-01	-7.071061717000000080e-01	6.402492357000000300e-02	8.535391972000000438e-01	3.608631285000000188e-01	6.302980596999999685e-01	-1.337856281999999952e+00	-2.106232916999999816e+00	2.074704521000000135e+00	4.440738415000000106e-01	2.198724628000000014e-01	-4.155053810000000070e-01	4.561082090999999950e-01	-3.404482504999999937e-01	5.755518979000000535e-01	-8.590318440999999972e-01	1.039323514999999976e+00
2.260667920999999969e-01	-5.443116636999999480e-01	-1.112519939000000013e+00	4.963959286999999887e-01	-7.566307331999999608e-01	1.492355845999999986e-01	-5.991650732000000090e-01	1.730378417999999918e+00	-9.947641429000000368e-01	9.110752455999999722e-01	-1.397120772000000066e+00	-1.144128854000000084e+00	1.885244246000000068e+00	-7.536975663999999631e-01	2.251663703000000016e-01	-1.093135111000000048e+00	-7.873769260999999853e-01	2.038332320000000031e-01	-3.626068154999999987e-02	-1.357631092000000095e+00	-1.150182438000000029e-01
1.345889019000000020e-01	5.732399525000000384e-01	7.657714331999999624e-01	6.302555153000000132e-01	-2.509915238000000048e-01	5.440151577999999821e-01	-1.691416287000000018e+00	1.752339724999999904e+00	-1.068339775999999963e+00	1.354841305000000107e+00	-5.824900096999999777e-01	-7.366677452000000570e-02	1.507782165999999924e+00	3.501461234000000089e-01	7.348214289000000454e-02	-1.173592672999999920e+00	-7.129871044000000158e-01	-2.075082351999999908e+00	3.914651306999999969e-01	-3.804765219999999837e-01	3.317177028000000139e-01
9.200301030999999963e-01	-2.325061277000000093e+00	-6.165787254000000273e-01	7.396223006000000044e-01	4.773348646000000195e-01	1.058634365000000077e+00	3.036999108999999808e-01	2.129073154999999939e+00	-4.063920403000000070e-03	1.455981286000000097e+00	-4.195000830999999764e-01	6.291779952999999592e-01	1.478102679000000030e+00	-5.127890908999999803e-03	4.810363824000000177e-01	-8.541074172000000519e-01	8.381927938000000022e-01	-6.336743124000000504e-01	-3.468357730000000139e-01	-1.578290135999999899e+00	4.968611834000000171e-01
1.071717634999999946e+00	1.551692467999999936e+00	-5.658426872999999802e-01	5.200771349999999682e-01	-4.947294007999999965e-02	1.522587893000000081e+00	1.880489813999999926e+00	2.091622774999999823e+00	4.777215056999999793e-02	7.069945651000000275e-01	-9.519674742000000522e-01	-1.572656172000000130e-01	1.595350892999999992e+00	1.482343628999999996e-01	-8.725272410000000090e-01	-8.741042425999999699e-01	-9.805869149000000506e-01	1.264258644999999959e+00	-3.564220886999999727e-01	5.703707948999999777e-01	9.155011780999999793e-01
-1.171056211999999958e-01	1.345942516999999894e+00	7.628757953000000480e-01	4.962163737999999991e-01	1.230710941000000003e-01	1.142553391999999945e+00	9.516889911000000479e-01	7.268860204999999519e-01	2.099134973000000015e-01	-3.401235295000000214e-01	-9.338735358999999958e-01	-4.737121958000000133e-01	8.622529734999999640e-01	3.510598373000000105e-01	-3.296929003999999885e-01	-8.469975862999999938e-01	1.608176685000000106e+00	-1.770688966000000031e+00	-3.879947691000000254e-01	-2.323150377000000044e-01	-5.547034755999999955e-01
-5.738500341000000171e-01	9.094188544999999568e-02	-9.409666849999999416e-02	-2.257083132000000103e-01	7.782225358000000037e-01	5.806128152999999736e-01	4.055214685999999902e-01	-1.155925000000000091e+00	-3.524522192999999803e-01	3.540422261000000237e-01	1.031890787999999892e+00	-1.919918445999999890e-01	1.371405240999999942e+00	-1.115441689000000069e+00	6.440435370999999520e-01	-7.562488186000000390e-01	1.245414350999999975e+00	-3.760434294000000177e-01	5.148976109000000245e-02	-6.935370452000000352e-01	-6.308214034000000359e-01
-8.156895803000000500e-01	1.712826031999999943e+00	-6.936503416000000533e-02	4.519876188999999989e-01	-5.915520091000000535e-01	1.133937743999999942e-01	1.241390782000000026e-01	-1.485358425000000038e+00	-1.611155133000000128e-01	8.564342297999999465e-01	8.465411980000000502e-01	-6.526884662999999920e-01	1.232007682999999965e+00	1.245345901999999949e+00	7.291378236999999929e-02	-4.079807055999999932e-01	-4.520255887999999889e-01	6.628357632000000388e-01	-2.998894060999999778e-01	9.970093910999999753e-01	4.145031758000000122e-01
-4.109123619000000227e-01	-1.333939066999999978e+00	1.136829161000000088e+00	7.421036936999999556e-01	-1.002064183000000108e+00	7.510115686999999651e-01	1.343533447999999964e-01	-1.365719479000000014e+00	2.548280996000000242e-01	-4.613856718000000079e-01	6.418577108999999614e-02	1.255442783000000062e-01	8.972916152000000034e-01	3.240609329999999955e-01	9.781431736000000265e-01	-1.003624532999999985e+00	2.208093681999999947e-01	-3.330778373000000125e-01	-8.636353221000000469e-01	-1.956476188999999977e+00	9.951367140000000333e-01
-2.462808669000000061e-01	8.059343557999999463e-01	-1.696495158999999919e+00	8.287795866999999594e-01	-4.679602767000000108e-01	5.867631208000000376e-01	-1.319715133999999956e+00	-1.229752229999999891e+00	-7.380541592999999567e-01	-6.015530135000000111e-01	1.083586804000000042e-01	9.862399169000000132e-01	6.640814216000000547e-01	-1.787769889999999973e-01	-1.157510459999999908e+00	-6.876714081000000478e-01	-1.192245983000000065e+00	1.347884689000000025e+00	-6.008158182999999708e-01	-9.531474532999999472e-01	-4.060770653999999924e-01
-9.121996356999999278e-03	1.759090144999999883e-01	5.120021798999999652e-01	1.015764581000000000e+00	-3.008993972999999822e-01	5.480748199999999626e-01	-1.855116820999999971e+00	-1.054136479000000071e+00	1.942790618999999941e-01	-1.175904338999999910e+00	1.237926389000000071e+00	1.459044323000000087e+00	-7.629829141999999731e-02	8.608878259000000144e-01	-1.195755367999999930e+00	1.860800384000000154e-02	-2.628032612000000268e-01	-1.589055252999999945e+00	-3.358723142000000217e-01	-1.028186601000000033e+00	-5.582473706999999674e-01
4.486889648999999869e-01	-6.076510183000000120e-01	-7.251086615999999818e-01	-1.035298659000000038e-01	-3.310267893000000128e-01	-5.543845029999999729e-02	-1.135888183000000051e+00	-1.650782554999999929e+00	6.850064082000000276e-01	-6.571241239999999761e-01	1.032146575000000066e+00	1.794808364999999961e+00	1.338383408999999913e-01	-2.034977333999999916e-01	-1.320159911000000075e-01	1.694627321999999936e-01	1.698078660000000017e-01	2.500393685999999782e-01	8.103101362000000307e-01	1.159234878999999968e-01	-1.137083581999999982e-01
5.977075966999999546e-01	8.080148405000000533e-01	4.167381694999999775e-01	5.453623158000000526e-01	-9.112792661999999932e-01	-3.917701733999999769e-01	-9.999012824999999882e-01	-1.517100364000000035e+00	9.848399577999999988e-01	-1.725024322999999971e+00	3.484186988999999901e-01	1.525185410999999880e-01	6.041579452999999988e-01	1.006115061999999893e+00	-1.490245690999999928e+00	-2.441858461999999938e-02	6.422632636999999756e-01	5.900517267999999538e-01	-1.220796281000000039e-01	2.758065028999999724e-01	-1.091695483999999938e+00
5.768643941000000108e-01	-1.057565030999999989e+00	-7.097196819000000101e-01	-4.071475427999999841e-01	-7.014681382999999881e-01	1.124173231000000106e+00	-1.431413172999999928e+00	-1.310577305000000026e+00	6.242730389999999741e-01	-1.582783542000000043e+00	8.000870297000000075e-01	-1.799228542999999902e-01	2.620731977999999907e-01	-9.149491281999999615e-01	-2.340561647999999939e-01	-1.355176649000000011e-01	2.330769715999999880e-01	4.251666250999999730e-01	-2.385969212999999867e-01	-9.984301459000000101e-02	7.182791764000000523e-01
4.256378470000000136e-01	4.234090772999999919e-01	-1.181961780999999934e-01	2.481587741999999874e-01	-7.477356156000000142e-01	-3.406735969999999947e-01	-1.403457519999999903e+00	-9.274701011000000550e-01	-3.540478845999999735e-01	-8.802761198999999870e-01	1.351933451000000064e+00	2.099827628000000002e-01	1.076827167999999890e+00	1.494123867000000105e+00	-4.205969734000000182e-01	1.474929996999999882e-01	-4.801796173999999806e-01	-7.255806365000000424e-02	-5.255860249999999567e-01	-8.063352378999999459e-01	-1.519229720000000006e+00
7.383908363000000197e-01	-1.287934303999999974e+00	3.669684471000000253e-02	3.810618094000000067e-01	-6.832387519999999492e-01	-1.535304751000000079e-01	-1.043460722999999923e+00	-5.386499016000000362e-01	6.639707661000000538e-01	-1.026765624000000043e+00	2.378678304000000132e+00	6.728086009999999506e-01	2.130311233000000137e-01	1.156311215999999975e+00	-4.708440262999999959e-01	5.825702125999999703e-01	3.919354810999999827e-01	-4.515677237999999871e-01	-5.482170109999999763e-01	-1.953894035999999890e+00	1.198150307999999997e+00
8.462513396999999937e-01	-1.528745640999999988e-01	-5.501281110000000307e-01	1.606078320999999864e-01	-1.009553034000000071e+00	-4.021492316999999983e-01	-1.136074071999999990e+00	-3.446741070000000073e-01	6.910833455999999819e-02	-1.384724944000000013e+00	2.256054740000000169e+00	6.016737218000000054e-01	7.517332010999999703e-01	9.906705038999999990e-01	-9.025405420000000012e-01	1.075679000999999912e+00	-9.288324263999999664e-01	1.431214078000000001e+00	-1.736065105000000053e-01	-7.415868933999999468e-01	-9.671601779999999815e-01
5.819979106999999541e-01	-7.194211764000000287e-01	1.290261950000000102e+00	4.326191385000000000e-01	4.823628409999999866e-01	-1.324894262999999905e-01	-1.301026832000000022e+00	-4.697529616000000185e-01	1.069065914000000062e+00	-1.527541923000000024e+00	8.562631820999999643e-01	-5.313093146999999794e-01	5.696404268000000437e-01	5.222856350000000258e-01	2.019338100999999996e-01	1.290350260999999943e+00	-1.039551451999999945e-02	-2.261310308999999949e-02	-7.336379634999999899e-01	1.146629389999999971e+00	1.958264186000000073e+00
-1.594211376999999930e+00	-6.610733546999999488e-01	-1.649566706999999965e+00	-6.150142924999999483e-01	2.507770578000000139e+00	1.927866954000000133e-01	-6.546813975999999924e-01	-2.119991025999999959e-02	6.643967657999999554e-01	-1.873484937000000072e-01	-3.285083490999999856e-01	-8.547235912999999741e-01	1.430465909999999896e+00	9.755827249000000034e-02	9.076364899000000097e-01	8.543324568000000285e-01	4.081049481999999839e-01	1.416109268999999893e+00	2.194810997999999957e-01	1.103758696999999955e+00	-1.462318964000000054e-01
-1.996004243000000011e+00	6.736168948999999850e-01	2.624693882999999950e-01	1.007129385999999904e+00	2.830751037999999831e+00	-3.224388008999999888e-01	7.351294457000000504e-01	1.465075352000000108e-01	1.097706362000000047e+00	-3.629955029999999694e-02	9.337374895000000175e-01	5.499768564000000470e-01	2.738912897999999929e-01	1.221731182000000082e+00	-1.014690115000000059e+00	1.749005332000000079e+00	-5.664154428000000019e-01	-2.083822197999999903e-01	-1.225483009999999914e-02	1.837025012000000013e+00	8.074673605000000087e-01
-9.654969016000000126e-01	-3.666938035999999790e-01	5.874929119999999783e-01	1.981330331999999972e+00	1.777562228000000077e+00	-1.994611668999999976e+00	1.618211298999999936e+00	-2.363624417000000089e-01	1.604705427000000073e+00	-6.219265322999999457e-01	6.303624024999999742e-01	1.460488942000000012e+00	4.572793388999999986e-01	-2.228429762000000203e+00	-8.479930061999999547e-01	1.745627398999999969e+00	4.362367282999999873e-01	-4.476232775999999802e-01	2.485902899999999915e-01	1.866964972000000056e-01	2.116454803999999967e+00
-1.772462251000000100e+00	1.596124416000000101e+00	-8.896268669000000351e-01	1.924847304000000037e+00	8.331836763000000090e-01	-1.527189619999999914e+00	1.794727761999999893e-01	-7.389030756000000144e-01	3.941235670000000080e-01	-9.025209266000000508e-01	1.596141685999999948e-01	1.439920875000000100e+00	-1.078119409000000001e-01	-2.140078849000000005e+00	-4.471486530000000070e-01	1.563523632999999968e+00	7.990034846000000357e-01	1.463601911000000033e+00	-6.729145734000000489e-01	-4.034512536000000038e-01	8.527888823999999479e-01
-2.420507063000000070e+00	1.505706270999999985e+00	-2.017341672000000086e-01	6.863978055999999661e-01	6.894731271999999800e-01	-1.033537965999999919e+00	-3.767875186999999904e-01	-7.359683501999999544e-01	1.337256460999999952e+00	9.461728825000000065e-02	1.878124043999999992e+00	1.397667106000000103e-01	-2.065939243000000092e-01	-1.133420408999999962e+00	2.361875307999999896e-01	1.322539265000000075e+00	-8.176742502000000634e-02	-1.246526091000000003e+00	4.878636905000000024e-01	1.811599831000000049e-01	6.857686453000000348e-01
-1.752121484999999979e+00	-6.529928643000000310e-01	1.221142944999999980e+00	5.739030347000000365e-01	1.387383888000000010e+00	-2.254774199999999951e+00	-3.916164775000000042e-01	6.114055169000000012e-01	2.948789621999999833e-01	2.283449935999999902e-01	1.966091325000000056e+00	-4.668597058000000244e-01	1.325522749999999972e+00	-1.102410190999999928e+00	-5.230825177000000131e-02	1.793747151999999900e+00	9.930921834999999476e-01	2.640357573000000069e-01	2.743315203000000202e-01	-7.352625485999999544e-01	1.081564310000000084e+00
-1.898706318999999976e+00	-8.142617497999999898e-01	-1.722089420999999954e+00	1.227838659000000110e+00	1.233499179000000057e+00	-6.406148626000000013e-01	-3.241266401000000158e-02	4.526676141000000042e-01	1.246035519999999952e+00	3.197620788000000158e-01	1.163029206999999898e+00	-1.147488957000000059e-01	-4.841749160000000107e-01	-4.360519367000000035e-02	-5.875644563999999903e-01	1.467877313000000017e+00	2.355720617000000017e-01	4.994811020000000101e-01	-6.272275151999999743e-01	-1.009165281000000025e+00	1.123789920999999969e+00
-9.188662056999999939e-01	6.254123297000000470e-01	4.836103392000000167e-01	4.715976369000000057e-01	3.053095787999999811e-01	-1.395219259000000100e+00	9.859848990999999785e-01	-7.505211107000000492e-01	7.396939872000000138e-01	4.881952196000000077e-01	-7.340777986999999505e-02	7.094818953999999511e-01	-3.814041918000000142e-01	-6.532374518000000352e-01	-1.658612909000000135e-01	1.290579246999999929e+00	-1.571887347000000101e+00	5.979586896999999901e-01	1.175749240000000029e+00	4.971408367999999856e-01	-1.895711852000000031e+00
9.961237921000000439e-02	1.083389473999999963e-01	1.640747723000000047e+00	3.091748136999999952e-01	2.387659852000000027e-01	-3.637528758999999945e-01	-1.925564262999999998e-01	-8.420412051000000231e-01	8.611014176000000298e-01	6.315180137000000471e-01	-1.103795346999999927e+00	-7.640472872000000359e-01	-1.140095831000000004e+00	-7.780225320000000444e-01	-1.381404338000000065e+00	1.905044622999999993e+00	6.125045327999999456e-01	-2.760533276000000091e-01	9.590526026000000259e-01	3.136501443999999972e-01	-1.085573898000000037e+00
2.332121732000000114e-01	-1.201155790999999917e+00	-9.437269085999999696e-01	-7.711863344999999592e-01	2.035627751000000096e-01	6.178119532000000413e-01	-2.336251538000000127e-01	-1.444854909999999937e-01	1.596921588999999919e-02	8.091674573999999565e-01	3.254310051000000037e-01	-2.304100345999999799e+00	5.042475412999999906e-02	-1.513409001000000087e+00	-9.870221436999999653e-01	2.630981733000000045e+00	1.492137802000000013e+00	6.999618388000000690e-02	-4.026776637999999742e-01	-7.797910358999999847e-01	-6.899423158999999917e-01
4.261462516999999783e-01	1.038323220999999991e-01	-5.698769146000000341e-02	1.188523882000000059e-01	-8.223615826000000295e-01	6.930121403000000235e-01	5.494301660999999504e-01	4.413296608999999759e-01	-1.130904794000000102e+00	3.879543659999999949e-01	4.581882186999999829e-01	-2.106231435999999846e+00	5.778900142999999767e-01	5.071265730999999777e-01	-7.017217999999999511e-01	2.836946933000000115e+00	-1.564299515999999945e+00	-3.886971925000000105e-01	-5.526245336999999758e-01	-1.313714853000000016e+00	-1.340086692999999940e+00
8.495391432000000131e-01	-5.888340421000000102e-01	1.059781563999999898e+00	4.456235356000000092e-01	-1.434116568999999952e+00	1.276843224000000054e+00	4.804354384999999783e-01	1.039955114000000069e+00	-1.156051793000000050e+00	4.971281175000000219e-01	-6.005230921999999971e-01	-1.347839368999999898e+00	3.574767064000000105e-01	8.576822348999999512e-01	-1.968138560000000092e-01	1.873898947999999898e+00	2.439904197999999969e-01	-2.358112830000000104e-01	8.013943719999999660e-01	1.810852806000000093e-01	1.656265985000000107e+00
7.469174940999999679e-01	-1.382249628999999924e+00	-1.514874652999999904e+00	-3.195437734000000085e-01	-1.600278625999999926e+00	1.454882041000000070e+00	-9.995755079000000209e-02	1.541865569999999908e+00	-1.340498179999999984e+00	2.697839448000000084e-01	-1.405431719999999940e+00	-6.685515915999999947e-01	5.092366939000000370e-01	-3.934769112000000013e-01	5.987040917999999490e-01	9.513576245000000542e-01	-2.718345604000000151e-02	3.957423429999999964e-01	6.088367715000000402e-01	-1.657840964000000028e+00	2.382055311000000064e-01
9.402444937999999697e-01	3.738523038000000215e-02	-9.237591627000000249e-01	-1.172003573999999965e-01	3.940440605000000152e-01	1.210120287999999933e+00	-7.332461541000000471e-01	1.758335242000000020e+00	-1.256688518999999893e+00	8.057584157999999608e-01	-9.125213798000000320e-01	7.209686783999999515e-02	-6.656282617000000013e-01	5.303726236000000371e-01	1.218722050000000001e+00	1.358052795999999951e+00	-1.150663696000000069e+00	3.067175885999999796e-01	-1.870578894999999908e-01	6.698321230999999543e-01	-7.387685250000000092e-01
1.859675186999999896e+00	1.087445677000000055e+00	-6.735823493999999467e-01	1.352201709999999890e+00	1.537007232999999973e+00	2.864216549999999972e-01	1.169045909999999910e+00	2.449641315999999958e-01	1.152550144000000110e+00	7.372054497000000151e-01	-1.532519468000000051e+00	-1.593663335000000125e-01	-1.539415940000000038e+00	1.134338690000000094e+00	1.910243314999999997e+00	1.240932265000000090e+00	-8.080316914999999822e-01	-1.230272312000000090e+00	1.237246824999999939e+00	1.375443674000000005e+00	1.114384123000000004e+00
1.601923318999999957e+00	8.168597204999999972e-01	1.726513809999999927e+00	4.253304236000000071e-01	-7.246013421000000454e-01	3.949155158000000054e-01	1.998149688999999896e+00	5.417748215999999839e-02	1.658640060000000083e-01	5.163907948999999498e-01	-9.917090834999999771e-01	-6.839134371999999740e-01	6.164164804999999574e-03	-1.665522664999999902e+00	1.693811543000000031e+00	-9.529290701999999780e-02	3.253401874999999888e-01	1.451364142999999884e-01	2.630511813000000032e+00	8.302916914000000315e-01	-8.533686944999999691e-01
7.762134164999999753e-01	2.235337960999999929e+00	-1.284353564999999864e-01	8.475723306000000346e-01	-1.398137909999999984e+00	8.508723091000000016e-01	5.083472811000000480e-01	-1.899468451999999918e-01	-8.006546840999999581e-01	-9.034322416000000189e-01	-1.255541816000000033e+00	-1.413104710999999902e+00	-1.195344997999999936e+00	-5.367548519000000518e-01	3.821492456000000204e-01	-2.049061215999999908e-01	2.269918259999999854e+00	1.977861515999999931e+00	9.916831244000000323e-02	-5.988296345000000409e-01	3.916744795000000057e-01
9.786430907000000234e-02	1.823050787999999978e+00	2.957005037000000058e-01	-1.359535483000000045e-01	-5.882367802000000312e-01	1.338846564000000017e+00	-8.057264268999999590e-01	-6.648351606000000302e-01	-7.329935367000000035e-01	-3.242112462000000250e-01	-1.008839478000000067e+00	-1.703883497000000080e+00	-6.969697795999999501e-01	-1.152798929000000028e+00	3.597838684999999925e-01	-5.124601391999999978e-01	1.279064325000000071e-02	-1.296995923000000106e+00	7.961280836999999888e-01	-9.939709975999999614e-01	1.494341093999999925e+00
7.574925436000000400e-02	-1.457356134999999941e+00	5.602164004000000086e-02	3.003801044000000142e-01	-1.006110843999999949e+00	6.353494329000000107e-01	-1.330378609999999906e+00	-1.238820151000000029e-02	-1.958877071000000081e+00	4.977291480000000101e-01	-8.277039968999999608e-01	-2.761238481000000133e-01	3.400292431999999976e-01	-4.555406822999999994e-01	2.565588710999999744e-01	-4.528568229000000112e-01	1.409697691999999947e+00	8.890589168000000153e-02	1.157313637999999978e+00	-1.431553450000000005e+00	-2.184114195000000092e-01
-2.559322308999999879e-02	-8.208902946999999672e-01	-1.089585881999999950e+00	7.754028968999999716e-01	-7.478010225000000233e-01	1.558898290999999992e+00	-9.337772120999999759e-01	4.410964790999999940e-01	-1.198026226000000083e+00	7.767195974999999697e-01	-2.331968918000000002e-01	1.479450676999999881e-01	-1.279183385999999922e+00	4.836305667999999947e-01	-6.185989631999999627e-01	-7.979550307999999648e-01	-2.736294700999999829e+00	-3.170566714999999980e-01	-3.349159700000000073e-01	-3.301992814999999970e-01	1.051958399999999960e+00
8.971421102000000092e-01	-3.827653758999999822e-01	4.615893367000000191e-01	-9.692313070999999947e-02	6.051807020999999676e-01	1.203270910999999943e+00	-1.343705607000000024e-01	6.845276990999999978e-01	-9.393906676000000067e-01	1.271775249999999913e+00	1.589496677999999941e+00	7.761002073999999640e-01	-6.334204935999999675e-01	-2.235436798999999863e-01	-7.997457646000000198e-01	-1.101713023000000069e+00	-6.260478042999999548e-01	-8.744300261000000074e-02	1.579186871999999964e+00	6.206384579999999485e-01	8.815408663999999561e-01
1.243239191000000021e+00	-2.096493563999999865e-01	-6.819887292999999850e-01	1.146423446000000013e-01	-8.061785612999999850e-01	5.526730054999999808e-01	1.038997294000000071e+00	9.504860071999999827e-01	-4.359020660999999852e-01	6.634345747000000015e-01	9.109524709999999859e-01	-1.231098401000000064e-01	-1.616748382000000039e-01	2.005671277999999946e-01	-1.772963002000000010e+00	-8.068094619000000245e-01	1.235981452000000091e+00	1.320807711000000051e+00	3.174180891999999754e-01	1.422442769999999967e+00	1.014433018000000075e+00
1.217067276000000087e+00	2.201893474000000128e-01	-4.469183549999999894e-01	-3.363134936000000130e-01	-1.742147561999999983e+00	5.020680494999999466e-01	1.185931037000000021e+00	1.422241249000000041e+00	-1.155772964999999958e-01	3.552408114999999755e-01	8.857199430000000095e-01	-1.089246402999999974e+00	-1.780067120999999919e-01	-1.211408268999999982e-01	-2.992098268999999755e-01	-5.774848558999999826e-01	1.378541863999999950e-01	-1.158848542999999953e+00	-4.401854587999999846e-01	9.306163770000000501e-02	-5.285683109000000046e-01
6.997996604999999759e-01	9.904183250000000299e-03	1.633330007000000084e+00	-5.245805335000000014e-01	-5.303092379999999606e-01	4.299726661000000116e-01	-1.959044249000000126e-01	4.674369482999999881e-01	-1.527495338000000036e+00	9.872013429999999534e-01	9.157491771000000336e-01	-3.913682450000000035e-02	-1.114687503999999968e-01	-5.504685593000000488e-01	-8.981259239000000116e-02	-5.526869657999999852e-01	2.019765186999999962e-01	6.329712805999999636e-01	5.653480989000000401e-01	1.567618445999999999e+00	1.730310185000000001e+00
-5.852298833000000311e-01	-9.029395054000000087e-01	-1.631559197999999933e+00	2.999114366999999781e-01	7.372641007000000357e-01	5.142131012999999751e-01	-2.025389995000000110e-01	-2.532819906000000065e-01	-1.089347885000000016e+00	1.777551901000000045e+00	-3.557566294999999768e-01	2.232972511999999909e-01	-1.144102589999999919e+00	7.962404965999999584e-01	2.853050447000000100e-01	-7.162412696000000079e-01	3.378276798000000025e-01	1.634265271000000075e+00	-3.875591877999999824e-01	9.768738831000000067e-01	4.924882523999999859e-03
-6.785076230000000042e-01	1.165905992000000058e-01	4.129279396000000157e-01	-3.304137591999999901e-01	2.111527188999999805e+00	3.333241777000000017e-01	7.335233532999999584e-01	2.153223697999999964e-01	5.563741130999999562e-01	1.462187157000000015e+00	4.459805003999999795e-01	-2.498575597000000093e-01	-1.548236163000000110e+00	9.000193644999999742e-01	1.077036891000000107e+00	-6.634923603000000281e-01	-2.384609665999999795e+00	4.139759599000000234e-01	3.591065609999999908e-01	-5.379007906000000255e-02	-3.966179948999999927e-01
2.014020823999999876e-01	6.702715539999999639e-02	6.903774647999999514e-01	-5.284620522999999848e-01	1.826611733000000015e+00	-3.066374518000000160e-01	1.238756763999999899e+00	4.079552793999999816e-01	9.142066739999999969e-01	6.278638062000000408e-01	1.007984766000000088e+00	3.667678776000000140e-01	-8.405475878000000511e-01	3.298124930999999926e-01	3.400798207999999878e-01	-7.132288566000000163e-01	-6.661607575000000336e-01	9.234908579999999700e-01	1.731353555999999960e+00	-6.603264079999999758e-01	-1.508618618000000078e+00
-3.212751799999999935e-01	3.643357643999999840e-01	1.851580929000000042e+00	-4.533365973999999854e-01	-4.942369242999999912e-01	6.707814984000000091e-01	1.563379971999999896e+00	-6.080153851999999803e-01	1.267824749000000084e+00	-7.414552649000000217e-01	-2.746403633000000233e-01	2.838592321000000251e-01	-8.953197162999999570e-01	1.189720072999999934e+00	-9.151308947999999832e-01	-7.929889718000000531e-01	-3.122977819000000155e-01	2.369189239999999863e+00	1.276490708999999946e+00	-1.370267740999999928e+00	-3.839907443000000198e-01
-2.322256572000000116e-02	5.903404889000000155e-01	1.022198672000000030e+00	-1.454015188999999930e+00	-1.779942754999999988e+00	9.534069989000000245e-01	-3.027705128000000023e-01	4.129241562000000032e-01	9.619996832999999636e-02	-4.934446344999999789e-01	-1.410791547000000090e+00	9.713874195999999683e-01	8.823603013999999911e-01	1.952849655999999918e-04	5.914670754999999946e-01	-6.114260097999999477e-01	-1.332420984000000086e+00	-5.667434301999999535e-01	7.144606903000000342e-01	-2.727541385000000207e-01	9.214908174000000507e-01
-1.307568913000000110e-01	-1.869152721000000072e+00	-9.763607613999999990e-02	-1.241249516999999969e+00	-4.584790481000000084e-01	7.067225652999999941e-01	-1.535066932999999967e+00	1.629686270000000103e+00	-1.583185430999999976e+00	4.977494064999999912e-01	-8.371431021999999889e-01	9.829018997999999785e-01	-7.925289841999999529e-01	6.088423800000000163e-01	1.579775801999999896e+00	-7.555911262000000184e-01	1.478856820999999933e+00	3.122574437999999786e-01	-6.677835265999999825e-02	1.289097101000000078e+00	2.596948761999999800e-01
3.968570162999999762e-01	9.915245211999999808e-02	-1.609943632000000013e+00	-9.367908388000000253e-01	1.512538932000000003e+00	9.503164218999999857e-01	6.666340799000000095e-01	1.011475246999999911e+00	3.012040431999999934e-01	4.074602601999999796e-01	1.561590210999999895e-01	9.089395117999999885e-01	-2.391503707000000034e+00	1.850781733999999901e+00	1.741486096000000039e+00	-4.103746832999999872e-01	-4.221424550999999803e-01	-1.963181187999999966e-01	-1.478445857999999946e+00	-1.123680636000000010e+00	-3.811890306999999867e-01
8.140870671000000058e-01	2.246475413000000199e+00	9.186402357999999824e-01	-1.632968344000000016e+00	1.658399798000000092e-01	-1.690436338999999899e-01	2.160073838000000190e+00	6.139664392000000470e-01	1.312410615999999974e+00	1.943589340000000110e-01	1.082848884999999955e-01	1.307369884000000093e+00	-5.715453904999999724e-01	1.056512802000000084e+00	4.885640936999999795e-01	-4.842136650000000153e-01	1.655656358999999966e+00	3.525597690999999756e-01	1.423632677999999929e+00	7.217395917000000161e-01	-1.006883041999999895e+00
1.732869911000000096e-01	4.708715417000000070e-01	3.253017105000000075e-01	-1.537780664000000019e+00	-7.869182980000000160e-01	-5.641837012000000540e-01	9.643080268999999483e-01	-1.507042602999999925e+00	8.090559900999999554e-01	7.907373045000000156e-01	-1.805955704999999911e+00	1.018553452999999998e+00	-1.408856706999999986e+00	1.139834291999999971e+00	-1.156706628000000014e+00	-1.009587084000000079e+00	2.059178718000000075e+00	1.340387581999999966e+00	2.821556848999999881e-02	1.450066730000000081e+00	1.699686173999999994e+00
-7.026728298999999900e-02	1.007580192000000041e+00	1.217135413999999999e-01	-1.929376128999999995e+00	1.893880052999999952e-01	-1.201810687000000044e+00	6.662508543999999810e-01	-1.301120532999999968e+00	-4.064814747000000117e-01	1.342264150000000100e+00	-1.157785768000000104e+00	5.624583741999999997e-01	-1.385601988999999978e+00	7.088314248999999512e-01	-4.430255810000000016e-01	-9.264712332000000217e-01	-1.153669591999999966e+00	-2.825606790999999895e-01	-1.344343805999999863e-01	5.580077257000000124e-01	-1.380161186999999900e+00
3.878083513000000204e-01	2.438886100999999862e-02	2.168870040999999915e+00	-1.793915892000000012e+00	-7.607176058999999546e-02	-1.708063805000000102e+00	2.513218469999999871e-01	-1.196912661000000044e+00	-1.212173611000000095e+00	3.987831095000000103e-01	-1.065031977999999935e+00	1.130261594000000036e+00	-7.739322132999999493e-01	9.448095864000000121e-01	-5.362002383999999733e-01	-3.105356435000000137e-01	8.938192968000000516e-01	-8.537761834000000549e-01	9.223926269000000122e-01	-1.312310461999999900e+00	-7.710813729000000061e-01
9.594769424000000324e-01	-1.352336266000000009e+00	-8.618238306000000071e-01	-2.399345595999999858e+00	-8.295563917999999592e-01	-9.823241118000000105e-01	5.490139295999999502e-01	-1.054660397999999999e+00	-1.262600001000000027e+00	1.039677579999999990e+00	-2.167655058000000079e-01	1.129104710000000011e+00	-1.144419945999999966e+00	9.179260535000000054e-02	5.455102460999999847e-01	-9.321643711999999526e-01	2.380850318999999937e-01	-7.253466632999999719e-01	-4.820203140000000053e-01	-5.357853523000000173e-01	4.754595697999999815e-01
1.874018790000000045e+00	6.323883878999999597e-01	-5.180674167000000052e-01	-1.782903005000000096e+00	-4.765373793000000080e-01	-1.795435219000000027e+00	4.306210188999999855e-01	-3.031664527999999859e-01	-1.749535459000000071e+00	5.597716917999999708e-01	-4.812292082999999887e-01	-1.004137024999999905e+00	-8.780720140000000118e-01	7.288115946000000012e-01	-1.926041477999999918e+00	-1.504806258999999979e+00	-1.708067128000000101e-01	1.108417138999999940e+00	-7.928248029000000141e-01	-8.988231127000000376e-01	-5.258142528999999454e-01
1.350515096000000081e+00	4.464407876999999802e-02	-1.277756160999999890e+00	-2.121854976999999920e+00	-6.926901420000000642e-02	-1.327471920000000027e+00	4.940632228999999875e-01	6.944529139999999767e-01	-1.439952877000000075e+00	1.203028854000000036e-01	-6.262707589999999547e-01	-3.081538332000000047e+00	-1.424547022000000052e+00	-3.496066278000000138e-01	-1.783339076000000079e+00	-1.464698974000000042e+00	-1.792381259999999976e+00	-1.839069129999999941e+00	-6.509099798999999908e-01	-5.362061323000000268e-01	-4.016459122000000104e-01
-4.727026908999999999e-01	3.736649792999999775e-01	8.864023423000000346e-01	-1.508129166000000021e+00	1.774977953999999913e+00	-1.334110684999999963e+00	2.956452777999999948e-01	3.784517463000000026e-01	-3.008393546999999835e+00	-1.243840376000000081e+00	-1.145535254999999975e+00	-6.961962045999999793e-01	-1.125337260000000006e+00	7.596488593000000344e-02	-5.479322589999999771e-01	-6.755658494999999819e-01	-1.363885291000000111e+00	-1.255431262999999964e+00	1.561380395999999893e+00	1.038303755999999911e+00	-9.651633010000000290e-01
-2.172519385000000192e+00	-1.611421482999999988e+00	-9.069043669000000085e-02	-3.827563044999999775e-01	8.167181720999999728e-01	-1.311900190000000022e+00	1.476699661000000052e+00	-1.621793296999999967e+00	-1.885299901000000000e+00	-1.935070794999999899e+00	3.210222927999999976e-01	1.129365661000000021e+00	-2.841269764999999836e+00	1.886833454000000021e+00	-2.288790574000000022e-01	-9.505909975999999872e-01	4.679028882999999861e-01	-2.391799268999999839e+00	2.088060172000000048e+00	9.280869479000000144e-01	-1.894885852000000037e+00
-1.504246060000000051e+00	9.758210318999999827e-03	6.556600393999999499e-01	-1.804235304000000095e+00	-1.139459099999999975e-01	-1.851413466999999979e+00	5.147930428000000447e-01	-8.024685235999999833e-01	9.001799620999999529e-01	-1.624539265999999982e+00	-8.725720959999999637e-02	1.121091255999999925e+00	3.316331502000000042e-01	1.208695775000000028e+00	1.474207849999999986e+00	-5.985530189000000112e-01	-1.096521445000000067e-01	-3.743645132999999792e-01	1.270165836999999964e+00	1.746678404999999934e+00	1.103906328999999964e+00
-1.819742280000000045e+00	-3.563398816000000191e-01	1.436685047000000048e-01	-1.973906943000000025e+00	8.558268637999999484e-01	-1.330071320000000057e+00	-5.163874306000000303e-01	-1.168370247000000001e-01	6.576398785000000524e-01	-2.410109797000000054e+00	-2.041410921000000211e+00	5.158748455999999649e-01	9.515856712000000384e-01	1.471912770000000092e+00	2.876399903999999896e-01	-3.154141810000000157e-01	9.114202811999999598e-01	5.997810638999999666e-01	-8.077960881000000315e-01	1.631453461000000049e-01	2.324093691000000128e-01
-2.232477789999999906e+00	-2.049258575000000027e-01	-2.775239002000000066e-01	-1.780922404000000014e+00	8.082846347000000042e-01	-1.219150232999999944e-02	-1.074167949999999955e-01	-1.146323481999999894e+00	4.032341409999999904e-01	-2.725767304000000113e+00	-1.101314520000000075e+00	5.317176549000000030e-01	-9.610803135000000053e-01	1.062537496000000026e+00	-4.253781408000000264e-01	-8.350693867999999798e-01	-3.187992875999999809e-01	5.521965505000000496e-01	-7.396357906999999621e-01	-1.267530376999999930e+00	-2.396717926999999970e-01
