global_signal	global_signal_derivative1	global_signal_power2	global_signal_derivative1_power2	csf	csf_derivative1	csf_power2	csf_derivative1_power2	white_matter	white_matter_derivative1	white_matter_derivative1_power2	white_matter_power2	csf_wm	tcompcor	std_dvars	dvars	framewise_displacement	rmsd	t_comp_cor_00	t_comp_cor_01	c_comp_cor_00	c_comp_cor_01	c_comp_cor_02	c_comp_cor_03	c_comp_cor_04	w_comp_cor_00	w_comp_cor_01	w_comp_cor_02	w_comp_cor_03	w_comp_cor_04	w_comp_cor_05	w_comp_cor_06	w_comp_cor_07	w_comp_cor_08	w_comp_cor_09	w_comp_cor_10	w_comp_cor_11	w_comp_cor_12	w_comp_cor_13	w_comp_cor_14	w_comp_cor_15	a_comp_cor_00	a_comp_cor_01	a_comp_cor_02	a_comp_cor_03	a_comp_cor_04	a_comp_cor_05	a_comp_cor_06	a_comp_cor_07	a_comp_cor_08	a_comp_cor_09	a_comp_cor_10	a_comp_cor_11	a_comp_cor_12	edge_comp_00	edge_comp_01	edge_comp_02	edge_comp_03	edge_comp_04	edge_comp_05	edge_comp_06	edge_comp_07	edge_comp_08	edge_comp_09	edge_comp_10	edge_comp_11	edge_comp_12	edge_comp_13	edge_comp_14	edge_comp_15	edge_comp_16	edge_comp_17	edge_comp_18	edge_comp_19	edge_comp_20	edge_comp_21	edge_comp_22	edge_comp_23	trans_x	trans_x_derivative1	trans_x_power2	trans_x_derivative1_power2	trans_y	trans_y_derivative1	trans_y_power2	trans_y_derivative1_power2	trans_z	trans_z_derivative1	trans_z_derivative1_power2	trans_z_power2	rot_x	rot_x_derivative1	rot_x_derivative1_power2	rot_x_power2	rot_y	rot_y_derivative1	rot_y_derivative1_power2	rot_y_power2	rot_z	rot_z_derivative1	rot_z_derivative1_power2	rot_z_power2	motion_outlier00	motion_outlier01	motion_outlier02	aroma_motion_02	aroma_motion_03	aroma_motion_05	aroma_motion_07	aroma_motion_10	aroma_motion_11	aroma_motion_12	aroma_motion_17
60991.5415923575	n/a	3719968145.8122745	n/a	97934.79754157964	n/a	9591224569.510193	n/a	61271.14986228813	n/a	n/a	3754153805.446971	67492.95204405229	24957.038584154707	n/a	n/a	n/a	n/a	-0.1810330866	-0.0616549613	0.1183871984	-0.2184838798	0.2480774803	-0.0640873443	0.1791308701	-0.0592355637	-0.2500666734	0.0130806843	-0.1281702729	0.2248535801	0.1576729085	-0.0076784533	0.2427568509	-0.2499398107	0.114290916	-0.281224144	0.005313653	-0.0080444113	-0.1045895682	0.2091594505	-0.0037725523	-0.0614836547	0.3033124997	-0.067877832	0.0400374313	-0.1304033423	0.2164384098	-0.0861434725	0.2857704882	-0.0611810324	0.0073646012	-0.2944216124	0.1626591084	-0.3308496884	-0.0856823803	-0.0930679977	0.1508290632	-0.1181494363	0.0923390653	-0.0586547349	0.288895726	-0.2655386084	-0.3257929187	0.0770512294	-0.1896188285	0.0129504093	-0.1629239315	0.0229214912	-0.2365747375	0.1184979856	-0.2372678228	0.0144729297	0.1566614602	-0.1815982617	0.0568113746	0.0862862555	-0.1362325602	-0.1615478716	-0.0302468	n/a	0.00091486891024	n/a	0.0676032	n/a	0.00457019265024	n/a	0.0368867	n/a	n/a	0.00136062863689	0.00288553	n/a	n/a	8.326283380899998e-06	-0.000498418	n/a	n/a	2.4842050272400005e-07	0.000401303	n/a	n/a	1.6104409780899998e-07	0.0	0.0	0.0	-0.6205345911	2.113586163	-0.7152288529	-1.793364185	0.5508552551	-1.68598487	-1.85428312	0.9255285899
60646.75668552128	-344.7849068362193	3678029096.47282	118876.63198206044	95218.16402520884	-2716.633516370799	9066498760.331575	7380097.662269172	61281.97331567797	10.823453389835777	117.14714328194756	3755480253.463466	67159.79115279234	20951.956696739493	1.472293	37.038635	0.1226584549999999	0.0686063	-0.2104056922	-0.0674217687	0.2907282875	-0.1771843519	0.1022170573	0.1989282068	-0.0471818877	-0.0747897493	-0.264290206	0.0223573989	-0.0914351758	0.3064632925	-0.0284860653	0.0820991473	0.2506993008	0.0458229037	-0.0999330228	0.122626627	-0.0808980501	0.0611635573	-0.0303109128	0.0118273897	0.0349793703	-0.0623443327	0.2891752351	-0.181121136	0.1332630177	-0.1274113745	0.2169853203	0.0206075037	-0.135792022	0.0050937762	0.1881804838	-0.1449231871	0.1975186798	0.1426707438	-0.1023872564	-0.1062635791	0.2461702229	-0.1456614807	0.1720888341	0.0142250301	0.194821083	-0.0804248101	-0.279224023	0.1009980756	-0.0346888558	0.0578433199	-0.0938840489	0.004852285	-0.1981062344	0.1471358208	0.0413420195	-0.0149278324	0.003198143	0.138802868	0.077763562	-0.1229420676	-0.1373942395	-0.018922094	-0.0359661	-0.0057193	0.00129356034921	3.2710392490000004e-05	0.033139	-0.0344642	0.001098193321	0.00118778108164	0.0868303	0.0499436	0.00249436318096	0.00753950099809	0.00275158	-0.0001339499999999	1.7942602499999965e-08	7.5711924964e-06	1.15701e-05	0.0005099881	2.6008786214161e-07	1.3386721401e-10	0.000394614	-6.68899999999999e-06	4.474272099999986e-11	1.55720208996e-07	0.0	0.0	0.0	-1.218430088	-0.2987124366	-1.175084065	-2.019734336	0.2369476955	-1.474267675	-1.998399251	0.9047104289
60561.29463219056	-85.46205333071703	3667670407.526993	7303.762559502321	95676.29208774611	458.1280625372747	9153952867.65971	209881.32168415704	61212.00970603814	-69.9636096398317	4894.906673834752	3746910132.252107	67150.4338956907	20022.376436928447	0.990793	24.925491	0.1333702349999999	0.0646078	-0.2147136373	-0.0633685458	0.2896856325	-0.1308407101	0.0918700101	0.1895894299	0.0104216548	-0.042327004	-0.2180563668	0.0284758158	-0.166027291	0.3233919105	0.1319732346	0.0593247125	0.0777949193	-0.0433274777	0.055631616	0.145284405	-0.1225472728	0.0850938764	0.1060072772	-0.1184342842	-0.0689190846	-0.0334176921	0.2455132454	-0.2237195382	0.1532333705	-0.1325911586	0.2143724135	-0.0492361336	-0.0111410114	0.0544703303	0.0404636636	0.0119872491	0.1277569735	0.0583554215	-0.1096407238	-0.1290537342	0.2803356224	-0.1632462023	0.1695212679	0.0884743778	0.1479020156	0.0056640524	-0.0364024379	0.1330685312	0.0792424668	0.0837502519	0.0578530905	-0.0210558065	-0.0018877408	0.0477859996	0.1255290538	-0.1727589422	0.0065496337	0.2415944365	-0.0626485866	-0.0783146556	0.1008435185	0.1087588892	-0.0420918	-0.0061256999999999	0.00177171962724	3.752420048999997e-05	-0.0079825999999999	-0.0411215999999999	6.372190275999841e-05	0.0016909859865599	0.133611	0.0467807	0.00218843389249	0.017851899321	0.00342881	0.00067723	4.5864047290000004e-07	1.17567380161e-05	3.07498e-05	1.91797e-05	3.678608920900001e-10	9.4555020004e-10	0.000304179	-9.043499999999998e-05	8.178489224999996e-09	9.252486404100001e-08	0.0	0.0	0.0	-1.767866131	-0.6542997333	-1.25545802	-2.19360521	-0.02653863868	-2.091364353	-2.41263947	0.8734748814
60697.16012243732	135.8654902467606	3684145246.9287953	18459.4314399926	95548.61787738664	-127.67421035947336	9129538378.27885	16300.703990915055	61082.35091896186	-129.65878707627417	16811.401066090602	3731053593.7872014	66967.13448180073	19809.220230930536	0.871843	21.933054	0.11277964	0.0639133	-0.2192572449	-0.0512900085	0.3510883571	-0.023459056	-0.0302534872	0.0955593169	0.062824084	0.0699597381	-0.0810213112	-0.0860587576	-0.4071288668	-0.0297996133	0.30465823	0.0413827533	-0.0152786342	0.0265223281	-0.0957956216	0.0272046747	-0.052238291	0.1327742874	-0.1507493725	-0.0650890837	-0.032605758	0.04709135	0.1177744279	-0.3460563373	0.1100051954	0.0627602304	0.0638546179	-0.288818958	-0.0748563017	0.1396148111	-0.1504098722	0.050356382	-0.1315934036	0.021613321	-0.1310301933	-0.1488560409	0.2628264773	-0.1413524554	0.0557403661	0.0967097345	0.0403603143	0.0212198509	0.0884437171	0.1123408838	0.1636222526	0.0570764216	0.1612419097	-0.1750772065	-0.0034595246	-0.1633498531	0.1654987855	-0.0121803525	-0.2087741699	0.1937635023	-0.0497423051	0.1192034891	0.1507887798	-0.0302188436	-0.0506502	-0.0085584	0.00256544276004	7.324621056000001e-05	0.0540846	0.0620671999999999	0.0029251439571599	0.0038523373158399	0.129822	-0.003789	1.435652100000011e-05	0.016853751684	0.00295661	-0.0004721999999999	2.229728399999999e-07	8.7415426921e-06	-0.000179872	-0.0002106218	4.436154263524e-08	3.2353936384000004e-08	0.0002197	-8.447900000000002e-05	7.136701441000002e-09	4.826809e-08	0.0	0.0	0.0	-1.960854994	-1.175669024	-1.014812406	-2.157648426	-0.1819293782	-0.9922728989	-1.992828448	0.760968709
61179.710190342106	482.5500679047837	3742956938.97425	232854.5680349113	96528.72940129029	980.1115239036444	9317795599.827524	960618.599288724	60949.41900688559	-132.93191207627387	17670.893248254208	3714831677.2769065	66827.3699981366	21988.325447023377	1.208458	30.401316	0.1366804849999999	0.0705996	-0.2063907067	-0.0552417235	0.2800885153	0.0340630866	-0.0404065322	-0.0470631798	0.1798827483	0.087819209	0.1015363642	-0.0328361588	-0.2438218473	0.1827313181	-0.0447719663	0.0656292824	0.0392019051	-0.0873903204	0.0226385056	0.2187955609	0.028117737	-0.2182640141	0.2573451363	0.0157934457	0.1521266395	0.075837279	-0.039378324	-0.2749074633	0.1165988656	-0.0842825958	0.1193435072	-0.0429179214	0.0933804678	0.1410686379	0.1395682973	0.0729896531	-0.279490317	-0.1941953385	-0.1086351515	-0.1036871839	0.2335604869	-0.1264158442	0.021630032	0.0700544143	0.0839639537	0.1132692784	0.1505318047	0.0512482278	0.1019619979	0.0322722905	0.0648756584	-0.1712857022	0.1529987212	-0.1044757815	0.0070801143	0.0999445045	-0.0073592668	-0.1293931983	-0.1250452507	-0.0943078022	0.0743162558	-0.0502079996	-0.0382514	0.0123988	0.00146316960196	0.00015373024144	-0.00497143	-0.0590560299999999	2.47151162449e-05	0.0034876146793608	0.0985632	-0.0312587999999999	0.0009771125774399	0.00971470439424	0.00342881	0.0004721999999999	2.229728399999999e-07	1.17567380161e-05	-6.45759e-05	0.0001152961	1.329319067521e-08	4.170046860810001e-09	0.000311541	9.184099999999998e-05	8.434769280999996e-09	9.705779468100001e-08	0.0	0.0	0.0	-1.689488661	-1.354838145	-0.5179077969	-1.720513558	-0.1148633065	-0.7072809051	-1.470127104	0.1588124252
61343.91597389514	164.20578355303587	3763076027.012308	26963.539352266467	96043.21181384248	-485.5175874478009	9224298535.518612	235727.327721133	60843.11225370763	-106.30675317795976	11301.125771239658	3701884308.717268	66545.02624554854	22669.766862972763	0.843947	21.23127	0.04788605	0.0241063	-0.198423155	-0.022262593	0.1758810778	0.0899369812	-0.0421672788	0.1110630333	-0.0324165336	0.1196197869	0.1584080193	0.0363717823	-0.3246451172	0.1342853618	0.0923710557	-0.0957126794	-0.0218794038	0.1993520922	0.0222901686	-0.0016007406	0.1213597138	-0.0353873306	-0.1141505438	0.010889284	0.120745134	0.1059417702	-0.0938043016	-0.2095524665	0.114994847	-0.1126778712	-0.1290642176	-0.1711233422	0.169993272	0.0126290327	-0.0719743809	-0.0667859072	-0.0232303657	0.0054895965	-0.1181126121	-0.0936447313	0.1735536637	-0.0899239423	-0.0153392613	0.0330880652	0.0761700268	0.034262605	0.2305678008	0.0495579404	-0.0437806057	-0.051028266	0.0639120581	-0.0514483598	0.2424948923	0.0012009492	-0.088004777	0.0685184476	0.0067438606	-0.2351047086	-0.1263658167	-0.04826261	-0.1330864385	-0.0446661968	-0.0342569	0.0039944999999999	0.00117353519761	1.5956030249999985e-05	-0.00648164	-0.00151021	4.20116570896e-05	2.2807342441000017e-06	0.0860645	-0.0124987	0.00015621750169	0.00740709816025	0.00302756	-0.00040125	1.610015625000001e-07	9.1661195536e-06	2.75169e-05	9.20928e-05	8.48108381184e-09	7.5717978561e-10	0.000207231	-0.0001043099999999	1.0880576099999996e-08	4.2944687361e-08	0.0	0.0	0.0	-1.250305937	-0.8073406241	-0.4824315095	-1.322422029	0.3382143959	-0.7687824034	-1.077438105	0.2108857236
61469.29893556477	125.3829616696312	3778474711.6298246	15720.887077048204	96396.99102681236	353.77921296987915	9292379879.023344	125159.73152958712	60845.19719014831	2.0849364406822133	4.346959961684616	3702138021.108032	66561.2573276695	23457.77924624894	0.8655429999999998	21.774555	0.1043089399999999	0.0606885	-0.1936515436	-0.0126219057	0.1191610527	0.0858875415	0.0137939166	0.076008572	-0.0351110839	0.1365042497	0.204001117	0.0123076664	-0.0960450081	0.2618446881	-0.1461428586	-0.0718575116	0.0608725048	-0.3001573575	0.1311697397	0.0819422931	-0.1288556282	-0.1509239796	-0.133270258	0.0631058912	0.0042717935	0.1316021927	-0.1264920855	-0.1495938654	0.0436474779	-0.1620351667	-0.0742165306	0.1195731355	0.2863847957	-0.1592170577	0.151701087	-0.0963964319	0.1034448209	0.0578102429	-0.1209146019	-0.0953375318	0.1378676703	-0.0721490172	-0.0583709198	-0.0558650397	-0.0116464767	0.033557031	0.1674920709	0.0054992442	-0.1439913615	-0.1918072879	-0.0469045906	-0.0968412287	0.1015048612	0.0390747006	0.0077229821	0.0132715414	-0.1203629452	-0.2888540509	0.0555117318	0.0654911596	0.0069144681	-0.0006129792	-0.0341908	6.609999999999949e-05	0.00116901080464	4.369209999999933e-09	0.0522385	0.05872014	0.00272886088225	0.0034480548416196	0.0717868	-0.0142777	0.00020385271729	0.00515334465424	0.00253926	-0.0004882999999999	2.384368899999997e-07	6.447841347600001e-06	6.91159e-05	4.1599e-05	1.730476801e-09	4.77700763281e-09	0.00011223	-9.5001e-05	9.025190001e-09	1.25955729e-08	0.0	0.0	0.0	-1.063668921	-0.2382025556	-0.6080398636	-1.012806545	0.6962210579	-0.7572884651	-0.6367610381	-0.2141163347
61581.07834340394	111.7794078391671	3792229209.936454	12494.636016874852	96204.90864129624	-192.08238551612885	9255384446.680157	36895.64282556675	61086.43099576271	241.2338056143999	58193.74897120608	3731552051.8000793	66732.08116597422	24441.05046945025	0.948081	23.850969	0.04485818	0.0267794	-0.1859536575	-0.0197326856	0.1598756191	0.0781473878	0.0093085256	0.0401677711	-0.057304341	0.1392337152	0.0326263118	-0.0918632174	-0.0206161229	0.0161796155	0.0642218679	0.1571095266	-0.1201939853	0.0386097132	0.3590336751	-0.0395300793	-0.052848845	-0.0159480513	-0.3013841983	0.0210090975	0.0057207892	0.1437364635	-0.0367311555	-0.1106646547	-0.0576081966	0.019833204	0.0338121662	-0.0093834059	0.1074177274	-0.170185748	-0.2619326837	0.1264305059	0.1578198662	0.040429821	-0.1166973367	-0.0814075372	0.1133155568	-0.0472093226	-0.1078234127	-0.0769029231	-0.0165532862	0.0268023713	0.1331589154	-0.0748640024	-0.1548587036	-0.152271396	-0.1864198394	-0.0544605596	0.0439504762	0.0241418897	0.0083859098	0.0248957672	-0.114192025	-0.1651930412	0.0650790268	0.1552461114	0.0801550389	0.1454472342	-0.0164975	0.0176933	0.0002721675062499	0.00031305286489	0.0522528	1.4300000000001811e-05	0.00273035510784	2.0449000000005179e-10	0.0525888	-0.019198	0.0003685632039999	0.00276558188544	0.0024768	-6.246000000000029e-05	3.901251600000037e-09	6.134538239999999e-06	4.52003e-05	-2.39156e-05	5.7195592336e-10	2.04306712009e-09	0.000184906	7.267600000000001e-05	5.281800976000001e-09	3.4190228836e-08	0.0	0.0	0.0	-0.8297632317	-0.1869145493	-0.6758029285	-1.145110777	0.4245445155	-0.44957904	-0.5686263112	-0.2677932084
61723.9737225242	142.89537912025844	3809848932.098858	20419.08937392239	96741.84485475087	536.9362134546391	9358984545.900688	288300.4973190057	61200.93	114.49900423728832	13110.021971330569	3745553832.8649	66852.18945485038	24658.21226276723	0.7886929999999999	19.841246	0.0853458299999999	0.057349	-0.1828431343	-0.0040835625	0.1442071783	0.1225434439	-0.0277371527	-0.0683120517	0.1103549529	0.1397142781	-0.0574196917	-0.1452334406	0.0244198131	-0.0016612265	-0.0648044031	0.1045051781	-0.3091714212	-0.0409744365	0.18553504	-0.1894235482	0.1304426546	-0.0984896305	0.0083533775	0.0542032302	-0.1227497627	0.1405843649	0.0022468188	-0.0874770639	-0.0923555816	0.1130699502	0.1192175755	0.118833605	0.0994865923	-0.154606976	-0.1124250218	0.2071605763	-0.0577394589	0.0018858228	-0.1191573005	-0.0618282547	0.0828966226	-0.0351171689	-0.1458246948	-0.0903056164	-0.034676009	0.0810845739	0.1516579354	-0.2240033248	-0.0746553692	-0.0538104868	-0.1232751684	0.0169032067	0.1188002825	0.1995322642	-0.0494745189	-0.014430981	0.0487498535	0.0111663062	-0.0919804682	-0.0090007498	0.0845127324	0.0803159675	-0.0322165	-0.015719	0.00103790287225	0.000247086961	0.000146815	-0.052105985	2.1554644225e-08	0.0027150336728202	0.0525981	9.30000000000375e-06	8.649000000006973e-11	0.00276656012361	0.00231528	-0.00016152	2.6088710400000023e-08	5.360521478399999e-06	0.000120256	7.50557e-05	5.63335810249e-09	1.4461505536e-08	7.12508e-05	-0.0001136552	1.2917504487040002e-08	5.0766765006399996e-09	0.0	0.0	0.0	-0.5501996479	-0.697548944	-1.284360245	-0.9702776808	-0.1860161923	-0.360957182	-0.5929938306	-0.04798731968
61811.99904381557	88.02532129137398	3820723225.7926574	7748.457188449618	96707.05781529684	-34.78703945403686	9352255031.291164	1210.138113976717	61251.68214512712	50.75214512711682	2575.7802350039274	3751768565.607684	66873.83732297648	24384.04544717952	0.926659	23.312071	0.1377444599999999	0.0885287	-0.1847012106	0.0277596742	0.0807932793	0.1393231563	0.0252076221	-0.100851506	-0.080591634	0.1214236946	-0.1067773097	-0.1709565023	0.1141199124	0.0527789384	-0.0752177838	0.1727864196	0.0579805041	-0.1198547816	0.1919176349	-0.031785815	0.1317135695	-0.1998179932	0.0557872938	-0.0079711899	-0.091310945	0.1418699091	0.0525863296	-0.0296681511	-0.1148130111	0.111000362	0.2051109977	0.1199238849	0.074769498	-0.1271585515	0.0486483162	0.0475694799	0.1583458119	0.1551131992	-0.1325792661	-0.067661538	0.0364711434	-0.0182277297	-0.155139402	-0.1478812875	-0.1095569289	0.011667265	0.0940470603	-0.1922746574	-0.0957581571	-0.0212917064	-0.1055609808	-0.0012562126	-0.0720303636	-0.0900219803	-0.0080673419	-0.0739029989	0.0368627005	0.1203654877	0.0495527532	0.1925697087	0.0033441599	0.0314462297	-0.0380617	-0.0058451999999999	0.0014486930068899	3.416636303999994e-05	0.0881240999999999	0.0879772849999999	0.0077658570008099	0.0077400026759712	0.0486811	-0.003917	1.534288900000003e-05	0.00236984949721	0.00188664	-0.0004286399999999	1.837322495999999e-07	3.5594104896e-06	5.46093e-05	-6.56467e-05	4.309489220889999e-09	2.98217564649e-09	-0.000234562	-0.0003058128	9.352146864383998e-08	5.5019331844e-08	0.0	0.0	0.0	-0.2579713007	-0.4505886271	-1.638706326	-0.9607987346	-0.2555509557	-0.5629621446	-0.618199975	0.1134730122
61939.24268793109	127.24364411551504	3836469784.7544246	16190.94496779585	97153.56074731504	446.5029320182075	9438814365.882236	199364.86830085603	61214.59336069915	-37.08878442796413	1375.5779303439945	3747226440.315753	67010.92265918314	25633.890658356424	0.90878	22.862278	0.0838722349999999	0.0414155	-0.1722802168	0.0196773966	0.0017251399	0.0924022796	0.2009210745	-0.0961465935	-0.1065495674	0.1258963743	-0.0879594277	-0.1581215517	0.0116873506	-0.0148564316	0.0093139211	0.0966271188	-0.1948292933	-0.0910642799	-0.0223650604	-0.0212752873	0.1135144666	-0.0702583091	0.0836395354	-0.1064111959	0.0109888015	0.1276601456	0.0865462142	0.0093421472	-0.124368457	0.0610598688	0.0423807368	-0.0011476911	0.1086018902	-0.1935223854	-0.107573586	-0.0137955179	-0.1331999722	0.1771868198	-0.1293779305	-0.0622165964	0.0013246515	-0.0187962328	-0.1552955222	-0.1673763615	-0.0621609093	-0.0340795151	0.0292925667	-0.2140137701	-0.0734285823	0.0519651831	-0.0895255689	-0.0345347453	-0.0521750142	-0.0625969022	-0.1056192719	-0.0026551293	-0.1272901525	0.13739666	0.217818714	0.0050893734	-0.0963562172	0.0205064497	-0.0275444	0.0105172999999999	0.00075869397136	0.0001106135992899	0.0835202	-0.0046038999999998	0.00697562380804	2.119589520999905e-05	0.0278215	-0.0208596	0.0004351229121599	0.00077403586225	0.00123542	-0.0006512199999999	4.2408748839999995e-07	1.5262625764000002e-06	0.000339427	0.0002848177	8.112112223329002e-08	1.15210688329e-07	-0.000256353	-2.179100000000001e-05	4.748476810000002e-10	6.571686060900001e-08	0.0	0.0	0.0	-0.06751520569	0.07944669724	-1.237691955	-0.6803552153	-0.2282814324	-0.4025551358	-0.1412173835	0.3213849464
61756.22701213199	-183.01567579909897	3813831574.7739806	33494.7375882009	97078.06044432428	-75.50030299076752	9424149819.631878	5700.295751697699	61100.9915598517	-113.60180084745662	12905.369155785194	3733331169.597068	66894.07587511043	25678.96942801069	0.784845	19.744442	0.07713885	0.0451434	-0.1721276612	0.0231792396	0.030684158	0.034368247	0.1877474119	-0.0993449949	-0.0834720725	0.1411266878	-0.0394055099	-0.1366565983	-0.081935801	0.0036508233	-0.1401366581	-0.0180225905	-0.2190321934	-0.1605830555	-0.2418939094	-0.1393351326	-0.0121695092	0.0483511021	0.0637621142	0.0677919318	0.125883253	0.1309448151	0.0728476678	-0.0315992326	-0.0967315172	0.0460871447	-0.0515561607	0.0697791591	0.1462020494	-0.1880556063	-0.0301734248	-0.0307949036	-0.264197124	0.1918457556	-0.1220865383	-0.0434359922	-0.0011059963	0.0174049399	-0.1317050871	-0.1745155019	-0.0127888848	-0.0176344646	-0.0695045648	-0.2143300329	-0.098523496	0.0840156999	-0.0972985958	-0.0119202876	-0.0753970862	-0.1604649693	-0.0907159801	0.0446868816	0.2152317304	0.096914944	0.0263883421	0.0355457072	0.063628258	-0.1020807083	-0.0234307	0.0041137	0.0005489977024899	1.692252769000001e-05	0.0400998	-0.0434204	0.0016079939600399	0.00188533113616	0.0252277	-0.0025938	6.727798440000001e-06	0.00063643684729	0.0014016	0.0001661799999999	2.7615792399999977e-08	1.9644825600000003e-06	0.000139151	-0.000200276	4.0110476176e-08	1.9363000801e-08	-0.000430116	-0.000173763	3.0193580169000004e-08	1.8499977345600005e-07	0.0	0.0	0.0	-0.01288311982	0.8006413196	-1.139326851	-0.6852603875	-0.1666504163	-0.3387753553	-0.07616682126	-0.1439472163
61702.92468355981	-53.30232857217925	3807250914.5050554	2841.1382312165565	96664.5556710546	-413.504773269684	9344036323.082413	170986.1975168127	61004.71780720339	-96.27375264830334	9268.635448986695	3721575594.736519	66827.47172540995	23958.13662506813	1.029261	25.893234	0.0429149	0.0211834	-0.1872506093	0.0300912478	0.1032803437	0.0591765444	0.1136746797	-0.0142422899	-0.0155537015	0.1577830065	0.0892568103	-0.0790255206	-0.0063115088	0.1488648409	-0.0583321182	-0.0900660163	-0.0235788781	-0.0041468776	-0.1712243716	-0.1870528487	0.1069623234	0.0859412578	0.1195085341	0.0417751619	0.060405035	0.144688658	-0.0156933987	-0.0841475323	-0.0740229608	-0.1133829391	-0.0713551316	0.1136921679	0.0536419876	-0.0734756043	-0.005672083	-0.140261385	-0.1388185327	0.0564075195	-0.129373794	-0.0502436754	0.0172964737	0.0099585106	-0.1219280448	-0.1357530977	-0.0855255184	0.0263768053	-0.1018511141	-0.1789205393	0.0085423513	0.0876730817	0.0624369739	0.0350219695	-0.0483952707	-0.1385485678	0.1056579505	0.1461930224	0.1828765579	0.0395233728	0.0199770434	-0.07015436	-0.1214351426	-0.1015894211	-0.0343663	-0.0109356	0.00118104257569	0.00011958734736	0.0474711	0.0073713	0.00225350533521	5.433606369000006e-05	0.0404203	0.0151926	0.00023081509476	0.00163380065209	0.00128224	-0.00011936	1.42468096e-08	1.6441394176e-06	0.000107999	-3.1152000000000016e-05	9.70447104000001e-10	1.1663784001e-08	-0.00039232	3.779600000000004e-05	1.428537616000003e-09	1.5391498239999998e-07	0.0	0.0	0.0	-0.2240617908	-0.2110888339	-1.004499051	-0.7706038126	0.1040066816	0.1955448741	-0.2829319498	-0.04508204058
61864.90712256927	161.98243900945818	3827266733.2841215	26238.31054745284	97120.78660594422	456.2309348896233	9432447190.957354	208146.6659502597	61033.49596398305	28.778156779655543	828.1823076344344	3725087629.585535	66802.55497218695	24573.002400716145	0.938402	23.607475	0.0663924	0.0382099	-0.1843531689	0.0289128705	0.098866876	0.162721349	-0.024273575	-0.1196994306	0.1084888886	0.1334927048	0.1052264478	-0.0488596623	0.1289920904	0.2477164175	-0.2234106428	-0.1039892311	-0.0014074243	-0.106115552	-0.160493221	0.0294289285	0.0679323606	0.355568938	-0.0567938341	-0.2592161779	-0.0081438572	0.1368665642	-0.094546936	-0.0829660631	-0.0598839536	-0.0972916682	0.0370446558	0.3656023576	-0.0061920048	-0.0070445438	0.0941118705	-0.1270507921	-0.0353699792	0.0952391928	-0.128403673	-0.037337495	0.000109484	0.0078570051	-0.1265265241	-0.0947309804	-0.0753215928	0.0321361581	-0.0350181764	-0.0727954696	0.089079746	0.1786603727	0.0399205182	0.0749109051	-0.005651433	-0.0844819055	0.1414555051	0.0308180493	0.1087201812	-0.0544274927	-0.0207104882	-0.2200491547	-0.1889646427	0.2196671167	-0.00199785	0.03236845	3.991404622499999e-06	0.0010477165554025	0.0260955	-0.0213756	0.00068097512025	0.00045691627536	0.0380527	-0.0023675999999999	5.6055297599999885e-06	0.00144800797729	0.00128224	0.0	0.0	1.6441394176e-06	0.000179296	7.129700000000002e-05	5.083262209000003e-09	3.2147055616000004e-08	-0.000526638	-0.0001343179999999	1.8041325123999992e-08	2.77347583044e-07	0.0	0.0	0.0	-0.2157085586	-1.078189638	-1.069679361	-0.9187654685	0.1704077254	0.507555634	-0.08450246514	0.169104361
61959.68828274242	94.78116017315187	3839002972.094608	8983.468323768671	96709.05305601134	-411.7335499328765	9352640942.990416	169524.5161403285	61040.20642743644	6.710463453389821	45.03031975928044	3725906800.704053	66804.58125051761	25571.468582508176	0.892868	22.461979	0.0725077199999999	0.0327444	-0.1706760415	0.0253419341	0.0574872003	0.1518552167	0.0076317869	-0.1490233246	-0.1092395757	0.1571378397	0.084791202	0.0071041106	0.0715483174	0.0475224065	0.0283455533	-0.0991569651	-0.2474566926	-0.0734553484	0.025870781	-0.0021008241	-0.1238462862	0.2833424799	-0.0807334637	0.0427810633	-0.0149918456	0.1473906577	-0.0474737029	-0.0406262014	-0.0329375592	-0.0262579274	-0.0564906289	0.1295504344	0.0845499832	0.0503678387	-0.2006801423	0.0294533343	0.0702028803	-0.0649050557	-0.1263024902	-0.0333230971	-0.0420127447	0.0252347892	-0.1237126632	-0.1303397404	-0.1061238852	0.0163860308	-0.1134523382	0.1055071329	0.0703173954	0.0547020444	0.0695315253	0.0652700632	0.1417721903	-0.058147803	-0.0673902517	-0.0871326904	-0.0429015782	-0.0210099531	0.0227778935	-0.2748629458	-0.2732285849	0.2431525276	-0.00199558	2.269999999999963e-06	3.9823395364e-06	5.152899999999832e-12	0.0363721	0.0102765999999999	0.0013229296584099	0.0001056085075599	0.0252407	-0.012812	0.000164147344	0.00063709293649	0.00105878	-0.0002234599999999	4.9934371599999995e-08	1.1210150884e-06	0.000597651	0.000418355	1.75020906025e-07	3.571867178010001e-07	-0.000180116	0.0003465219999999	1.2007749648399994e-07	3.2441773456e-08	0.0	0.0	0.0	0.06540551178	-1.081884111	-1.26319565	-0.1805492091	0.6689776923	0.4461392812	0.06691225032	0.5787138896
61803.33368196306	-156.35460077936295	3819652054.204069	24446.761184873965	96848.74944063244	139.69638462110015	9379680268.214403	19515.079876206342	61114.75890095339	74.55247351695289	5558.071307495961	3735013755.5216618	66909.40200816447	23055.09218721612	1.313068	33.033001	0.12286025	0.0610767	-0.1777323936	0.0768655372	0.0556166061	0.089727081	0.0996151638	-0.1348392058	-0.2106502168	0.1662574414	0.0043299753	-0.096467107	-0.0611583948	-0.0773746428	0.1311601794	0.0476607388	-0.0158795046	0.0294447798	0.125595289	-0.1047293604	-0.0707648493	0.3255554454	0.0637037139	0.0648657213	-0.0156585256	0.1436456214	0.0136029917	-0.0395690819	-0.1119667801	0.0731487479	-0.0843512012	-0.0460998908	0.0098450496	0.0217381548	-0.3306449089	-0.1236319864	0.0761582811	-0.1291940834	-0.1311284128	-0.042981956	-0.0616019039	0.0641267722	-0.0685675626	-0.1482054787	-0.1388130384	-0.0673244855	-0.1276853182	0.1911082371	0.0293726007	-0.1824140231	-0.0086067232	0.1039284891	0.0771835782	-0.0491669517	0.0157271285	0.1167339829	-0.0720189631	0.3301572717	0.090429962	7.42816e-05	0.2479584605	0.0274612342	-0.00202048	-2.490000000000001e-05	4.082339430399999e-06	6.200100000000003e-10	0.0739717	0.0375996	0.00547181240089	0.00141372992016	0.0253007	5.999999999999756e-05	3.5999999999997063e-09	0.00064012542049	0.000241178	-0.000817602	6.684730304040001e-07	5.8166827684e-08	0.000273572	-0.000324079	1.0502719824100005e-07	7.484163918399999e-08	-0.00074195	-0.000561834	3.15657443556e-07	5.504898025e-07	0.0	0.0	0.0	0.3939729282	-0.1668003285	-1.033531946	-0.1576521449	1.205424162	0.7187081361	0.3687780606	0.2607439769
61891.78754233774	88.45386037468415	3830593365.185873	7824.085415184119	97273.2046026626	424.4551620301645	9462076333.67146	180162.1845740532	61223.20984639831	108.45094544492169	11761.607567897378	3748281423.8961234	67067.52832807669	22794.44174147022	0.747306	18.80006	0.060089725	0.0266964	-0.1821672397	0.0674562774	0.0291777859	0.0575300921	0.1246950918	-0.0726490002	-0.1204689083	0.1623506365	-0.1098312279	-0.1670536682	-0.0724617775	-0.2315001254	0.0741290204	0.061494674	0.038943493	0.1408295465	0.0538088891	-0.1014028842	0.2160225164	0.106596985	-0.0760158384	-0.1678087074	-0.0107911786	0.1454118494	0.0911612206	-0.0249207189	-0.1317910425	0.206261938	-0.0492839526	-0.1365368716	-0.1629825685	0.05804721	-0.2717427446	-0.0991823634	-0.0372061649	-0.0448205767	-0.1319552948	-0.0433503262	-0.0511233333	0.0709245131	-0.0563433149	-0.0779282869	-0.1559599934	0.0017233146	-0.126644898	0.2100521668	0.0767158165	-0.1591380334	0.0544745975	0.0794832557	-0.0065705068	0.117659137	0.0665412827	0.1823005431	-0.0414841137	0.1584715279	0.1652404386	0.1181408166	0.11165486	-0.1211531702	-0.0198063	-0.01778582	0.0003922895196899	0.0003163353930724	0.0653231	-0.0086486	0.00426710739361	7.47982819600001e-05	0.0252968	-3.899999999997655e-06	1.5209999999981713e-11	0.00063992809024	8.52921e-05	-0.0001558858999999	2.430041381881e-08	7.2747423224100015e-09	8.21548e-05	-0.0001914171999999	3.6640544455839996e-08	6.74941116304e-09	-0.000416225	0.000325725	1.0609677562500001e-07	1.73243250625e-07	0.0	0.0	0.0	0.2781887623	-0.3783885721	-0.7905992543	-0.3091278186	1.086299594	1.076291423	0.01776929784	-0.023465447
62072.55719797957	180.76965564183047	3853002357.0964456	32677.66840086597	97572.48942329206	299.2848206294584	9520390692.258442	89571.40385920709	61218.98397775424	-4.2258686440764	17.857965796988108	3747763999.26853	66962.82924390597	25668.66924824086	1.300501	32.716843	0.1763423449999999	0.105777	-0.1677789987	0.0239285931	0.0891431213	0.1989646947	-0.068897835	-0.1973619448	0.0344998418	0.1402050226	-0.0582375516	-0.1087525879	0.0324327072	-0.0482641703	0.0213401333	0.0963908386	0.1192910045	0.0326567306	0.033593381	0.1959714214	0.1368333772	0.1285910145	0.1394397819	0.065729913	-0.0323723285	0.1387610549	-0.0008142079	-0.0715274413	-0.0675927307	0.1658541377	0.1674275675	0.0870328925	-0.1451748972	0.1959863746	-0.0210079022	0.0485509733	0.0547505999	-0.0863883737	-0.1226808209	-0.0120662451	-0.0500316939	0.0700394882	-0.1033668358	-0.0540599204	-0.0669908915	0.0386231739	0.0248179229	0.2082457364	0.1142548007	0.0048270649	-0.0027407323	0.1271619092	0.1460628619	0.2026440778	0.0049820774	-0.136170408	0.2771266122	0.0394361337	-0.0355995734	-0.2370498726	0.1490030388	-0.0207992722	-0.00198186	0.01782444	3.927769059599999e-06	0.0003177106613136	-0.0385962	-0.1039192999999999	0.0014896666544399	0.0107992209124899	0.0167512	-0.0085456	7.302727936000001e-05	0.00028060270144	0.00068732	0.0006020279	3.624375923784101e-07	4.724087824000001e-07	0.000323567	0.0002414121999999	5.827985030883999e-08	1.0469560348899998e-07	-0.000338605	7.761999999999998e-05	6.0248643999999975e-09	1.14653346025e-07	0.0	0.0	0.0	0.2486160272	-1.435116996	-0.9168730739	-0.4249478225	0.8336757687	0.8266293239	0.0685550282	-0.1154665271
62639.989459786535	567.4322618069637	3923768279.522168	321979.37173936656	97382.07356149312	-190.41586179894512	9483268251.136057	36258.20042463497	61327.01079449153	108.0268167372924	11669.793134392556	3761002252.98768	67125.7355620583	48733.33624598777	3.471001	87.320366	0.116042875	0.0538258	0.0159601958	0.1137268822	-0.007364217	0.1750336839	0.0008655426	-0.1924305986	-0.1613545278	0.1352303262	-0.0493155841	-0.0144348676	0.0791116948	-0.0643698522	-0.0254250832	0.0901637941	0.1075700715	0.1020070992	-0.121591435	0.2409461088	0.0903950088	0.1194375919	0.1217767829	0.1878072307	0.0165002188	0.1381701278	0.0110708928	0.0209001869	-0.0413142206	0.1215875758	0.0377252131	0.0891802044	-0.1407608804	0.2024976381	0.0149164628	0.0489246845	0.1288408026	-0.0364997498	-0.1252860812	-0.0099997267	-0.1132208873	0.0948751687	-0.0776478934	-0.0639944985	-0.097006867	-0.0041113615	-0.0567076293	0.2473899045	0.1135876821	-0.0031819407	0.0017896489	-0.0166860706	0.0625155624	0.1044283377	-0.0991284026	-0.3022513055	-0.0115885181	-0.1027461891	0.0046024194	-0.0428083753	-0.1118601809	-0.0143690851	-0.0019969	-1.504000000000002e-05	3.987609609999999e-06	2.2620160000000054e-10	0.00458054	0.04317674	2.09813466916e-05	0.0018642308770275	-0.00224326	-0.01899446	0.0003607895106916	5.0322154276e-06	2.69513e-05	-0.0006603687	4.360868199396901e-07	7.2637257169e-10	0.000116355	-0.0002072119999999	4.2936812943999984e-08	1.3538486025000002e-08	-0.000548157	-0.0002095519999999	4.3912040703999975e-08	3.00476096649e-07	1.0	0.0	0.0	0.4444758923	-1.006185329	-1.214532797	0.2737041531	1.05806665	0.7127073891	0.2142203712	0.05710641096
62917.584772900125	277.59531311359024	3958622473.6550736	77059.1578626322	98311.76377908712	929.6902175940048	9665202897.355026	864323.9006899883	61331.71077330509	4.699978813558118	22.08980084789518	3761578746.3803473	67288.2595766964	62363.89025736964	2.477478	62.326176	0.0657318349999999	0.0299267	0.1298940362	0.1845059774	-0.0989351579	0.1254045669	0.1216611694	-0.0469739518	-0.1431760266	0.1467132178	-0.0192411239	-0.0459445354	0.1371456304	0.0007760811	-0.1487287661	-0.0499610008	0.0262290053	-0.1197085458	0.0157354593	-0.0917906663	0.1502170856	-0.228056402	-0.0302414779	0.0166442681	-0.2593314137	0.1407049249	0.0184629601	0.1069444551	-0.11135931	0.0088771002	-0.0589770693	0.1264849773	-0.0079349981	-0.0159289842	0.0678822417	-0.156247217	-0.0846976933	0.0347251534	-0.1230054519	0.0007217973	-0.1460276426	0.1210325154	-0.0272057738	-0.0646595271	-0.0445377715	-0.0703267309	-0.0854117447	0.227807865	0.0467582044	-0.0193826724	0.0131766781	-0.058388404	0.0074445793	-0.1460283389	-0.0673962404	-0.1479405198	-0.0146602408	-0.2642347192	-0.0563341841	-0.0892275515	0.2242512894	-0.2223847529	-0.00605387	-0.00405697	3.6649341976900005e-05	1.64590055809e-05	0.018317	0.0137364599999999	0.000335512489	0.0001886903333315	-0.012322	-0.01007874	0.0001015809999875	0.0001518316839999	-0.000481889	-0.0005088403	2.5891845090409e-07	2.32217008321e-07	0.000165561	4.920599999999999e-05	2.4212304359999992e-09	2.7410444721e-08	-0.00034901	0.0001991469999999	3.9659527608999984e-08	1.218079801e-07	0.0	0.0	0.0	0.6704054469	0.3782789781	-0.8261510933	-0.07088040418	1.274627774	0.8420424953	0.6266602306	-0.3721382597
62444.05188891512	-473.5328839850045	3899259616.305524	224233.39221515568	98318.54769074434	6.783911657214048	9666536820.017168	46.021457372884655	61404.60743379237	72.89666048728395	5313.923110198345	3770525814.098149	67303.58812527606	48810.23749441694	2.741265	68.962303	0.0962455199999999	0.0485532	0.0073018383	0.2813193944	-0.1007324312	0.015387912	0.2391820655	-0.1167532422	-0.0012388312	0.1317888248	-0.1237891951	-0.044906086	0.1162564404	-0.0616598669	-0.1704157057	-0.0269166545	0.0506403408	0.1248667766	-0.1420126724	0.1034255156	-0.1578976217	0.0318537087	-0.062582439	0.4217372982	-0.0003730847	0.1251456185	0.1502436027	0.0929333747	-0.1234767623	0.0221253735	-0.1279752111	0.1298739837	-0.0834590222	0.0727383504	0.0991342605	-0.0278059356	-0.1788434364	-0.1971598235	-0.1410769746	-0.0307346501	-0.1303309778	0.1454590504	0.0302124923	-0.0161061096	-0.05227588	-0.0606534104	-0.0926400615	0.0904229281	0.0211046281	-0.0879870711	0.1170410192	0.0026477086	-0.0474633934	0.0776661848	0.074687929	0.089066537	-0.0817675073	-0.1379943864	-0.316064808	0.3374785597	-0.0996160902	-0.0867241985	-0.0119005	-0.0058466299999999	0.0001416219002499	3.4183082356899994e-05	0.00209331	-0.01622369	4.381946756100001e-06	0.000263208117216	0.0189072	0.0312292	0.0009752629326399	0.0003574822118399	-0.0008597999999999	-0.0003779109999999	1.4281672392092442e-07	7.392560399998281e-07	-0.000234342	-0.0003999029999999	1.5992240940899997e-07	5.4916172964e-08	-0.000430116	-8.1106e-05	6.578183236000001e-09	1.8499977345600005e-07	0.0	0.0	0.0	0.6184793924	1.221236458	-1.137608334	-0.2624338619	1.372251882	0.7689725383	0.2071368166	0.00731968877
62319.2928523902	-124.7590365249198	3883694261.621973	15564.817194626272	97058.35201931682	-1260.1956714275148	9420323696.705622	1588093.130284645	61304.8437473517	-99.76368644067406	9952.793132233131	3758283866.887207	67114.11110210081	46088.87892848762	1.56025	39.251385	0.1748219	0.0804259999999999	-0.0189448565	0.2747190667	0.0316060257	0.0955057977	0.1414464439	-0.0638821617	-0.0933669029	0.1441729089	-0.0711261854	-0.0164085371	0.1021181828	-0.0376331879	-0.1139704366	-0.1097915939	-0.0301407586	0.1740002582	0.0198817574	0.0284337867	-0.1473877708	-0.0038696535	-0.1045278022	0.0438779486	0.1543393378	0.1441412967	0.089663544	0.0306786894	-0.0733751836	0.0125478685	-0.1311990629	0.0976381015	-0.126843944	0.03947714	0.0306334412	0.0468568756	0.0378118432	0.0174447734	-0.1490255037	-0.0499104897	-0.0987340847	0.1417268488	0.043828736	0.0283819685	-0.091676758	-0.0044161703	-0.0651718792	-0.1080306443	0.0491841578	0.1228867962	0.1226445929	0.0130229094	-0.2530078851	-0.020143953	0.2863973606	0.1129633161	-0.0773221649	-0.1561591794	-0.1220727457	0.1552337793	0.0201638927	-0.2258251519	0.0136192	0.0255197	0.00018548260864	0.0006512550880899	0.0285982	0.02650489	0.00081785704324	0.0007025091939121	0.0431723	0.0242650999999999	0.0005887950780099	0.0018638474872899	-0.00178663	-0.0009268300000001	8.590138489001853e-07	3.1920467569e-06	-5.95988e-05	0.0001747431999999	3.053518594623999e-08	3.5520169614400003e-09	0.000438955	0.000869071	7.552844030410001e-07	1.92681492025e-07	0.0	0.0	0.0	0.5423494241	-0.5754143716	-0.8568263704	-0.7707519905	1.224378636	0.5146628213	0.5267366356	-0.1774515023
62545.31982508367	226.0269726934712	3911917032.0220046	51088.19238497517	97893.72360717482	835.3715878579969	9583181121.677937	697845.6898003911	61222.06857256356	-82.77517478813388	6851.729561206115	3748141680.303675	67040.30271712125	47418.48749772892	1.143809	28.774925	0.1675367999999999	0.1188	-0.0037490822	0.2814186333	0.0548251417	0.2198212118	-0.0183077156	-0.1439347411	0.213397839	0.1430303321	0.0496008974	0.0139965687	0.1231573676	0.0116860747	-0.1581143811	-0.1094580417	0.1186002651	0.0529402997	0.0830871179	0.1335070101	-0.0813902789	0.044646071	-0.0444136571	-0.1008577853	0.0740455261	0.1519891199	-0.0477641962	-0.0037761656	-0.0419458456	0.0133287305	-0.0326796569	0.1570526816	-0.0712276562	0.1300412575	0.2513933452	0.0924407034	0.1137264387	-0.0927374467	-0.1307085934	-0.0217031508	-0.1018121319	0.1627407583	0.0655916207	0.0818525166	0.0080903169	0.1270088423	0.0752323504	-0.1631922284	-0.0059860117	0.147493821	-0.0887728051	-0.0092095481	-0.1197123353	0.4147478685	0.0759564792	-0.1371848154	-0.0358919786	0.0078348427	-0.1578480953	0.0582531885	0.1095763034	-0.0505654924	0.0152535	0.0016343	0.00023266926225	2.67093649e-06	-0.0897434	-0.1183416	0.00805387784356	0.01400473429056	0.0264864	-0.0166858999999999	0.0002784192588099	0.00070152938496	-0.00116913	0.0006175	3.8130625e-07	1.3668649569e-06	-5.95988e-05	0.0	0.0	3.5520169614400003e-09	0.000438955	0.0	0.0	1.92681492025e-07	0.0	0.0	0.0	0.5844933451	-0.5361325755	-1.135414473	-0.5157684022	0.7894387086	-0.1284236563	0.8616129474	-0.6632273828
62845.41128364608	300.091458562405	3949545719.4106297	90054.88350211165	97438.94634732995	-454.7772598448646	9494348265.277843	206822.3560720035	61329.50875529661	107.44018273304393	11543.392865709868	3761308644.166003	67066.62721969551	58651.4661756412	2.49716	62.821342	0.082109	0.0452822	0.1109293377	0.224614461	-0.0358498392	0.2066400695	-0.0370425183	-0.0135807411	-0.0442245827	0.1622095679	0.0021913419	-0.0825612511	-0.0067523716	-0.2632492073	0.0995439307	-0.1821819198	-0.0898421301	-0.0588106747	0.1665890957	0.2081762449	-0.2907711389	-0.1236929699	0.3643535299	-0.0345844609	0.0394063667	0.1574038828	-0.0337680272	0.0278119666	-0.1098827976	0.1604196515	-0.0988815796	-0.2077542698	0.0853587847	0.1536136222	0.1155613564	0.3230526998	0.1524571255	-0.0010438234	-0.1324669849	-0.0119926529	-0.1391999253	0.1888840084	0.0605166092	0.1564717035	0.0721181089	-0.0290337813	0.149101308	-0.0027481415	0.0432155176	0.0998861547	0.0653628963	-0.0856997218	-0.0576223962	-0.0553779299	-0.145670622	-0.2935179453	-0.035798417	0.0556202603	0.0193983565	0.0182549234	-0.0818179456	-0.0156840573	0.0173572	0.0021037	0.00030127239184	4.42555369e-06	-0.0774522	0.0122912	0.00599884328484	0.00015107359744	-0.0110222	-0.0375086	0.00140689507396	0.0001214888928399	-0.00177324	-0.0006041099999999	3.649488920999999e-07	3.1443800976e-06	-5.95988e-05	0.0	0.0	3.5520169614400003e-09	0.000438955	0.0	0.0	1.92681492025e-07	0.0	0.0	0.0	0.9808018561	-0.96621081	-1.195111887	-0.3583541873	1.199939334	-1.026409209	1.139308526	-0.0665432098
62884.10435450124	38.6930708551663	3954410580.467802	1497.1537322029196	98119.6118035874	680.6654562574404	9627458220.486689	463305.4633421495	61379.17881355932	49.67005826271634	2467.1146878216355	3767403591.8268895	67189.19253982167	59471.57213645757	0.910094	22.895332	0.12686396	0.0731133	0.1200922836	0.2387187097	-0.1040366	0.1690385553	0.0310896245	0.1324524569	0.0700921925	0.130185454	-0.0512497607	0.0215610387	0.1403140857	-0.1574068605	0.0079490985	-0.1902702179	0.228551923	-0.1081360437	-0.0996177249	0.0351253729	0.0552982158	-0.017417266	-0.1188602074	-0.0288625541	0.173501969	0.1358461751	-0.0204410548	0.145265053	-0.0727447805	0.0628825712	-0.0018393749	-0.1278062862	-0.0234483737	0.0946200401	0.2527231919	-0.1193511331	0.0441123591	0.0279094387	-0.1078481967	0.0267778311	-0.1766765651	0.2005447579	0.1396162411	0.1712668902	0.1612815481	0.0674344277	-0.0930990602	-0.1129205546	0.0668788759	0.1255087124	-0.0815339617	-0.2955106247	0.0875053758	-0.0261712721	-0.2111763939	-0.0056870477	0.0560004825	-0.0359782077	0.1140295451	-0.1419729761	0.0871247604	0.0885203971	0.027793	0.0104358	0.000772450849	0.00010890592164	-0.140513	-0.0630608	0.0197439031689999	0.00397666449664	-0.0343955	-0.0233733	0.00054631115289	0.00118305042025	-0.0018423	-6.906000000000013e-05	4.769283600000018e-09	3.39406929e-06	-5.95988e-05	0.0	0.0	3.5520169614400003e-09	-9.18662e-05	-0.0005308212	2.8177114636944e-07	8.439398702440001e-09	0.0	0.0	0.0	1.148077382	0.2441977338	-1.29390495	0.562784254	1.400327147	-1.602970442	1.370508541	-0.2885949536
62594.844152039135	-289.2602024621083	3918114514.418068	83671.46472841987	98823.8067711441	704.1949675567012	9766144784.740423	495890.5523321834	61413.00396186441	33.82514830508444	1144.1406578609567	3771557055.6199737	67418.54219836986	59611.45764727925	0.955977	24.049616	0.1262706	0.0799335999999999	0.1184010014	0.225243222	-0.1142553842	0.0015382821	0.2152257037	0.1297602675	0.1500694796	0.121692303	-0.1609721548	0.015579104	0.0220912388	-0.1827940916	-0.0054493838	-0.100331159	0.2318036844	0.0118530835	0.0987871507	0.1463785019	-0.178663126	-0.2249782344	-0.1537585026	-0.0553608859	-0.1871580139	0.1064034615	0.1502908854	0.1304983707	-0.0675116586	0.0390248964	-0.1412079618	-0.2017400402	-0.0109423068	0.0413839964	0.1849207983	-0.0755814406	0.0214288219	-0.1899932135	-0.1251235007	0.0032784632	-0.1418271816	0.2068619574	0.1325892054	0.1775273918	0.1417605156	-0.0873491197	0.0304866407	-0.0809142815	-0.0475295244	-0.0418690203	-0.0042933071	-0.1266969183	-0.0282482407	-0.3368475286	-0.1933668856	0.0536815015	0.0927832528	0.217395875	-0.229846302	0.1093293165	-0.0409218787	0.1830317294	0.0237305	-0.0040625	0.00056313663025	1.6503906250000002e-05	-0.0686712	0.0718418	0.00471573370944	0.00516124422724	-0.0146114	0.0197841	0.00039141061281	0.00021349300996	-0.00179467	4.763000000000011e-05	2.26861690000001e-09	3.2208404089e-06	-0.000612058	-0.0005524592	3.0521116766464e-07	3.74614995364e-07	-0.000103421	-1.1554799999999991e-05	1.3351340303999984e-10	1.0695903241e-08	0.0	0.0	0.0	1.32514424	1.236707877	-0.8586179238	-0.05821257121	1.553766827	-1.962668644	0.8492810214	-0.1700792913
62339.95355937675	-254.89059266238476	3886269809.78525	64969.21422778174	98153.96468992392	-669.8420812201803	9634200784.35083	448688.41377338255	61287.26282838983	-125.74113347457752	15810.832647471516	3756128584.996134	67230.73872725955	55433.08439600745	1.744508	43.886787	0.10234645	0.0574479	0.0761104267	0.2298726657	0.0067077009	-0.0125200448	0.1821834818	0.1457045604	0.0678926023	0.1248576006	-0.0534660911	0.0020816735	-0.0702471279	-0.1396041516	0.0634452436	-0.2174320674	0.0433787419	0.0487897917	-0.2632223766	-0.0440665797	-0.1416299286	-0.107913333	-0.2262204559	-0.2024306999	-0.0477225849	0.1196481031	0.073905804	0.0578376961	-0.0174891931	0.0392769952	-0.207270224	-0.2380524797	-0.0180915448	0.0043814661	0.218304636	-0.0431360978	-0.0710500898	0.074656046	-0.1273038153	-0.0240443459	-0.1154848429	0.1972694835	0.2335760301	0.1946089	0.0511762486	0.1400557106	-0.0930856246	-0.1386573221	-0.105217596	-0.1384535765	0.1772340842	-0.1361243803	0.1340942184	0.145576674	0.1569971435	0.2854769841	-0.0837148655	0.0601759196	0.2989479915	-0.1036128809	-0.0769138083	0.1083921519	0.018593	-0.0051375	0.0003456996489999	2.6393906250000038e-05	-0.0725004999999999	-0.0038292999999998	0.0052563225002499	1.4663538489999209e-05	0.0189696	0.033581	0.001127683561	0.00035984572416	-0.00251228	-0.00071761	5.149641121000001e-07	6.3115507984e-06	-0.000412143	0.0001999149999999	3.9966007224999977e-08	1.6986185244900002e-07	0.000175027	0.000278448	7.7533288704e-08	3.0634450729e-08	0.0	0.0	0.0	1.006366198	1.289882984	-0.7820477711	0.5497494191	1.623887911	-1.676865231	0.7975077597	-0.5983599345
62173.74250328718	-166.21105608956714	3865574256.8650594	27626.115166409232	97301.66595968824	-852.2987302356778	9467614198.530752	726413.1255613486	61208.7381753178	-78.52465307203238	6166.121140083044	3746509629.0146074	67071.04618139907	47702.41434094333	2.260926	56.878365	0.12429538	0.0609502	0.002651938	0.2329633896	0.0213947862	0.0024981887	0.1104081353	0.1742584505	0.1186058809	0.0908489253	-0.0362809683	0.1338672918	-0.1560619271	-0.0194359987	-0.071338719	-0.2147029733	0.2643492815	0.288523133	0.0202487513	-0.3892273167	0.1216913066	-0.1064535888	0.4072475885	-0.1651065275	0.0326651512	0.0779672288	0.0774340018	-0.0080876509	0.0866947723	-0.084561199	-0.2479021219	-0.1392613474	-0.0298212373	0.0392052795	0.1965139851	-0.0414534448	0.1182263656	0.1133823366	-0.1264696316	-0.0355589279	-0.0275600185	0.1076199841	0.2045888833	0.212241967	0.1121021657	-0.1282110834	0.3861214811	0.0343560024	-0.0429151137	-0.1566689736	-0.0519217772	0.6646384928	-0.1885669431	-0.0705144076	0.0148212436	0.0915280864	-0.0188458635	-0.118616955	0.139658711	-0.1393391559	-0.0161829701	0.0586184927	-0.00169978	-0.02029278	2.8892520484e-06	0.0004117969201284	-0.105253	-0.0327525000000001	0.011078194009	0.00107272625625	0.0558991	0.0369295	0.00136378797025	0.00312470938081	-0.00257828	-6.600000000000009e-05	4.356000000000011e-09	6.647527758400001e-06	-0.000541158	-0.000129015	1.6644870225e-08	2.92851980964e-07	-0.00031637	-0.000491397	2.41471011609e-07	1.000899769e-07	0.0	0.0	0.0	0.9344838324	0.2396576829	0.4409637637	-2.019966814	1.196688301	-1.126045782	0.4183632826	-0.3674608684
62779.19505116337	605.4525478761861	3941227331.272015	366572.7877297655	97851.49044413785	549.8244844496076	9574914182.1392	302306.96370027674	61292.00121557203	83.26304025423451	6932.733872378277	3756709413.009684	67664.05215982498	39848.7950728069	4.541277	114.245407	2.7322679800000005	1.76213	-0.0057141057	-0.1677959019	-0.0224235738	-0.0196829089	-0.2450390342	-0.0949107564	0.4442791505	-0.2216719547	0.1634273287	-0.4727895595	0.1916180487	0.238989768	0.1976531452	-0.1065771866	-0.0141449024	0.3850348369	-0.0934508949	-0.1145857263	-0.3205371339	-0.1168087994	0.038952363	0.0464223615	-0.1381508808	-0.2824341265	-0.0545602381	-0.2449012975	-0.599460107	-0.4613378909	-0.1505836248	-0.109325447	-0.2861291429	-0.0537733056	-0.0062063367	0.1705793251	0.1339805103	-0.0225148466	0.1838011981	-0.4688457531	-0.3150544939	-0.3339804729	-0.1836118165	0.4651536787	-0.2450838006	-0.4010228665	-0.0294742249	-0.0658979394	0.0129782977	0.0725363248	-0.0772204143	-0.0494640105	0.0977486916	0.0612258613	0.0387574712	0.0416915197	0.0453150779	-0.0127757298	0.0308836589	-0.0316256496	0.0426484481	-0.0035558369	0.0633525	0.06505228	0.00401353925625	0.0042317991331984	0.45273	0.557983	0.2049644529	0.311345028289	-0.623677	-0.6795761	0.46182367569121	0.388973000329	0.0229189	0.0254971799999999	0.0006501061879523	0.00052527597721	-0.00123374	-0.000692582	4.796698267240001e-07	1.5221143876000002e-06	0.002087	0.0024033699999999	5.776187356899999e-06	4.355569e-06	0.0	1.0	0.0	-3.052769013	-0.3257569627	2.475773541	1.210375528	1.11371396	-0.156042492	1.43401172	6.660537688
62605.49932573463	-173.69572542874084	3919448545.824559	30170.205032216527	97126.02211366348	-725.4683304743667	9433464171.623848	526304.2985212649	61238.08259798729	-53.918617584742606	2907.2173222497145	3750102760.2779136	67104.4270312845	39346.914524329724	1.707058	42.944645	0.3907934	0.241323	-0.0029450424	-0.1738760475	-0.1088061602	-0.0446440857	-0.2947028717	-0.0400878031	0.0851879177	-0.2143217557	0.232418445	-0.3688575481	0.0953051566	0.0638062551	0.2086033129	-0.0346568875	0.1063996391	-0.0051682192	-0.0142608021	0.1242065996	0.2327714851	-0.1141046411	-0.026448138	0.1108016575	0.2209610819	-0.2030308861	-0.2859453774	-0.1060860684	-0.2887632842	-0.01506044	0.3038946248	-0.080542093	0.147188122	0.2536573362	0.0292013331	-0.1131690954	-0.2296076405	0.0326421927	0.2266134083	-0.4112630094	-0.2712935056	-0.1816921997	0.0969648734	-0.0540964615	0.0951242239	0.6819893192	-0.1443344189	0.06153677	-0.1340970623	-0.1230956978	-0.0262423917	0.1516480485	-0.0997895618	-0.1466973897	-0.1216401712	-0.0909178736	-0.0260838367	-0.0006854376	-0.0815052829	0.0246750147	-0.0022652322	-0.0094414303	0.0661739	0.0028213999999999	0.0043789850412099	7.960297959999931e-06	0.222559	-0.230171	0.049532508481	0.052978689241	-0.643628	-0.0199509999999999	0.0003980424009999	0.414257002384	0.0252407	0.0023218	5.3907552400000106e-06	0.00063709293649	-0.00101885	0.00021489	4.617771210000007e-08	1.0380553225e-06	0.00186669	-0.0002203099999999	4.853649609999993e-08	3.4845315561e-06	0.0	0.0	0.0	-3.296054463	-0.2719761332	1.850139379	2.603592049	1.686831368	1.052517312	1.606351555	-1.666911805
62810.81676032677	205.3174345921434	3945198702.0993466	42155.24894749908	97763.701418929	637.6793052655266	9557741315.1295	406634.8963639247	61223.82414194915	-14.2584560381365	203.30356859147125	3748356642.564316	67133.61943480151	46892.62569930202	2.412409	60.689232	0.8612410000000001	0.599381	0.0712933318	-0.1572983895	-0.2082277988	-0.0135524959	-0.234676907	-0.0666559838	-0.0915690943	-0.2108543901	0.1893617388	-0.1631192489	-0.0213831025	-0.1127107017	0.0279146049	-0.2370283698	0.0847235814	-0.1636540255	0.0257245114	0.1280175009	0.3400230956	0.0545187696	0.0803938662	0.0023104411	-0.1255491847	-0.1829001005	-0.2259559746	0.0283018743	-0.1113706862	0.1903946618	0.0576693674	-0.0390967854	0.2107956646	0.2230653465	0.0821450762	-0.17309222	0.013942572	0.214003331	0.2471291697	-0.177469517	-0.0948007765	0.0895472312	-0.0292282456	-0.2480025499	0.1957722576	-0.0666559308	0.3459837381	0.1717189618	0.1433470442	0.1841252207	-0.0137050721	-0.0392999012	-0.1246064182	-0.0003985927	0.2004537297	-0.000818357	0.1341711625	0.1856882411	0.0372998372	0.1291091343	-0.1518145784	-0.0069328924	0.0781856999999999	0.0120117999999999	0.0061130036844899	0.0001442833392399	-0.0160837	-0.2386427	0.0002586854056899	0.05695033826329	-0.589652	0.053976	0.002913408576	0.3476894811039999	0.0158086	-0.0094321	8.896451041000004e-05	0.00024991183396	-0.00205745	-0.0010386	1.0786899600000004e-06	4.233100502500001e-06	0.00120518	-0.00066151	4.375954801000002e-07	1.4524588324e-06	0.0	0.0	0.0	-1.330887491	-0.7334548361	1.792464912	-0.15887086	0.153817626	1.794192222	2.046206761	-1.554923208
62858.119456189874	47.30269586310169	3951143181.568636	2237.5450359170977	97665.202877946	-98.49854098301148	9538491853.19035	9701.962575781992	61470.14768273305	246.3235407838947	60675.28674431504	3778579056.137011	67397.6810643496	50633.474535091904	1.505996	37.886505	0.1128078999999999	0.086227	0.1056902693	-0.1249088916	-0.2492729408	-0.0278297582	-0.1139116448	0.0108541822	-0.0847909249	-0.2548264857	-0.0148357299	-0.1122049677	0.0860952784	-0.1775910102	-0.0021748685	-0.1950761956	0.1015089832	-0.1705766147	0.0890152023	-0.0130008532	-0.0119890239	0.1417853349	-0.0629304529	-0.1706098423	0.100012711	-0.2189551143	-0.0706542512	0.1460612093	-0.1510164107	0.1650742817	0.0316415752	-0.0552849212	0.0983254151	0.0943468524	0.0184393192	-0.1149847741	0.0860292977	0.1900589172	0.2523168679	-0.1461002148	-0.1058807825	0.1346439817	0.0293015519	-0.2771634946	0.2178673032	-0.047056412	0.1236846512	0.094932672	-0.0009230753	0.1256398053	0.0125659306	-0.1068477087	0.1328690516	0.1405015952	0.0393089762	0.2228111541	-0.1886303073	0.0030292778	0.140849229	-0.1030814159	-0.0934042259	-0.1690014805	0.0822791999999999	0.0040935	0.0067698667526399	1.675674225e-05	-0.0324071	-0.0163234	0.00105022013041	0.00026645338756	-0.594382	-0.00473	2.2372900000000112e-05	0.353289961924	0.0142457	-0.0015628999999999	2.442656409999997e-06	0.00020293996849	-0.00205745	0.0	0.0	4.233100502500001e-06	0.00101486	-0.0001903199999999	3.622170239999996e-08	1.0299408196e-06	0.0	0.0	0.0	-0.8469960399	0.9029866421	1.210209025	1.095789904	-0.503206049	1.56870529	2.326555745	-0.8031690393
62395.33065781105	-462.78879837882414	3893177287.897576	214173.47190491596	99835.29429258652	2170.091414640526	9967085986.487358	4709296.747896522	61541.7788003178	71.63111758475134	5131.017006440472	3787390537.907245	67994.28558241774	52821.34543769304	1.415881	35.619469	0.1313814999999999	0.0804831	0.1195874798	-0.1257818717	-0.2170452432	-0.281111153	0.0482239545	-0.2899087573	0.2592642204	-0.2734660929	-0.2049462569	-0.1332448852	0.0263060187	-0.0503068897	-0.1998843266	-0.0237447029	-0.0009426056	0.0255321741	0.0174771415	0.026632355	0.0466937957	0.1739079799	-0.0442075669	-0.0558550296	0.056579002	-0.2784505931	0.1759966118	0.1216819135	-0.1752707346	0.1735644166	0.0276466	0.1463294628	0.1019555863	-0.023670346	0.0314881801	-0.0076719702	-0.1654403185	-0.3272877992	0.2381982851	-0.09876429	-0.0401938549	0.1564510462	0.0610631591	-0.2539392865	0.2229234629	-0.2959817918	0.0679864198	-0.0841735402	-0.0254447464	-0.0225584224	0.050234202	-0.0333154273	0.164375743	-0.0720771423	-0.0378979915	-0.0006476718	0.0202121971	-0.0529543533	-0.1251793314	0.0065097098	0.1792876306	0.1161230314	0.0756364	-0.0066427999999998	0.00572086500496	4.412679183999858e-05	-0.0250193	0.0073878	0.00062596537249	5.457958884e-05	-0.563953	0.0304289999999999	0.0009259240409999	0.318042986209	0.0129746	-0.0012711	1.6156952100000015e-06	0.0001683402451599	-0.00205745	0.0	0.0	4.233100502500001e-06	0.000547522	-0.000467338	2.1840480624400003e-07	2.9978034048400004e-07	0.0	0.0	0.0	-0.3810757095	3.113159876	0.840907744	0.2253652193	-1.302834044	1.34860905	1.339345841	-0.2429108985
61741.60801716487	-653.7226406461778	3812026160.5452375	427353.2908934117	97935.57367336664	-1899.7206192198792	9591376590.731424	3608938.431089161	61491.25908633474	-50.519713983056135	2552.241500929797	3781174944.022745	67783.52614288869	48753.43394280959	1.566368	39.405304	0.23663312	0.138941	0.0812660309	-0.1987562145	0.0145682879	-0.3582366049	0.0003489646	-0.2394387634	-0.017568362	-0.2699791565	-0.2406414847	-0.0941492614	-0.0511307541	-0.0710274816	-0.1514935323	0.0129750283	-0.0261627122	-0.1376027012	0.0862691978	-0.0243254033	-0.0703709644	0.0062541835	0.1086844441	0.0568882259	-0.2182352813	-0.2791739209	0.2414486531	-0.0062954022	-0.06477431	0.2140104489	0.0010954612	0.0774135688	0.10003271	-0.114783924	0.0335484523	-0.0048641376	0.1054804611	-0.2019924833	0.2211844807	-0.0927096615	0.0978030808	0.1241162473	0.159029941	-0.1437733502	-0.0065157661	-0.0910700368	-0.2474701059	-0.1940073926	0.0013185953	-0.1853382963	0.1464390622	0.0566353037	0.0583670722	0.0960589885	0.0522676658	-0.1165002518	0.0944143871	-0.2004037817	0.032584201	0.0063068218	0.1600003302	0.2445152562	0.0652894	-0.010347	0.0042627057523599	0.000107060409	0.00220437	0.02722367	4.859247096900001e-06	0.0007411282082689	-0.459135	0.104818	0.010986813124	0.210804948225	0.0115316	-0.0014429999999999	2.082249e-06	0.00013297779856	-0.00232297	-0.00026552	7.05008704e-08	5.396189620900001e-06	0.000723891	0.000176369	3.1106024161e-08	5.240181798810001e-07	0.0	0.0	0.0	-0.5821001033	1.993155323	0.1667661069	0.541026654	-1.636664776	0.9548005607	0.3899891367	-0.01332871807
61487.16236835478	-254.44564881009137	3780671136.112424	64742.58819838835	96048.81474679297	-1886.7589265736751	9225374814.263754	3559859.247005447	61341.37641949153	-149.8826668432157	22464.813820034396	3762764461.037751	67373.86794062638	46645.9573322858	1.10975	27.918095	0.11594252	0.071812	0.0607409418	-0.2222605765	0.0860096979	-0.3371031112	-0.0780342674	0.0295835479	-0.1426055484	-0.2384424176	-0.1793600038	-0.0492767613	-0.2105880704	-0.0611843916	-0.1289267195	-0.0422714754	-0.1761583539	-0.0632583018	0.0072658107	-0.0246721961	-0.203057327	0.1177975451	0.041546229	-0.0440604845	-0.063124437	-0.254760904	0.1767688899	-0.115039772	0.0581185766	0.1838792032	-0.1141766172	-0.0016457715	0.0285581338	-0.0843817627	-0.0353052542	0.0668378418	0.0732372748	0.2333149603	0.1972787759	-0.0737940907	0.1835761403	0.1189012041	0.135622875	-0.0365759001	-0.1387361626	-0.1053533381	-0.0852715517	-0.1247476581	0.1899795195	-0.1180261999	0.0497656005	0.0788968541	-0.0243531023	-0.0695192526	0.0464697342	-0.2417380348	0.0707669013	-0.0257403293	-0.0134264984	0.0644035145	0.0688863408	0.1335692557	0.0652823	-7.099999999995998e-06	0.00426177869329	5.040999999994318e-11	-0.0128137	-0.01501807	0.00016419090769	0.0002255424265249	-0.420166	0.038969	0.001518582961	0.1765394675559999	0.0105946	-0.000937	8.779690000000006e-07	0.0001122455491599	-0.00226494	5.803000000000015e-05	3.367480900000017e-09	5.1299532036e-06	0.000479954	-0.000243937	5.9505259969000036e-08	2.30355842116e-07	0.0	0.0	0.0	-0.65087085	0.8398432104	0.4230205988	-0.2019842065	-1.576998328	1.333210105	0.2411164517	-0.0352023336
61622.7025580501	135.540189695319	3797357470.557914	18371.143022643057	96035.306617318	-13.508129474968882	9222780117.08228	182.4695619125231	61361.68603019068	20.309610699150653	412.4802867510547	3765256512.4676976	67457.50090150867	50499.5178604126	1.678493	42.22604	0.1113846999999999	0.0971914	0.0872434056	-0.1764949875	0.0989319239	-0.29211023	-0.0834690471	0.0216407585	-0.1698021176	-0.1460577054	-0.0812273664	-0.0582247058	-0.2535601578	-0.1722361928	-0.1746646346	-0.030647486	-0.1020339787	0.0477427983	-0.0586812967	-0.006887011	0.1790652006	-0.2010614432	-0.2196953516	0.0063196878	0.1206838786	-0.1937411578	0.1178915653	-0.1511519816	0.086972399	0.2414870351	-0.2045090509	-0.0450429928	-0.0880834453	-0.0620087328	-0.0213059783	-0.0612651937	-0.1096673676	0.2403145205	0.1829065524	-0.0428246435	0.2018159116	0.1360023912	0.1422730594	0.0399406327	-0.2719709492	0.0249854728	-0.0714348992	-0.1300337781	0.1371295609	-0.1118392457	-0.011327707	-0.0341082805	0.0133684008	-0.0523845329	0.0235507887	-0.0825316533	-0.174813268	-0.0067633971	0.1249570115	-0.0108793353	-0.1164625263	-0.1609903754	0.0651231	-0.0001591999999999	0.00424101815361	2.534463999999944e-08	-0.0120217	0.000792	0.00014452127089	6.272640000000017e-07	-0.419151	0.0010149999999999	1.0302249999999758e-06	0.175687560801	0.00876496	-0.0018296399999999	3.3475825295999958e-06	7.68245238016e-05	-0.00262367	-0.0003587299999999	1.286872128999999e-07	6.883644268899999e-06	0.000479954	0.0	0.0	2.30355842116e-07	0.0	0.0	0.0	-0.3891473285	-0.08772813815	0.3953213684	0.03617988791	-1.799011323	1.34582397	0.3175906276	0.1982489088
61844.13390852689	221.43135047679243	3824696898.895806	49031.84297397608	96415.2981009472	379.99148362920096	9295909707.894512	144393.5276307213	61192.57092425848	-169.1151059322001	28599.91905445926	3744530736.320404	67293.89214074232	49574.67708540333	0.9764560000000002	24.564823	0.0981732	0.0612965	0.0814629814	-0.1783313848	0.123590008	-0.1784055648	-0.2412127381	-0.0574577286	-0.0154035845	-0.1503541622	0.1330705994	0.0490491227	-0.0995532038	0.0568899956	-0.3677105815	0.0161805137	-0.0523977168	0.1283372526	-0.0832199939	-0.054370872	0.0107920852	-0.0434105048	-0.0216820759	0.1254977959	-0.0634214641	-0.1866817947	-0.0821520181	-0.1899809015	0.1433417709	0.0484212409	-0.1824744979	0.2799997123	-0.1794237793	0.0091084357	0.1519081758	-0.026361231	-0.0834846269	0.0193747771	0.1764398183	-0.0148325394	0.2095518523	0.150390329	0.0951013015	0.0742914728	-0.2263467555	0.0464825486	0.0383268851	-0.0783717446	0.1849554164	0.0058254847	-0.154336413	0.0484799746	-0.0155198068	-0.0783963514	-0.0989846947	0.0266104179	-0.0227855619	0.0221976152	-0.0067028504	-0.0417129353	-0.1162359149	-0.097366027	0.0651788	5.569999999999187e-05	0.00424827596944	3.102489999999094e-09	-0.0633191	-0.0512974	0.00400930842481	0.00263142324676	-0.3955	0.0236509999999999	0.0005593698009999	0.15642025	0.0085203399999999	-0.00024462	5.983894440004885e-08	7.259619371559831e-05	-0.00252093	0.00010274	1.0555507600000009e-08	6.355088064899999e-06	0.000363932	-0.0001160219999999	1.3461104483999992e-08	1.3244650062400002e-07	0.0	0.0	0.0	-0.3263285151	-0.7524847756	0.557148798	-0.2920891641	-1.858816313	1.550672419	0.7888038895	-0.1812655631
62036.96127714867	192.8273686217799	3848584564.502444	37182.39408959979	96497.385977588	82.08787664079864	9311745500.507595	6738.419491394975	61115.04858580508	-77.52233845339651	6009.71295928296	3735049163.645316	67074.34175546598	50218.132389275605	0.8876349999999998	22.330324	0.10503985	0.0603037	0.0862249104	-0.1499677676	0.0797863539	-0.1084791238	-0.189546558	-0.0399555901	-0.127918557	-0.0811263814	0.2113006203	0.0850755445	-0.2360257862	-0.1071051519	-0.2135528872	0.0590956531	-0.030886773	0.2290377444	0.0191023291	0.1559478975	-0.016919697	0.0231171784	-0.0443868481	0.1142330227	-0.121587354	-0.1199500576	-0.1464734581	-0.1687781709	0.1744574202	0.1181958704	-0.2327333658	0.0440627987	-0.0852267213	0.0258636921	-0.0080361518	-0.0269186183	-0.0777857754	-0.117233675	0.1544460881	0.0155213038	0.1638755546	0.125213226	0.0513502302	0.0907559347	-0.1803670847	0.0924619387	0.0259414609	-0.0441995867	0.0399292581	0.0595399804	-0.1127571028	-0.0336035124	0.0437917879	0.0759745088	-0.1865428613	0.0723216072	0.0679167325	0.0306236678	-0.094423939	-0.0611340487	-0.1241125744	-0.2778074225	0.0654117	0.0002329	0.00427869049689	5.4242410000003774e-08	-0.0756246	-0.0123054999999999	0.00571908012516	0.0001514253302499	-0.364051	0.031449	0.000989039601	0.132533130601	0.0078689799999999	-0.00065136	4.242698496000002e-07	6.192084624039844e-05	-0.00195229	0.0005686399999999	3.2335144959999977e-07	3.8114362441e-06	0.000362883	-1.0490000000000369e-06	1.1004010000000774e-12	1.31684071689e-07	0.0	0.0	0.0	-0.1602549293	-0.8175852193	0.3913223779	0.4833719451	-1.641890276	1.191506597	0.4037292998	-0.08764474333
62222.34326815236	185.38199100369093	3871620001.7797856	34366.482588492545	97059.39095129773	562.0049737097288	9420525371.836857	315849.59047447296	61047.56997086864	-67.4786149364445	4553.363473740951	3726805799.348102	66947.47966558773	50543.47523285622	1.03216	25.96616	0.1919702525	0.0999985	0.0876204923	-0.1314289063	0.0759584139	-0.0398099161	-0.2202247838	-0.0991623212	-0.0822071535	-0.0627720668	0.2702009659	0.1015762034	-0.1148350809	-0.0473559472	-0.1041329479	0.0558379973	0.0183510844	-0.0752178176	0.0885703404	0.049930868	-0.0587096376	0.0608091155	-0.0574140048	0.0033561234	0.047248769	-0.0795777666	-0.2439612257	-0.114729286	0.1803277808	0.0649845764	-0.0942350236	0.1147535502	0.0037502016	0.0308744677	-0.0300272589	-0.0383264011	-0.0222350966	-0.1410859843	0.1199633122	0.0705842116	0.1401543475	0.0727372167	0.0044346167	0.0945751445	-0.1479876551	0.0900043445	0.0973292899	0.12216493	-0.0362331681	0.1591707325	-0.1417005359	0.0189574287	-0.024821284	-0.0154403959	-0.1825916553	0.1642313936	0.1732892075	0.0368004641	-0.0143294363	0.0915291242	-0.0231952194	0.0377140148	0.0490533	-0.0163584	0.00240622624089	0.00026759725056	-0.0838473	-0.0082227	0.00703036971729	6.761279529e-05	-0.315786	0.048265	0.002329510225	0.099720797796	0.00679953	-0.0010694499999999	1.1437233024997875e-06	4.62336082209e-05	-0.000994185	0.0009581049999999	9.179651910249998e-07	9.88403814225e-07	7.95495e-06	-0.00035492805	1.259739206768025e-07	6.32812295025e-11	0.0	0.0	0.0	0.08989768507	-0.990652617	0.4638051172	0.4310631107	-1.264470454	1.043686234	0.2288521876	-0.3260784844
62404.92967659982	182.5864084474597	3894375247.941369	33337.796549742576	96666.60454579355	-392.7864055041719	9344432434.412834	154281.16034888773	61141.30994438559	93.73997351695289	8787.182634959028	3738259781.715424	67016.78799708067	54722.50423248055	1.463575	36.819324	0.0689480974999999	0.0350907	0.1134894134	-0.0582878552	0.003140776	-0.038333864	-0.164502854	-0.0785368859	-0.2340837904	-0.0622576138	0.2026349877	0.127517534	-0.0661603072	-0.0461742403	-0.0839599988	0.0258760162	0.1314890925	0.0482342309	0.0447512303	-0.0672605483	0.0113204362	0.1433468415	-0.0046585388	0.0599982573	-0.2073301823	-0.0665714942	-0.1751616102	-0.0347469285	0.1338510874	0.0508288868	-0.1331537533	0.0876011212	0.0204688331	0.0240244471	-0.0959190393	-0.1349959175	0.1439686137	-0.1270674497	0.124091261	0.0868849207	0.0821222157	0.0918760669	-0.0305009751	0.077713184	-0.1037814922	0.0384974987	-0.0028328814	0.1812312303	-0.1044147705	0.1141111358	-0.0698876337	-0.025100161	-0.0150708528	0.0926220311	-0.1803877474	0.2033320963	0.0175338031	0.007497972	0.0447422097	-0.078142972	0.1537457341	-0.0745026455	0.049275	0.0002216999999999	0.002428025625	4.9150889999999245e-08	-0.0932577	-0.0094104	0.00869699860929	8.855562815999999e-05	-0.341077	-0.025291	0.000639634681	0.116333519929	0.00640962	-0.0003899099999999	1.5202980809999953e-07	4.1083228544400005e-05	-0.000960196	3.398900000000011e-05	1.1552521210000074e-09	9.21976358416e-07	-0.000248646	-0.00025660095	6.58440475409025e-08	6.182483331599999e-08	0.0	0.0	0.0	0.3066805806	-0.9407158138	0.450236539	0.8786262077	-1.076285356	0.9535584781	0.5758663199	-0.1663158964
62329.971543659216	-74.95813294060645	3885025352.633368	5618.721693941629	96858.92686735532	192.32232156176175	9381651713.895683	36987.8753709057	61239.33228548729	98.02234110169957	9608.37935505794	3750255818.772326	67145.66311009276	52413.61436048404	1.301819	32.75	0.0873242999999999	0.0429998	0.1003928667	-0.0897616786	-0.0101442038	-0.0692412175	-0.1022120229	-0.0041026551	-0.2167766276	-0.0679036133	0.1065689131	0.1134048255	0.0204171868	-0.0700830062	0.0353015087	0.1139433049	0.0529684714	0.0557097696	0.2993862207	-0.0945160112	-0.0049711775	0.1387771289	0.068383194	0.0646949394	0.2379625103	-0.0636557233	-0.0978518079	0.0326144367	0.094610394	0.011604972	-0.078114162	0.0605386397	-0.0011094196	0.0022095412	-0.2198072367	0.0177028046	0.2237771052	-0.105786636	0.1073090823	0.090869169	0.0729894398	0.0658816146	-0.0643030067	0.050377175	-0.0789094282	-0.0039698442	-0.0161310159	0.256779677	-0.1574095608	0.0451645343	-0.0548729978	-0.0140229513	-0.0712593634	-0.0445752707	-0.1468047188	0.1546960467	0.0105029238	0.0306217201	-0.0681994727	0.1130787709	0.2179750855	0.2388392036	0.0400418	-0.0092331999999999	0.00160334574724	8.525198223999995e-05	-0.0751001	0.0181575999999999	0.00564002502001	0.0003296984377599	-0.312372	0.028705	0.000823977025	0.097576266384	0.00650581	9.618999999999948e-05	9.2525160999999e-09	4.23255637561e-05	-0.000520934	0.0004392619999999	1.9295110464399997e-07	2.713722323560001e-07	-0.000159528	8.911799999999998e-05	7.942017923999997e-09	2.5449182784e-08	0.0	0.0	0.0	0.3083918073	-0.3237801161	0.3384524782	0.7501600597	-1.093474514	0.9624789249	0.3604637226	0.09322406985
62452.21712633308	122.245582673866	3900279423.9946513	14943.98248327301	97413.97721975688	555.0503524015658	9489482957.771313	308080.89370110235	61415.21622086864	175.8839353813528	30935.15872523188	3771828783.456047	67407.92417751353	51363.73459146189	1.082068	27.221703	0.134292345	0.101851	0.0911813855	-0.0992402445	-0.0720520364	-0.0778944847	-0.0286555799	0.009815859	-0.1446877647	-0.0890619654	0.0129556913	0.0590398278	0.1368524502	0.0191065289	-0.0910403998	0.1253367847	-0.0576150889	0.1258942011	0.2162149161	-0.0490362602	-0.1178807629	-0.067237034	-0.0020479293	-0.2169407709	0.3059252539	-0.0768837728	-0.0106415846	0.0820142983	0.0216248266	-0.0273781578	-0.0598103231	0.1365088464	-0.0970094704	-0.1402135956	-0.0816577948	0.0828715998	0.115171221	0.0700874929	0.1081100952	0.0659335302	0.0391006792	0.012625956	-0.1008022006	0.0216305736	-0.1510131588	-0.0131200778	-0.0957628103	0.1756335951	-0.1500143558	0.0381764997	0.1730927959	-0.0609411196	-0.2068185891	-0.0983896565	0.0703128001	0.107396745	-0.132650572	-0.147031564	-0.161148378	0.0075248243	-0.1548954399	0.2893977817	0.0559363	0.0158945	0.00312886965769	0.00025263513025	0.0211675	0.0962676	0.0004480630562499	0.00926745080976	-0.314499	-0.0021269999999999	4.524128999999957e-06	0.0989096210009999	0.00679953	0.0002937199999999	8.627143839999996e-08	4.62336082209e-05	-0.000520934	0.0	0.0	2.713722323560001e-07	-5.31831e-05	0.0001063449	1.1309237756010001e-08	2.8284421256100003e-09	0.0	0.0	0.0	0.009291332275	-0.4662815026	0.5255347438	0.8724703207	-1.227164784	1.051687431	-0.04542432488	0.04144147698
62537.241073768906	85.02394743582408	3910906521.1186886	7229.071637569777	98071.2193513201	657.2421315632237	9617964065.054745	431967.2195017698	61427.51228019068	12.296059322034123	151.1930748509823	3773339264.932976	67284.06413996936	49001.51190706002	1.362396	34.273933	0.187959495	0.126138	0.0763269006	-0.10144946	0.0087317154	0.0720654535	-0.1411750979	-0.0857925241	0.1408914657	-0.0870815831	-0.0493540822	0.0638525235	0.0585922565	-0.1422974595	0.0358405267	0.3069578643	0.0093063106	-0.0286620524	-0.0490093266	0.107701809	0.0474481668	0.0077259057	0.0274549264	0.0547351243	0.1930661133	-0.0563461201	-0.0584086266	0.0329336525	0.0908884082	0.1490786548	0.2179361452	0.0400678467	-0.1239861654	-0.0738438637	-0.0018041312	0.2861114196	0.0340705398	-0.050560603	0.1069453681	0.1059344597	0.0480083129	0.0116891596	-0.1218692933	0.0565970215	0.0120104017	0.1044559129	-0.0119029509	-0.0369071988	-0.0972099454	0.3143866109	0.0619241187	0.0247434306	-0.1840639382	0.0855255932	0.2165265389	0.1251596589	0.0838959317	-0.1460409374	-0.0466541625	-0.1193338623	0.174782117	0.1323566511	0.0506034	-0.0053329	0.00256070409156	2.843982241000001e-05	-0.0974428	-0.1186103	0.00949509927184	0.01406840326609	-0.289077	0.025422	0.000646278084	0.0835655119289999	0.00683902	3.949000000000053e-05	1.5594601000000421e-09	4.67721945604e-05	0.000144531	0.000665465	4.428436662250001e-07	2.0889209961e-08	-0.000120114	-6.693089999999999e-05	4.479745374809999e-09	1.4427372995999998e-08	0.0	0.0	0.0	0.06041276185	-0.8406944455	0.7982385742	0.6578145464	-1.67814999	0.3414335985	0.3209384445	-0.6500254526
62704.28265912439	167.0415853554805	3931827063.7953672	27902.89123807228	97721.23818336068	-349.9811679594277	9549440392.08911	122486.81792624514	61317.47490995763	-110.03737023304711	12108.222847804684	3759832729.3332834	67103.84044676872	53666.926442700766	1.691822	42.561352	0.09920085	0.0401608	0.1085221987	-0.0454722137	-0.0668184867	0.0630344187	-0.1173013918	-0.1137449951	0.0531922035	-0.0703377995	0.051527634	0.0578560694	0.0784817698	0.0003912698	-0.0594163767	0.0638228488	-0.0058777343	-0.2114735352	-0.0906358868	0.0263869636	-0.1491956253	-0.0329218394	0.2710899924	-0.1381046879	0.0133387722	-0.0372539812	-0.1200294106	0.0716549536	0.0613702214	0.0627735878	0.121392738	0.0589966282	0.0974764697	-0.0719035442	0.2072735831	0.2543105559	0.0687073743	0.045910867	0.103981094	0.1120619272	0.0059520497	0.0126499334	-0.1414135004	0.0576784584	-0.0048353586	0.0329006206	0.0756549681	-0.087521488	-0.1511530106	0.0710894575	0.005843543	-0.0457449952	-0.1875480683	0.2955610034	0.0309222115	-0.3057905504	-0.2231610908	0.1221526234	-0.0391896949	-0.032512144	0.0049483023	0.0960910441	0.0600067	0.0094033	0.00360080404489	8.842205089000006e-05	-0.0792830999999999	0.0181597	0.0062858099456099	0.00032977470409	-0.308496	-0.019419	0.000377097561	0.095169782016	0.00623906	-0.00059996	3.599520016000001e-07	3.89258696836e-05	0.000277442	0.000132911	1.7665333920999997e-08	7.697406336399998e-08	-0.00043162	-0.000311506	9.703598803600003e-08	1.8629582440000002e-07	0.0	0.0	0.0	0.3149344566	-0.6650828309	0.5519815919	1.014866189	-1.479014945	-0.4731804453	0.5604850603	-0.3242451966
62835.823555943134	131.54089681874757	3948340721.953618	17303.007535880395	97982.72957376191	261.49139040123555	9600615294.724957	68377.74725397138	61317.21228813559	-0.2626218220393639	0.0689702214112753	3759800522.788286	67263.9382453622	58902.05031473323	1.668216	41.967499	0.1257086	0.0593594	0.1386879975	0.0333638551	-0.1775484115	0.0004186279	0.0265642973	0.1570849361	-0.0578412323	-0.0822441517	0.0766326316	0.0724282419	0.0544872378	-0.0523907228	0.0855279712	0.051520858	0.0359251305	-0.1303731073	-0.0341373556	0.0951828056	-0.116081966	-0.0597801317	-0.0623181492	-0.1611680151	0.091073431	-0.060609078	-0.0766792363	0.165196801	0.0190943258	-0.0297724786	-0.0030232779	-0.1351770848	0.1192928779	-0.2221296322	0.0508376025	0.0226797986	0.025621538	0.0496668102	0.0938934887	0.1231274462	-0.021583215	0.0143490636	-0.1400904896	0.0293971342	0.0313544743	-0.0810457637	0.0445115811	0.0376593427	-0.2113362404	-0.1098399399	0.0673669077	-0.0633093828	-0.0712198353	-0.0660223819	0.004584215	-0.1584691735	-0.2410188153	0.0231749953	0.1571187266	-0.1346906096	-0.0688236999	-0.1915522512	0.0520287	-0.007978	0.0027069856236899	6.36484840000001e-05	-0.0275073	0.0517757999999999	0.0007566515532899	0.0026807334656399	-0.327846	-0.01935	0.0003744225	0.107482999716	0.00571552	-0.00052354	2.740941316000003e-07	3.26671688704e-05	0.000589305	0.000311863	9.725853076900005e-08	3.4728038302500005e-07	-0.000528313	-9.669299999999996e-05	9.349536248999993e-09	2.79114625969e-07	0.0	0.0	0.0	0.564970679	0.5431162984	0.9627647175	1.018653375	-0.9057563254	-0.8718596492	0.8987489754	-0.4441332473
62564.63602847276	-271.1875274703707	3914333681.375272	73542.67505549306	98972.81675585471	990.0871820928004	9795618456.587996	980272.6281444624	61291.694059851696	-25.51822828389413	651.1799747489345	3756671760.72646	67463.54157982276	54242.110923116525	1.830289	46.044792	0.09432625	0.0429193	0.1160761664	-0.0586450819	-0.1682122115	-0.1395364072	0.1108188611	0.0608982557	0.1955659458	-0.0782336848	0.0722735386	0.1139132852	0.0779947978	-0.00413909	-0.0276790632	0.0059404331	-0.1347326313	-0.0002649925	0.0159423635	-0.1781203919	-0.0846124829	-0.1251471826	0.0037725425	-0.1443273463	-0.1788595172	-0.0839968861	-0.0164748252	0.1593412831	0.000970669	-0.1589757054	-0.1633941422	-0.0303882176	0.1670627849	-0.2257461437	0.0001963522	0.1129450664	-0.1790181219	-0.2447116075	0.1030160958	0.1160266903	-0.0042550795	0.0032555716	-0.098373366	0.0535424756	0.0754954186	-0.0647808104	-0.0206777526	-0.0360504433	-0.281376839	-0.1689486898	0.2113566729	-0.0478854533	0.0791246084	0.0304773927	0.0059326959	0.0522770732	-0.0287916538	0.154999441	-0.1060872998	-0.2221749472	-0.0758643555	-0.0828712255	0.0492059	-0.0028228	0.00242122059481	7.968199840000002e-06	-0.0529699	-0.0254626	0.00280581030601	0.00064834399876	-0.306518	0.021328	0.000454883584	0.093953284324	0.00636193	0.00064641	4.1784588810000003e-07	4.04741533249e-05	0.000353485	-0.00023582	5.561107240000002e-08	1.24951645225e-07	-0.000516286	1.2026999999999958e-05	1.4464872899999901e-10	2.6655123379600005e-07	0.0	0.0	0.0	0.3816552131	1.911853041	0.7751199679	1.141555214	-1.10891083	-0.8827877007	0.4035994514	-0.05900371789
62200.64063084906	-363.99539762370114	3868919694.888031	132492.64949123628	97695.24357659608	-1277.5731792586305	9544360617.490438	1632193.2283610045	61153.19174788136	-138.5023119703328	19182.890421127395	3739712860.953145	67102.05902681923	45862.76862471233	2.103418	52.915913	0.0973604499999999	0.0585699	0.0498040756	-0.1161285272	-0.0608278151	-0.0747904921	0.0370865487	0.186255089	0.0484799424	-0.081265973	0.0778013982	0.1122421972	-0.0417750451	-0.1016850969	0.132609834	-0.0274107703	-0.0603907722	-0.0633231204	-0.0400986016	-0.0490397288	-0.0733013224	-0.0722079652	-0.0688903508	0.0587828161	0.0669601611	-0.0664972294	-0.044417029	0.0685361064	0.0735971494	-0.0418481198	-0.0917838296	-0.1718622577	0.1125697555	-0.1196126716	0.0043516904	0.1391310021	0.0591317842	0.0454220644	0.0823928429	0.1000756185	0.0490722532	-0.0129678441	-0.0783503057	0.0907754389	0.0350499534	-0.0158999182	0.0131886076	-0.0347458529	-0.2748543944	-0.1999364816	0.2745520764	0.0711988316	0.1206425958	0.0030194193	0.0812203485	-0.1030910285	0.2699741908	0.2007698041	-0.2386068693	0.027171394	-0.1199556532	-0.2353667333	0.0431666	-0.0060392999999999	0.00186335535556	3.647314448999997e-05	-0.0530414	-7.150000000000212e-05	0.00281339011396	5.112250000000303e-09	-0.25023	0.056288	0.003168338944	0.0626150529	0.00673543	0.0003734999999999	1.3950224999999977e-07	4.53660172849e-05	0.000532066	0.0001785809999999	3.1891173560999996e-08	2.83094228356e-07	-0.000663438	-0.000147152	2.1653711104e-08	4.401499798440001e-07	0.0	0.0	0.0	0.2596048091	0.4925104308	0.7470907829	0.850206444	-0.8049413207	-1.154090626	-0.388720737	-0.6065894282
62343.33098583509	142.69035498602898	3886690918.4093857	20360.53740603897	97615.4089116572	-79.83466493888409	9528768056.990044	6373.573725903889	61162.28315677966	9.091408898297232	82.65371575603808	3740824880.950093	67111.62595326993	47491.14049867142	1.337171	33.639347	0.0965365999999999	0.0629265	0.0618914046	-0.107638994	-0.0113380277	0.0102918277	-0.0941043045	0.2270178769	0.1212309566	-0.0283618438	0.0819515041	0.1341883908	-0.0615706776	-0.0176338157	0.1032684783	0.1306089804	-0.0614558103	0.0095208309	-0.0813591827	0.0030473577	-0.0608420301	-0.0805583498	0.0336261609	-0.0529153202	0.1102138288	-0.020301106	-0.099621373	0.0078136009	0.1454076687	-0.0540117314	0.0248424378	-0.1185579168	-0.0972106047	-0.1022142052	0.0360436006	0.15468668	-0.0453634197	-0.0254892695	0.0674440616	0.1142967984	0.0537958536	-0.0359218991	-0.1019005939	0.1317070297	0.03678877	0.082047709	-0.0069206326	0.0338100752	-0.0578288666	0.0216394633	0.1877729536	-0.0124148584	-7.40101e-05	-0.083697091	0.0398644469	-0.0318543211	0.1720748124	-0.040074039	0.2606278713	0.1166510736	0.000179658	0.1113293721	0.0430757	-9.089999999999791e-05	0.00185551593049	8.262809999999623e-09	-0.0657603	-0.0127188999999999	0.0043244170560899	0.0001617704172099	-0.231571	0.018659	0.000348158281	0.0536251280409999	0.00572828	-0.00100715	1.0143511225e-06	3.28131917584e-05	0.000301841	-0.0002302249999999	5.3003550624999994e-08	9.1107989281e-08	-0.000727419	-6.398099999999996e-05	4.093568360999994e-09	5.29138401561e-07	0.0	0.0	0.0	0.1934439085	-0.3249001569	0.9649745904	0.8832547954	-0.9519334732	-0.9501910796	-0.2898157501	-0.4624658329
62554.70390166994	211.37291583485057	3913090980.2256007	44678.509548526825	97989.4719244108	374.06301275359874	9601936608.024893	139923.13751029898	61178.32024894068	16.037092161022883	257.1883249811416	3742786868.4819455	67030.72098867464	49196.45870285625	1.229367	30.927334	0.10448735	0.0536158	0.0728504029	-0.0703848464	-0.0011110581	0.1160457522	-0.1680129194	0.1092366826	0.178044792	-0.0126833781	0.1587411582	0.1573442693	0.0500715022	0.0647304056	0.0567904348	0.0199430588	0.0799697443	-0.0725300516	0.052666812	-0.042562352	-0.0192896384	-0.1075031208	-0.0105735878	0.0436880699	-0.1153510238	0.0133430449	-0.189095383	0.0310031855	0.1318077393	-0.1101067427	0.1018372444	-0.0348804502	0.033765023	0.0094527899	0.1162319628	0.0920823825	0.1050007733	-0.1614677652	0.0546003999	0.1328439445	0.0156766596	-0.0304073033	-0.1097182777	0.1153627534	0.0870585446	0.0812591537	0.0535663035	0.056696495	-0.0026138605	0.0220551652	0.1256809932	0.0326926627	0.0717345862	-0.1053297609	0.0507938508	-0.2403445182	0.1919839212	-0.1039554921	0.2559452668	0.1625982541	0.1050013124	-0.1563607404	0.0432419	0.0001661999999999	0.00186986191561	2.7622439999999436e-08	-0.0919217	-0.0261614	0.00844959893089	0.00068441884996	-0.224759	0.006812	4.640334400000017e-05	0.0505166080809999	0.00523361	-0.00049467	2.446984089e-07	2.7390673632099995e-05	0.000777095	0.000475254	2.25866364516e-07	6.03876639025e-07	-0.00118445	-0.000457031	2.0887733496100008e-07	1.4029218025000002e-06	0.0	0.0	0.0	0.3294789982	-0.7279579376	1.068508279	0.7296374369	-0.5289132011	-0.8188085308	0.1033903693	-0.6048462382
62820.470660695566	265.7667590256242	3946411534.031313	70631.9702029842	97449.4315194287	-540.0404049820936	9496391703.459826	291643.6390132237	61262.99076800847	84.67051906778943	7169.096799208893	3753154037.841091	67104.8382771091	56231.974619784094	2.012029	50.616837	0.0812963999999999	0.0396473	0.1179430436	0.0023798272	-0.085440006	0.075525601	-0.0937671245	0.1316296217	-0.0576618537	-0.0157682464	0.1063153884	0.0998112026	0.0068074685	-0.1534714432	0.212534064	0.0389055832	-0.0030485687	-0.2148229727	-0.2005106357	-0.2170604981	-0.0779502535	0.0777165925	0.1841474869	0.2796268276	0.0071207342	-0.0006529849	-0.1401417967	0.1183377108	0.0638903349	0.011169416	0.0612691896	-0.2285024739	0.0512214029	-0.0248205369	-0.0275451223	0.0027452061	0.0725451984	-0.0330735424	0.054235789	0.1373328478	-0.0273409135	-0.0407926933	-0.1111445302	0.0886987877	0.1022371715	0.0072838881	-0.0266181995	0.0546491676	0.0862064095	0.0242286657	-0.0357727293	-0.0695003861	-0.0403407397	-0.1026439363	-0.0222715719	-0.0864150955	-0.0985326696	-0.071656686	0.3077003759	0.253897137	-0.0706141037	0.0728014936	0.0455186	0.0022766999999999	0.00207194294596	5.183362889999998e-06	-0.0698034	0.0221182999999999	0.00487251465156	0.0004892191948899	-0.254333	-0.0295739999999999	0.0008746214759999	0.0646852748889999	0.0047586	-0.0004750099999999	2.256345000999997e-07	2.264427396e-05	0.000705557	-7.1538e-05	5.1176854440000005e-09	4.97810680249e-07	-0.00118445	0.0	0.0	1.4029218025000002e-06	0.0	0.0	0.0	0.6292964056	-0.6339833089	1.022674606	1.194864091	-0.06413800749	-0.9871513883	0.07803465967	-0.1744147966
62804.95146849518	-15.519192200386897	3944461928.960035	240.8453265525495	97703.79545327416	254.36393384545227	9546031645.975237	64701.01084133362	61345.392804555086	82.40203654661309	6790.095627029359	3763257218.345159	67151.35748657658	55323.33825778222	1.028762	25.88068	0.0520374999999999	0.034213	0.1171557617	-0.0012976966	-0.1018828199	0.0703598565	-0.1006312882	0.1588888092	-0.0035930337	-0.0283368655	0.0779848827	0.0521686712	0.121069636	-0.0842972527	0.1174414922	0.0691590147	0.0757385957	-0.0294853006	-0.0620055738	-0.2021474214	-0.1258086601	0.0384613357	-0.1033534798	-0.0575636197	0.0355360447	-0.0049210165	-0.127173144	0.1174224897	0.0106139542	-0.0079864638	0.1044455284	-0.098877874	-0.1138719818	-0.08248197	-0.023501329	-0.0609364543	0.131994123	0.0088384772	0.0651210819	0.1578719095	-0.034610936	-0.0241100932	-0.1233674505	0.0556990525	0.1760823066	0.0476287095	-0.1026892405	-0.0053584429	0.112193504	-0.0027601845	-0.1435506398	0.0803396057	0.0326795694	-0.0871778444	0.0800060485	0.0318286591	-0.0896461928	-0.0239501552	0.0532723867	-0.0120402609	0.1834573715	-0.053513619	0.0432871	-0.0022314999999999	0.00187377302641	4.979592249999988e-06	-0.101674	-0.0318706	0.010337602276	0.00101573514436	-0.254315	1.799999999996249e-05	3.2399999999864965e-10	0.064676119225	0.00486132	0.0001027199999999	1.0551398399999945e-08	2.36324321424e-05	0.000961185	0.000255628	6.534567438400002e-08	9.23876604225e-07	-0.00118445	0.0	0.0	1.4029218025000002e-06	0.0	0.0	0.0	0.7497828973	-0.6125930288	1.041906748	0.9384361871	-0.2654661739	-0.3954588444	0.6172178043	-0.2292951868
62764.59084114444	-40.36062735073938	3939393863.4562726	1628.9802401452516	97714.47025096956	10.674797695406596	9548117696.427616	113.95130583785796	61416.78653072034	71.39372616525361	5097.064135759218	3772021667.7600713	67336.57139517309	55215.0196566323	0.938329	23.605642	0.02208385	0.0128479	0.1153815406	-0.0090377165	-0.1399837792	0.0208223573	-0.0085181564	0.1770913026	-0.0509739636	-0.0493148334	-0.0330088624	0.0875343567	0.1827341229	0.0185502432	-0.0480517844	0.1863494708	0.1520235066	0.0635642862	0.0399973604	-0.1419583576	0.0981385423	0.1676215452	-0.0718675358	-0.0270379241	0.0111140125	-0.0156874441	-0.0249094586	0.1758147726	0.0366813173	-0.0248110794	0.1420319617	0.0555105497	-0.2035936008	-0.1241148289	-0.0470672108	-0.1983522517	0.13023403	0.0226203661	0.0551986633	0.148543878	-0.0466859093	-0.0454781043	-0.0957295979	0.0237170941	0.1219932731	-0.0328262726	-0.0684264299	-0.0179904368	0.1029215021	-0.0460249497	-0.2514366273	0.0698474001	0.0451156913	-0.0330767136	0.0117930641	-0.0395216145	-0.2594208212	0.0437218741	-0.2363570338	-0.0539010175	-0.0078775722	0.0700929019	0.0546092	0.0113220999999999	0.0029821647246399	0.0001281899484099	-0.101687	-1.2999999999999123e-05	0.010340245969	1.6899999999997719e-10	-0.254309	6.0000000000060005e-06	3.600000000007201e-11	0.064673067481	0.00493306	7.174000000000069e-05	5.146627600000099e-09	2.4335080963600004e-05	0.0011043	0.0001431149999999	2.048190322499996e-08	1.2194784899999998e-06	-0.00118445	0.0	0.0	1.4029218025000002e-06	0.0	0.0	0.0	0.6944735933	-0.1453036099	0.5729165892	0.7036023672	0.1023876886	-0.06568788235	0.07064107612	0.1584412912
62774.62934309945	10.038501955008542	3940654089.163522	100.7715215007103	97838.335443392	123.86519242243958	9572339882.333696	15342.585893847983	61394.74003972457	-22.04649099576636	486.0477652264073	3769314104.54536	67361.41020197245	58045.65965614023	1.442852	36.297989	0.1002058	0.061246	0.1278714874	0.0345285067	-0.1270868861	-0.0005490279	0.0315175408	0.1317329224	-0.0471215671	-0.0152447097	-0.0501033617	0.0966396479	0.1281917124	0.0303888713	-0.0062343384	0.2187735365	0.1632583852	0.119719513	-0.1201990031	-0.0870283569	0.0404112368	-0.1693536887	-0.0350312819	-0.0419243925	0.0520804735	-0.0120623859	0.0110662623	0.1514879793	0.0526787387	-0.040831479	0.0912785567	-0.0056626495	-0.2759685582	-0.0948767516	0.0126839144	-0.1571339998	-0.0747671753	0.0020301587	0.0427701709	0.1563074503	-0.0355464862	-0.0324458493	-0.0876360814	0.0649482942	0.131492119	0.0290852229	-0.1547483457	-0.0616378738	0.0867456349	-0.0272009651	-0.2478390136	0.090562765	0.1291256696	-0.0645338588	0.1549634721	0.0724468798	-0.1606416237	-0.0352863066	-0.1604526556	-0.076586772	0.0372845402	-0.0241327336	0.0433162	-0.0112929999999999	0.00187629318244	0.0001275318489999	-0.0892426999999999	0.0124443000000001	0.0079642595032899	0.00015486060249	-0.228072	0.026237	0.000688380169	0.052016837184	0.00395552	-0.00097754	9.555844516000011e-07	1.5646138470399998e-05	0.00113139	2.7090000000000013e-05	7.338681000000006e-10	1.2800433320999995e-06	-0.00118445	0.0	0.0	1.4029218025000002e-06	0.0	0.0	0.0	0.8652370395	-0.05296044223	0.8569726833	0.870273369	-0.05872892196	0.1217013132	0.331483436	-0.08625987903
62520.36147827683	-254.26786482262105	3908795599.374401	64652.14708145469	97779.66414640514	-58.67129698686768	9560862720.583786	3442.321090121228	61376.40304025424	-18.336999470331648	336.24554957494314	3767062850.15973	67315.65835582072	48962.577773456425	2.330677	58.633099	0.0995318	0.0534341	0.0712611294	-0.0531013415	-0.0955203905	-0.0176591018	0.0304293816	0.1981076849	-0.01578178	-0.0243143983	-0.0525922904	0.0272381885	0.0296369692	-0.1244672458	0.0886596467	0.1851160485	-0.0764222994	-0.0234072514	-0.2601169233	-0.0045350779	0.0382098389	-0.1481123341	-0.0721529647	0.1729655734	-0.0338007205	-0.0084037248	0.0119617976	0.1112152863	0.0553674042	0.0364072095	0.1284383541	-0.1463607617	-0.1586884786	-0.1047300962	0.0300100411	0.0386270831	-0.2428390837	0.0428856996	0.036350275	0.1406304821	-0.0306343869	-0.078062869	-0.1128685247	0.0359953102	0.1416788687	-0.0212026308	-0.0799992187	-0.0529448305	0.1963887837	-0.0992269019	-0.0608902273	0.1079443735	0.0852286289	-0.0028793803	-0.0565479753	0.073666485	-0.0730389713	0.0945472722	-0.1181519489	0.1075777038	-0.1490311585	-0.0382551045	0.0474574	0.0041411999999999	0.0022522048147599	1.714953743999998e-05	-0.0770816	0.0121610999999998	0.00594157305856	0.0001478923532099	-0.201035	0.027037	0.000730999369	0.0404150712249999	0.00480127	0.00084575	7.152930625000003e-07	2.30521936129e-05	0.00140949	0.0002781	7.733961000000007e-08	1.9866620601e-06	-0.00118445	0.0	0.0	1.4029218025000002e-06	0.0	0.0	0.0	0.6082366497	0.2410101692	0.886086883	0.8334077511	-0.1472710867	-0.6182859326	-0.2913793075	-0.3910442763
62504.37317856783	-15.988299708995328	3906796666.4456697	255.6257275846601	97557.15950365452	-222.5046427506168	9517399370.42149	49508.3160455796	61289.16281779661	-87.24022245762899	7610.8564144565935	3756361478.906383	67274.20793017061	47922.24516639414	0.974013	24.503347	0.0467001999999999	0.0278513	0.0611919807	-0.0495105625	-0.0691853222	0.0169764194	0.0146210986	0.1823752693	0.0171737399	-0.0065713977	0.0360272429	0.1138549594	0.0603161102	-0.0476125873	-0.0282885188	0.1253575684	0.0223055013	0.064789722	-0.1587353492	0.0513878727	-0.0472015201	0.0506457048	0.0686916557	-0.0288376386	-0.1870573197	0.0013292771	-0.0428790263	0.1058151907	0.0984928411	-0.0540407686	0.0466482242	-0.0506688582	-0.2076535182	-0.0965507184	0.0163699812	-0.0692903967	-0.1326042469	-0.0647126481	0.0393522705	0.1492702061	-0.0112390053	-0.0569415975	-0.0987017126	0.101090398	0.1651236766	0.0719311648	-0.1014954813	-0.0849316566	0.2001571146	0.019085417	-0.0869557132	0.1460814423	0.1804767124	0.0022164457	0.1668302273	0.0498586702	0.1180991004	-0.0180854934	0.0315069171	0.0883123241	-0.1462526955	-0.0230151311	0.0514977	0.0040403	0.00265201310529	1.632402409000003e-05	-0.1016	-0.0245183999999999	0.01032256	0.0006011519385599	-0.195398	0.005637	3.177576900000004e-05	0.0381803784039999	0.00471866	-8.260999999999945e-05	6.824412099999911e-09	2.2265752195600004e-05	0.00157697	0.00016748	2.8049550400000005e-08	2.4868343809e-06	-0.00118445	0.0	0.0	1.4029218025000002e-06	0.0	0.0	0.0	0.4922957093	-0.3639774425	1.13678069	0.5727814209	0.04539919985	-0.6298608842	-0.09723024513	-0.5078534704
62515.03218352575	10.659004957917205	3908129248.907261	113.61438669290357	97868.24099418258	311.08149052805675	9578192595.2954	96771.69374915746	61178.04664459746	-111.1161731991524	12346.803946424034	3742753391.2485423	67032.02969629942	40962.99112671845	2.162228	54.395397	0.3715502	0.204455	-0.0039359476	-0.0510529931	-0.0377816633	0.0947779129	-0.0709177581	0.1383252646	0.0956348538	0.0171687198	0.0635724925	0.0065055387	0.0616776393	0.0558635506	0.1391888893	0.2998694428	-0.1112693388	0.0921363399	-0.1198819373	0.2054558824	0.1009056479	0.0199880427	0.029140482	-0.3120470949	-0.2835340878	0.0315207919	-0.1253605882	0.0338501586	0.0640118505	-0.0642821156	0.2412051203	-0.072954457	-0.2150105034	-0.1060065355	-0.117040416	-0.0046691235	-0.2103777853	-0.0145732538	0.028350793	0.1247414612	-0.0814072566	-0.2501752023	-0.0924499714	-0.048147477	0.0774789302	0.0373646014	0.0834315314	-0.1367421882	0.4342339804	-0.1946883406	0.3373603812	-0.0609044262	-0.2012586638	0.2953275636	-0.3472869678	0.1997844598	0.0888394112	-0.0363141657	0.0053579027	0.0671801285	0.0489615674	0.0619128252	-0.0328284	-0.0843261	0.00107770384656	0.00711089114121	-0.0512483	0.0503517	0.0026263882528899	0.00253529369289	-0.175462	0.0199359999999999	0.0003974440959999	0.030786913444	0.00597179	0.0012531299999999	1.5703347968999997e-06	3.56622758041e-05	0.00447137	0.0028943999999999	8.377551359999997e-06	1.99931496769e-05	-0.000993252	0.000191198	3.655667520400002e-08	9.86549535504e-07	0.0	0.0	0.0	0.1179934105	-0.6400706535	1.239974045	1.318478562	0.4436078004	-0.2262505284	-2.021400278	-0.5176145835
62951.71897441311	436.686790887361	3962918921.833484	190695.3533355017	97558.6358657145	-309.6051284680725	9517687431.979076	95855.33557373167	61262.4426032839	84.39595868643664	7122.67784260272	3753086873.720654	67267.40790463505	60495.6200405387	3.132159	78.796074	0.364186	0.184294	0.1391397783	0.0848152985	-0.1547159226	0.0080920002	-0.0474378348	0.140193252	-0.1609829874	-0.0011257064	0.0925826578	0.1264754198	0.1320933486	0.0987451804	0.1084579188	-0.0782302464	-0.0548118486	-0.03603448	0.0662936585	-0.0606132974	0.0522615987	0.0181450724	-0.0910020897	0.0598007198	-0.1369609466	-0.0099735145	-0.0769149966	0.1336017893	0.0414431049	-0.1864042294	-0.0258663555	0.0083715312	-0.0256444304	0.0143323705	-0.1609540092	-0.2201109624	0.0741321419	0.0987861214	0.0300484256	0.1823784574	-0.1428553187	-0.2163048941	0.141842846	-0.1082114766	-0.0992352899	-0.0318697625	0.1682612462	0.0024059476	0.1035139243	-0.3159988382	-0.1501584126	-0.3104680672	-0.4069381251	-0.1727031726	0.1476272159	0.0057164254	0.1395951418	-0.0636044168	-0.0280073405	-0.3571301543	0.0447659993	-0.0631213544	0.0153187	0.0481471	0.00023466256969	0.00231814323841	-0.0146398	0.0366084999999999	0.0002143237440399	0.0013401822722499	-0.302488	-0.1270259999999999	0.0161356046759999	0.0914989901439999	0.00314133	-0.00283046	8.011503811600002e-06	9.8679541689e-06	0.00433964	-0.00013173	1.7352792900000012e-08	1.88324753296e-05	-0.00107915	-8.589800000000005e-05	7.3784664040000094e-09	1.1645647225e-06	0.0	0.0	1.0	1.430574671	0.02030269138	1.313794918	0.7459180587	1.183009504	0.03263047832	-1.321749284	-0.8130018164
62947.111975216925	-4.606999196184916	3962338906.020498	21.224441593648457	98999.49359524164	1440.8577295271389	9800899732.11429	2076070.9967381016	61305.40147510593	42.95887182203296	1845.4646682218572	3758352250.02392	67418.64404383143	62956.95408263687	1.234066	31.045538	0.2261693999999999	0.126589	0.1517619235	0.1144778224	-0.1692424264	-0.0539977841	0.0918021722	0.021176635	0.0039205894	-0.0612002378	-0.0308738313	0.2603433029	0.0520345774	0.0379402258	0.1868151532	-0.2407670552	-0.0675115317	-0.0348370852	-0.0354239177	0.1547196773	0.1945402015	-0.0208597469	-0.1155207834	-0.0402363818	-0.1634010407	-0.0542635805	0.0224443162	0.1965706257	0.1285407509	-0.1847195311	-0.0542530056	-0.0092645641	0.072181106	0.2626392616	-0.1457382867	-0.1058478609	-0.0659046591	0.1340165004	0.0079320906	0.1965201705	-0.1342838906	-0.1389942393	0.3144583514	-0.0487445013	-0.1169676916	0.0161497875	0.0602754943	0.0749978049	-0.1331555344	-0.1178705366	-0.3211063645	-0.1504315714	0.1832354633	0.1346133255	0.256097042	-0.0263487929	0.2338634078	0.0703633032	0.0336544619	0.1630455535	-0.003595022	0.0767460693	-0.0069482	-0.0222669	4.827748324e-05	0.0004958148356099	-0.0728817999999999	-0.0582419999999999	0.0053117567712399	0.0033921305639999	-0.261888	0.0405999999999999	0.0016483599999999	0.068585324544	0.00150824	-0.0016330899999999	2.6669829480999995e-06	2.2747878976000003e-06	0.00388852	-0.0004511199999999	2.035092543999998e-07	1.51205877904e-05	-0.00109615	-1.699999999999987e-05	2.8899999999999564e-10	1.2015448225e-06	0.0	0.0	0.0	1.722461673	1.61602767	0.3356809877	0.6370735294	1.022186578	0.6985023442	-1.094786929	0.1632123228
62721.70321189559	-225.40876332133485	3934012053.8011136	50809.11058205355	98559.61088995376	-439.8827052878769	9713996898.779093	193496.79441138115	61442.03308527543	136.63161016949743	18668.196897509515	3775123429.65208	67449.43263702931	58574.15974272499	1.516949	38.162048	0.16284304	0.0840048	0.1113570985	0.0992058981	-0.127170465	-0.0647388961	0.1301679179	-0.133151919	-0.0337768399	-0.0694997499	-0.1461892949	0.2352856062	0.0773394723	0.016565909	0.1643253017	-0.2154381755	-0.1561018141	0.2175422159	0.2466771722	0.1195325239	0.1388668321	0.0715681955	0.1393916883	0.1753334708	-0.1292717708	-0.0577655296	0.1287648926	0.1967802428	0.096700362	-0.1311534747	-0.0697537921	0.0645123882	0.057950427	0.3865337675	-0.2354014964	0.1557259559	0.0269599023	-0.0005580632	-0.0208265224	0.1634523255	-0.1398975421	-0.2223490274	0.2616346104	-0.1062940769	-0.1893577625	-0.0581657464	0.0642560209	0.1380039261	-0.0238091609	0.0708447114	0.0347368074	0.0400383868	0.0847806177	0.0900809505	-0.104195902	-0.0208681694	-0.0755801529	0.0377087446	-0.0204030141	0.1476730922	-0.2997215517	0.1471935095	-0.00111146	0.00583674	1.2353433316000002e-06	3.40675338276e-05	-0.037098	0.0357837999999999	0.001376261604	0.0012804803424399	-0.198344	0.063544	0.004037839936	0.039340342336	0.00111845	-0.00038979	1.519362441000001e-07	1.2509304025e-06	0.004564	0.00067548	4.562732304000006e-07	2.0830096000000005e-05	-0.00118445	-8.830000000000014e-05	7.796890000000025e-09	1.4029218025000002e-06	0.0	0.0	0.0	1.378015761	0.8826264594	-0.01050563627	0.02504510584	0.2392518792	1.307833062	-1.597479238	0.8233729034
62516.80994060887	-204.8932712867172	3908351525.150212	41981.252618572296	99313.12534494331	753.5144549895485	9863096865.780422	567784.0338781964	61464.13162605932	22.09854078389617	488.3455047775223	3777839476.545546	67566.72464560789	55629.43205888142	1.427885	35.921463	0.0885165	0.0462545	0.0813777846	0.07415854	-0.094254657	-0.0470206532	0.159064111	-0.1659310087	0.0436493306	-0.0573525696	-0.1565864423	0.1704387789	0.214165637	0.1834816045	0.0220161041	-0.1579536327	-0.2095874425	0.0576285335	-0.0075435475	0.088665133	0.0653159575	-0.0550881712	-0.0404521069	0.167589536	0.1679507134	-0.0490460962	0.1574454566	0.1851454283	0.058650395	-0.2090017205	0.0331056179	0.1882185354	0.0812267711	0.1901139806	-0.0331893207	0.2155933109	-0.0398890192	0.1692839293	-0.0208697006	0.158447378	-0.1089635309	-0.2260615715	0.2572374531	-0.1340715649	-0.0922393297	-0.0304013723	-0.0506826046	-0.0721957838	-0.0717911845	0.3328441081	0.1150906144	0.0671677873	0.1973748455	-0.1297234991	0.0519040567	-0.0174163712	-0.02442903	-0.1672825371	0.0232656498	0.0255880892	0.0355176831	-0.1151040151	0.00526824	0.0063797	2.7754352697600003e-05	4.0700572090000007e-05	-0.0509083	-0.0138102999999999	0.00259165500889	0.0001907243860899	-0.179723	0.018621	0.0003467416409999	0.0323003567289999	0.00196975	0.0008513	7.247116900000003e-07	3.879915062500001e-06	0.00442119	-0.00014281	2.0394696100000045e-08	1.95469210161e-05	-0.00118445	0.0	0.0	1.4029218025000002e-06	0.0	0.0	0.0	1.027047374	2.097149278	0.002645495989	-0.07248770665	-0.2901926219	0.5447680123	-0.9036912821	0.7710549349
62166.376295778246	-350.4336448306276	3864658341.748299	122803.73942927844	98968.12545215544	-344.9998927878769	9794689855.513577	119024.92602364656	61406.27369438559	-57.85793167373049	3347.540257562066	3770730449.029792	67620.59783482636	50269.337118459305	1.644076	41.360191	0.0871925159999999	0.0463824	0.0408931915	0.022342985	-0.0438623254	-0.1087106733	0.1796734437	-0.1353860203	0.1048710334	-0.0580373583	-0.1710929599	0.1474401447	0.0437175673	0.125183997	0.0528831865	-0.1094129312	-0.3023895797	0.037713206	-0.113639591	0.0022038931	0.1280497101	-0.097432667	0.0570360709	-0.1382808746	0.2181292696	-0.0638519787	0.2027430431	0.1041614759	0.0918406063	-0.1884034369	0.0120229789	0.0724074183	0.0980547186	0.0950424087	-0.0680081803	0.2004068144	-0.2348243654	0.1144804095	-0.0152645717	0.1358764976	-0.056774676	-0.2499560975	0.2247025998	-0.12825076	-0.0892108029	-0.0522732678	0.0452147809	-0.1807518961	-0.0812190581	0.2206832029	0.178144116	0.2075610089	0.0321841294	-0.0512922002	-0.2205387992	-0.0143669411	-0.2107554412	0.1313987413	-0.0106697393	-0.0521770529	0.2664542858	-0.0937585168	0.000776724	-0.004491516	6.03300172176e-07	2.0173715978256e-05	-0.0583148	-0.0074065	0.00340061589904	5.4856242250000046e-05	-0.138669	0.041054	0.001685430916	0.0192290915609999	0.00229148	0.0003217299999999	1.0351019289999978e-07	5.2508805904e-06	0.00477565	0.00035446	1.256418916e-07	2.28068329225e-05	-0.00117583	8.619999999999982e-06	7.430439999999969e-11	1.3825761889000002e-06	0.0	0.0	0.0	0.9702989651	1.760089192	0.5337717487	-0.4447836277	-0.5750898847	0.537538058	-1.117980656	0.2584966692