2.649781539000000130e+00	2.457601862000000081e-01	-6.125441991000000197e-01	1.020186213999999980e+00	-2.180083200999999971e+00	-2.625500771000000011e+00	-4.745018595000000117e-01	-5.299046457999999626e-01	-9.536840750999999727e-01	1.315020848000000075e+00	1.570955786000000076e+00	-1.406296338999999951e-01	-1.403570763999999915e+00	-2.189398199999999850e+00	7.861988679000000424e-01	2.866939378000000205e-01	2.132753066999999891e+00	2.418484257999999887e-01	9.040854574000000143e-01	-8.552758785999999835e-01	9.834128812999999580e-02	-1.708865295999999923e+00	2.164098202999999998e+00	1.484541434999999909e+00	-2.798178333999999934e-01
2.213697962999999991e+00	-4.450413233000000135e-01	-9.211702512000000120e-03	8.640291275000000493e-01	-1.799515618000000039e+00	-2.405453263000000064e+00	-3.450534970000000007e-02	-6.154390851000000051e-01	-1.184896759999999993e+00	1.910152450000000002e+00	1.347264358000000106e+00	-1.590382414000000022e-01	1.433756902000000055e+00	-5.555676972999999963e-01	1.198884435999999942e+00	1.261698662999999998e+00	2.291343088000000083e+00	-5.240366934000000310e-01	1.584421083999999924e+00	-3.338865478000000220e+00	-4.154926606000000078e-01	2.663153171000000041e-01	-4.278079171999999986e-01	4.364789745000000054e-01	-1.642330928000000023e+00
2.177229849999999800e+00	2.476368026000000111e-01	-1.098583164999999973e-01	5.020156270000000198e-01	-2.873690075999999927e+00	-1.108086794000000097e+00	-2.125789369999999956e-01	-4.279921601000000186e-01	-7.658301731000000112e-01	1.626597150999999908e+00	1.472408935999999890e+00	-8.531653673000000326e-01	1.458187995000000070e+00	2.264807232000000115e-01	1.122266444999999946e+00	-8.029408724000000608e-02	1.642322091000000039e+00	3.962239109999999842e-01	1.737841060000000049e+00	-8.849658016000000460e-01	-2.456806378999999985e-01	-1.241013863999999911e+00	9.387887038999999378e-02	1.313595888999999906e+00	-9.525474416000000444e-01
2.223760401999999914e+00	-4.770590955999999827e-01	5.284468168000000521e-01	1.795219745999999894e+00	-1.858922506999999946e+00	-1.484023974000000079e+00	-9.862626701000000162e-01	9.829220319000000483e-01	-1.094315069000000085e+00	1.150485670999999988e+00	8.801143241000000117e-01	1.100041484000000014e-01	-2.119594819000000019e+00	2.272698770000000090e-01	8.606894851999999929e-01	-4.837079058000000042e-01	1.821626112999999991e+00	6.685895718000000043e-01	8.065312900000000118e-01	-9.252506805000000334e-01	9.761165925000000465e-01	-2.030189126999999871e+00	1.080729389999999901e+00	9.426728747000000519e-01	-5.506440768999999458e-01
2.331065487000000047e+00	1.469784973000000106e-01	9.371669991000000088e-01	1.895441216999999900e+00	-1.213707709999999995e+00	-7.834281507999999450e-01	-1.621920272999999968e+00	1.029421697999999941e+00	-1.219718689000000023e+00	1.084227601999999901e+00	9.395400028000000514e-01	-1.585982780999999897e-01	1.638863235000000085e+00	4.964509348999999738e-01	-3.522569654000000106e-01	1.341234504999999910e-01	9.297911608000000161e-01	-1.445036592999999980e+00	9.933351008999999898e-01	-1.887078607000000074e+00	1.246613659999999957e-01	8.978447395999999969e-01	4.911860927000000210e-01	9.949520791999999503e-01	1.908017590999999957e-01
2.313996642999999853e+00	7.331579217999999454e-01	1.138542847000000080e+00	2.277103717000000138e+00	-1.166812911000000064e+00	-1.614561740999999939e+00	-6.144805645000000344e-02	6.073324342000000486e-01	-1.809916461000000032e+00	5.143266589999999638e-01	5.670650473999999663e-01	2.658476813999999799e-01	2.050599156000000090e+00	-1.574106169000000000e+00	-2.074702513999999998e-01	2.034984571999999936e+00	1.353849665000000035e+00	-1.861424109000000104e+00	5.777279566999999894e-01	-5.248337546000000353e-01	-1.484083953999999927e+00	4.859094932999999950e-01	1.467541696999999923e+00	1.810304034999999923e+00	-2.512244759999999744e-01
1.515416485999999896e+00	1.416214150000000060e+00	8.522951817999999680e-01	2.128063454999999937e+00	-1.883364800000000061e+00	-1.137078060999999973e+00	1.209260172000000029e-02	-8.980107753999999609e-01	-1.514461690000000083e+00	1.058620246999999903e+00	1.114018927999999908e+00	3.001905154000000242e-01	8.748014136999999746e-01	-1.244859123999999984e+00	1.273838566999999922e-01	-8.075963767999999599e-01	5.453844750999999880e-01	-8.487410469999999707e-01	-8.846477439000000054e-01	2.096159784999999942e-01	1.378940848000000108e-01	4.454155714999999960e-01	1.130276529000000085e+00	5.859033993000000162e-01	-1.137087170000000008e-01
5.747677055000000035e-01	-4.288766406999999781e-01	7.441393685999999619e-01	1.531773008000000047e+00	-1.228569972999999926e+00	-6.715394354999999482e-01	1.775520835999999936e-01	-1.564694046000000061e+00	-1.553351946000000039e+00	7.500482575000000374e-01	1.386481534999999932e+00	-8.617543157000000509e-01	2.875751635999999889e-02	-2.134050248999999955e+00	1.471722766000000071e+00	-7.849751275999999889e-01	-5.330372941000000031e-01	8.945607552000000018e-01	1.499680581000000013e+00	2.702893722999999970e-01	-2.474697144000000126e-01	5.683959617999999603e-01	1.539137187999999989e+00	1.850633763999999903e+00	-1.760479759000000088e+00
1.142280551999999894e+00	-1.414848630000000052e+00	7.714278530999999495e-01	1.630837491000000083e-01	-8.138675265000000492e-01	-1.425570543999999940e+00	7.631696491000000693e-02	-1.060741503999999891e+00	-6.040187677999999671e-01	1.848424121999999947e+00	1.528563104999999922e+00	4.728153012999999905e-01	8.415130081999999678e-01	-7.192865330000000057e-01	2.147124041000000094e+00	1.201307838999999961e-01	5.342227415000000423e-01	-7.353907468999999753e-02	6.939449755000000053e-01	-7.354640824999999493e-01	1.336922409999999894e+00	3.764570412000000088e-01	-2.275440861999999953e-01	6.575700691000000431e-01	-1.468056594000000104e+00
1.311360485000000020e+00	-1.098064072999999974e+00	1.593373882000000075e+00	1.306534246000000010e+00	-7.649124529999999922e-01	-7.487152291999999987e-01	3.270291309000000202e-01	6.534033218999999448e-01	1.589173422000000058e-01	1.633198777000000046e+00	1.047572391999999963e+00	-6.573027418000000344e-01	1.445799532999999970e+00	-5.280511339000000248e-01	1.894138097999999992e+00	7.629357474000000305e-01	5.983436881999999457e-01	-2.396792877999999849e+00	1.424634221000000034e+00	6.012988688000000526e-01	7.778628000999999736e-01	1.021293108000000061e+00	-1.362683758000000078e-01	1.170642908000000038e+00	2.130078853000000050e-01
1.097523805000000019e+00	5.114168561999999918e-01	2.370793095999999878e+00	9.285908621999999779e-01	7.527118212000000197e-01	-4.514421955999999847e-01	1.223915987000000039e+00	1.211541242000000018e+00	-6.824098620999999310e-02	8.910647442000000362e-01	1.006556119000000082e+00	5.186199164000000472e-01	7.254076899000000411e-01	9.348353848999999549e-01	9.737645748000000046e-01	1.534850588999999932e+00	1.098272356999999921e+00	-1.529595532999999952e+00	1.980626211999999997e+00	-1.579581553999999943e-01	1.088967623999999912e+00	1.186634165999999935e+00	3.177689330999999839e-02	7.916482030999999475e-01	1.179130991000000073e+00
9.286175977999999720e-01	1.196549803999999995e+00	1.537928672000000052e+00	1.638861906000000035e+00	-6.667155097000000419e-01	3.785380011999999739e-01	1.795371679999999914e+00	1.078975992999999939e-01	-3.558416259000000137e-01	5.022585913999999541e-01	5.864622201000000423e-01	4.281627344000000224e-01	3.134671240999999942e-01	5.640177052000000524e-01	-2.840912392999999855e-02	1.593512405000000021e+00	1.668194350999999909e+00	-3.554146456000000232e-01	1.084643369999999996e+00	4.890570798000000163e-01	-4.040854394000000238e-01	7.352654574000000443e-01	-2.641695481999999928e-01	-5.238073305000000290e-02	1.887019283999999963e+00
5.047560128000000423e-01	1.921211267999999972e+00	-1.473726493999999963e-02	2.139155122000000020e+00	-9.150809317000000442e-01	4.955926171999999741e-01	1.769044596999999941e+00	2.035195784000000119e-01	-2.660145582999999814e-01	1.327247636000000064e+00	6.273170088999999727e-01	2.041353785000000087e+00	1.139206973000000067e+00	-6.749355267000000103e-01	1.062579106999999912e+00	5.074189086999999487e-01	5.915183191999999757e-01	1.382834706999999996e+00	-5.760811031000000193e-02	5.049903565000000150e-01	-6.292704751000000041e-01	4.608260553999999898e-01	-9.080615407000000028e-01	2.638727195000000192e-01	1.340850349999999969e+00
5.820387102999999840e-01	9.033531697000000138e-01	-1.412183256999999914e+00	9.654741326000000345e-01	-9.112954757000000239e-01	-3.746247935000000112e-02	7.636627741000000524e-01	-3.451335923000000139e-01	-5.506260065000000425e-01	1.508012418999999937e+00	8.476162234999999878e-01	1.879256014000000086e+00	-1.678720293999999891e+00	-1.622315729999999956e+00	3.695496025000000184e-01	7.117816394999999519e-01	-3.875236781999999991e-01	6.083252157999999854e-01	1.687572376999999957e+00	5.275828595999999537e-01	-7.075973588999999730e-01	1.092674104999999951e-01	1.009410026000000071e+00	7.918932810000000044e-01	-8.554510053999999641e-01
5.987994180000000277e-01	-1.671985242000000094e+00	-1.565907542999999957e-01	1.119514935999999933e-01	-5.394092648999999629e-01	-7.315583178000000242e-01	2.969805951999999749e-01	6.049451428000000019e-01	-3.974049949999999831e-02	2.101363253000000153e+00	1.220683615000000000e+00	1.724998876999999931e-01	1.511282322999999983e-01	-1.062761416999999931e+00	1.785576328000000046e-01	2.345133028999999980e-01	4.431384910999999760e-01	5.964290787999999566e-01	2.828672077000000118e-01	2.995273214999999989e-01	1.836451473999999973e+00	2.234214578000000007e-01	1.689140138000000124e-01	3.182969130000000146e-01	-1.350658598000000099e+00
9.860074501000000158e-01	3.274721550000000286e-02	1.252395737999999925e+00	2.177555428999999876e-01	-1.291546540999999881e-01	3.983102432999999915e-02	1.114590096000000058e-01	1.114472418999999936e+00	-2.943488680000000066e-02	1.565777697999999996e+00	7.747652484000000506e-01	6.139611538999999452e-01	-2.734053551000000248e-01	7.410250931999999846e-01	-9.050188172999999725e-02	6.334318157999999643e-01	3.414175936000000133e-01	-1.480046731000000060e+00	1.751832320999999970e+00	-3.344873972999999889e-01	1.060085240999999900e+00	1.729731005000000099e+00	1.767999796999999984e-01	3.668841576999999909e-01	-5.183265791000000178e-01
9.204061354000000472e-01	7.285686395999999565e-01	1.610709629999999892e+00	1.496386441000000067e+00	-7.823817727999999860e-01	6.887429078000000260e-01	5.765277776999999659e-01	1.282672686000000117e-01	-3.844026562000000258e-01	1.750710101000000074e-01	7.758149607000000003e-01	-6.126322753999999954e-02	-6.116162906000000010e-01	5.703333294000000331e-01	-1.830750316000000044e+00	1.602188186000000014e+00	1.442032245000000046e+00	-3.268013560999999956e-01	7.373292949999999957e-01	3.683557431999999743e-01	5.440088807000000026e-02	1.002165374000000053e+00	-9.228291038999999474e-01	8.444065787000000212e-01	1.309636513999999918e+00
2.984028068999999839e-01	-2.384528459999999961e-01	4.471793808000000259e-01	1.318500411999999899e+00	-1.088547303999999993e+00	9.460717619999999828e-01	1.388768055999999973e+00	-8.246784463999999870e-01	3.195655205000000332e-02	5.422901093000000172e-02	5.372534006000000417e-01	9.678958291000000491e-02	1.038009285000000004e+00	2.205635407999999992e-02	-6.883452920000000530e-01	3.480189830000000040e-01	1.739668229999999927e-01	1.590550319999999962e+00	9.195851317000000025e-01	-2.059100500000000111e-01	-1.533940423000000053e-01	2.345403157000000016e-01	-2.204076877000000090e-03	1.392614473000000075e+00	3.287973981999999795e-01
5.198059099999999821e-01	-1.583564557000000095e+00	-6.480265245999999868e-01	5.171772472000000231e-01	-4.285996040000000229e-01	6.353382045000000033e-01	1.551837839999999913e+00	3.503406192999999891e-01	3.949896206999999881e-01	1.535590162999999952e+00	1.039428218999999931e+00	2.445212314000000109e-01	1.903313089000000069e+00	-1.358600167999999941e+00	9.382743014000000104e-01	5.512817648000000181e-01	-4.578661431000000115e-02	5.500469851999999493e-01	-4.607438558999999989e-01	2.522892325000000158e-01	-9.913824132999999872e-01	-2.472633411000000059e-01	8.371439515999999914e-01	1.249545883999999996e+00	-2.960172570000000128e-02
9.177871498999999877e-01	6.809956553999999551e-01	1.101657214999999940e-01	6.470004520000000037e-01	1.856988978000000123e-01	6.944601130999999983e-01	-4.236582374000000262e-01	1.226204048999999907e+00	1.943093827000000051e-01	1.546500283000000087e+00	5.774224538000000129e-01	2.330363528999999934e-01	1.446043851000000102e-01	-1.064853072000000012e+00	3.790166959999999863e-01	-2.451241315999999892e-01	6.577475393999999698e-01	-1.500443412000000087e+00	1.355326934999999955e-01	9.496109487999999654e-01	9.803784656999999791e-01	4.469242923999999784e-01	1.304857915000000035e-01	-2.537113067000000277e-01	-5.541896907000000150e-01
7.264674788999999633e-01	1.956057230999999952e+00	3.166840604000000226e-01	7.482383234999999688e-01	6.196734126999999814e-01	8.451770882999999623e-02	-9.150228937000000062e-01	6.937471976000000318e-01	-1.022131134000000108e+00	9.874426334000000471e-01	5.541830093999999818e-01	8.680524895000000241e-01	2.505157895999999829e-01	-6.237371193999999841e-01	-1.192068791000000072e+00	-5.920090406000000360e-01	4.151602714000000027e-01	1.370495291999999976e+00	4.265476823000000084e-01	1.716929356000000129e-01	8.589264094999999877e-01	6.351164139999999625e-01	-7.024453081000000543e-01	-9.204514796999999637e-01	-5.342660589000000071e-01
1.088434187000000053e+00	2.097815006999999898e+00	2.518092498999999762e-01	-1.666422438000000061e-01	6.630781464999999653e-01	-4.479826345999999848e-01	-1.428510976000000099e+00	-4.669742062000000193e-01	-1.749840494000000080e+00	1.095345532999999927e+00	4.283244649999999876e-01	1.816670889000000066e+00	1.000193679999999974e-01	1.445308137999999909e-01	-1.168558224000000090e+00	1.910985937000000134e-01	-3.940727518000000096e-01	4.078488625000000201e-01	1.175112246999999943e+00	-2.127116726000000124e-01	3.524082989999999804e-01	8.862527793000000154e-01	8.879572966000000012e-01	-6.740008353999999979e-01	-1.007812627000000072e+00
7.662462369000000439e-01	-6.760136075999999550e-01	-7.537015718999999780e-01	5.733542077000000070e-01	2.489783959999999907e-01	-5.997961523000000517e-01	-5.940733742999999567e-01	-6.155049478999999879e-01	-1.965346311000000012e+00	-2.432070849999999895e-01	8.683616081999999681e-01	3.060137840000000109e-01	-3.947395483999999732e-01	9.235726575999999577e-01	-5.283809134000000407e-01	8.578564472999999913e-01	1.181679852999999891e+00	7.472113635999999559e-01	1.073575587000000109e+00	-6.899096976000000658e-02	1.191319703000000008e+00	3.749042315000000181e-01	1.373139448999999956e+00	-8.214456792000000007e-01	-2.231550786000000008e-01
3.948691632999999923e-01	-1.221762293000000055e+00	-1.530540446000000054e+00	1.115048883999999907e+00	-2.038426681999999934e-01	6.164849937999999918e-01	4.743435548000000113e-01	2.348566103999999988e-01	-1.291258387999999924e+00	8.444083279999999858e-01	7.968111810000000350e-01	2.057607653000000092e-01	3.928477117000000324e-02	2.722888489999999995e-01	2.336100043999999876e-01	4.657224395999999822e-01	-6.634777770999999991e-01	3.459243526999999929e-01	1.870954035000000071e-01	-2.307304600999999789e+00	4.019378750000000000e-01	9.150035715000000014e-01	-7.003673476999999759e-01	3.027093164999999919e-01	6.512713192000000317e-01
5.854895077999999753e-01	-1.169660622000000094e+00	-2.152096112000000172e+00	7.725890316000000313e-01	6.874258568000000125e-01	9.519127553999999769e-01	1.448926744000000044e-01	1.613438514999999962e-02	-1.152986166000000035e+00	5.530993736000000549e-01	1.509503873000000107e+00	-6.433914384000000153e-01	-1.277885263999999910e-01	-1.267157591999999999e-01	-7.888606034999999794e-01	1.361387874999999970e-01	1.692198615000000128e-01	-1.651010110000000086e+00	1.473233076000000086e+00	2.066996835000000088e-01	-3.384354475999999945e-01	2.289055385000000054e-01	-1.335536454000000095e+00	2.678788075999999907e-01	-9.772288171000000079e-02
8.127313917999999804e-01	-6.769166573999999548e-01	-1.020045550999999939e+00	1.160199594000000056e+00	5.902001760999999735e-01	7.854332312999999788e-01	-6.046541802999999549e-01	8.627481830000000018e-02	-3.883961537999999769e-01	1.404213528000000100e+00	1.431906730999999988e+00	-7.358513336999999987e-01	-1.733657661000000128e-01	-4.094398714999999966e-01	-1.168245551999999909e+00	-1.635883430000000027e+00	-8.844642124999999577e-01	3.677007936999999727e-01	2.438811602000000023e-01	1.368327416000000074e+00	6.169613321000000372e-01	-4.083737997999999925e-01	-1.768391577999999908e+00	1.860020398999999991e-01	-2.171215813000000050e-01
9.742207596999999941e-01	2.234224784999999935e-01	1.146043292000000102e+00	1.034846106000000043e+00	6.181278921999999731e-01	1.139694011000000007e+00	3.273824830000000019e-01	5.990044538000000029e-01	4.814127492999999980e-01	8.064386219000000411e-01	3.325765262000000000e-01	-1.121407652999999893e+00	8.952476630000000268e-01	-8.795001285000000335e-01	-1.828294641000000097e-03	-1.022847456000000044e+00	-1.110381795999999976e+00	5.584551009999999538e-01	8.268307817000000171e-01	3.918839539000000260e-01	9.393886096999999602e-02	1.362766853000000056e-01	2.808436456999999775e-01	3.995659832999999828e-01	6.189948621999999921e-03
9.243722852000000323e-01	2.059294958000000175e+00	2.166226736000000042e+00	3.642179583999999859e-01	2.045551844000000064e-02	7.036020883000000392e-01	1.250082152999999918e+00	1.770875762000000131e-01	-1.773890593000000127e-01	2.178136945999999963e-01	-2.837833348000000089e-01	6.238289527999999473e-01	3.971740525999999938e-01	-1.289388586000000059e+00	2.119120157000000115e-01	-7.704814481999999742e-01	-7.498910989000000527e-01	9.462672053999999777e-01	1.097592600999999890e+00	-3.697145083000000221e-01	8.180875928999999935e-01	-1.866795467000000042e-01	5.649581790000000048e-01	-2.796371080999999759e-01	-1.090685485999999926e+00
7.441316904000000454e-01	9.077937431999999474e-01	1.046239052000000003e+00	-7.775153401000000075e-01	-3.282555750999999744e-01	4.985742276999999834e-01	1.188361774999999954e+00	-1.151261957000000002e+00	-3.823878682999999890e-01	1.660586347000000129e-01	2.813465070000000234e-01	1.325005049000000046e+00	-1.575295388000000019e+00	6.375580623000000058e-01	2.969379531999999933e-01	3.609042491000000186e-01	6.975094173000000453e-01	8.455541057000000027e-01	1.859906497000000103e+00	4.966641198999999784e-01	8.434466998999999854e-01	-5.612394184000000230e-01	1.712105001999999931e+00	-4.537684160000000078e-01	-5.328696390999999588e-01
5.503520791999999551e-01	-6.192873299000000165e-01	-4.799449053000000021e-01	8.618453864999999769e-01	-6.185932808999999866e-01	8.878408674000000111e-01	1.088857208999999937e+00	-6.690958265999999988e-01	-3.756298368000000054e-01	-1.741529213999999937e-01	1.262827360999999871e-01	8.439859453000000400e-01	-1.422758439000000097e+00	6.119424508999999901e-01	1.316960950999999991e+00	2.148887004000000100e+00	5.831355446000000553e-01	1.229797048000000004e+00	-3.564200188999999686e-02	4.036951165000000064e-01	1.124525932999999922e+00	1.522982347999999979e-02	3.470996094000000087e-01	-1.988771669999999936e-01	5.275529077999999705e-01
6.681665449000000478e-01	-1.470358523000000028e+00	-6.300235840000000254e-01	4.828153357000000145e-01	-3.110313874000000256e-01	1.007869840999999989e+00	8.427675808000000268e-01	4.409317942000000046e-01	-6.972615695999999641e-01	9.154942454000000174e-01	7.327256474000000130e-01	5.944088372999999786e-02	-7.553627164999999755e-01	2.121607067999999874e-01	3.084075832000000017e-01	5.369824148999999824e-01	-1.085360324999999904e+00	3.924969622999999741e-01	-2.620775288000000147e-01	-7.515006655000000535e-01	1.456564173000000073e+00	1.490470220000000012e-01	-7.760688678999999590e-01	6.524028720000000225e-01	-3.546047352000000069e-02
6.271921678999999861e-01	-7.731767559000000123e-01	8.213687523999999573e-01	7.716736136999999829e-01	5.762245728999999539e-01	1.300603383999999973e+00	1.030011967999999944e+00	1.217826182000000035e+00	3.582247386999999894e-01	1.824753609000000054e+00	6.229083304000000432e-01	-2.103063347999999944e-01	-1.616592044999999978e+00	-2.879538214999999846e-01	1.909032264999999950e-01	-6.180289893000000534e-01	-1.032727584000000087e+00	-1.855024147000000068e-01	-2.513214362000000257e-01	-3.702112576000000099e-01	5.778593300000000044e-01	-2.652458545999999973e-01	4.413118084000000052e-01	1.482822915000000075e+00	1.848510056000000068e-01
7.642726076000000424e-01	4.262856780000000012e-01	1.174871164000000023e+00	2.428040446999999991e-01	1.138807877999999940e+00	1.293308987000000077e+00	1.676031778000000028e+00	9.060260135999999992e-03	-1.992647325000000136e-01	3.266318155999999862e-01	5.214574016999999895e-01	7.314535317000000481e-01	-1.929702607999999875e-01	-7.338379453000000163e-01	-4.002042435000000009e-01	-2.379719633999999862e-01	4.305792333999999832e-01	7.278271954999999682e-01	-9.037249018999999883e-01	-7.298244507000000159e-01	7.380096929999999666e-01	-2.433634976000000061e-01	6.944336485000000003e-01	3.298869739999999995e-01	-5.585779127999999927e-02
9.968332095999999920e-01	9.967314750000000334e-01	6.273251275000000238e-01	-4.673157880000000097e-01	3.399631887999999824e-01	7.381205430999999706e-01	1.677885465999999992e+00	-9.149655537999999977e-01	-6.442485647000000260e-01	1.178487118999999916e+00	2.297640638999999887e-02	8.943998549999999659e-01	-3.934807362000000142e-01	1.161335844999999978e-01	-6.157691132000000511e-01	3.205000667999999830e-01	4.648322662000000105e-01	-9.849382113000000327e-01	6.978632525000000308e-02	-1.836911068000000036e+00	1.012673952999999960e+00	3.299927096999999976e-01	1.068327089000000063e+00	2.424634273999999867e-01	-5.158342229000000279e-01
7.767382177999999637e-01	1.690092162000000064e-01	-9.830166818000000140e-01	8.827551094999999681e-02	-8.867419242999999840e-01	8.670785491000000400e-01	1.610470661999999997e+00	-7.048827359999999542e-01	1.770533347000000091e-02	4.366130577999999818e-01	2.791582212000000007e-01	-5.485468784999999459e-01	6.807998355000000057e-01	7.001711257999999605e-01	5.257352232999999986e-01	2.067993770000000175e+00	1.841626355999999909e+00	-8.971900497999999446e-01	1.109236115000000078e+00	3.915125021000000205e-02	8.977191694999999694e-01	5.448958601000000179e-01	-1.427868627000000029e-02	-3.987631956000000089e-01	-7.450420083000000582e-02
4.863813916999999987e-01	2.395039657999999960e-01	-1.018660249000000073e+00	6.007563393000000529e-01	-1.269805730999999938e+00	9.240734445999999602e-01	2.554570726000000014e-01	-4.968266680000000268e-01	8.459512764000000073e-01	1.149354052999999931e+00	-1.409995667000000022e-02	-7.951349650000000269e-01	3.169452246999999723e-01	4.045258052000000326e-02	4.519710403000000154e-01	2.904448293000000056e-02	1.461141344000000120e-01	1.155810744999999917e+00	2.820992732000000142e-02	7.764234554000000177e-01	7.742904207999999899e-01	-2.070458953000000046e-01	-1.191136806999999909e+00	-7.596210471000000020e-01	3.466607728000000166e-01
8.255620459000000411e-01	1.541583378999999976e-01	-5.413043717000000088e-01	2.289069995999999940e-01	-2.641549999999999732e-01	1.145133090000000076e+00	-7.622777850999999938e-01	9.248122720000000463e-01	-4.861372895000000138e-01	5.847061432000000281e-01	-4.975622972000000310e-02	2.765610217999999731e-01	-6.476583656000000078e-01	8.769004272999999516e-01	-3.288884271999999998e-01	-6.356138905999999533e-01	-1.455353633999999952e+00	1.719554933999999924e-01	1.088408199000000076e+00	1.128029841000000033e+00	-7.951768160000000085e-01	-1.498367941000000036e-01	6.946398583999999765e-01	7.065360721999999760e-02	2.963407114000000120e-01
3.841988977999999944e-01	-6.426447223000000264e-01	-6.002619348000000077e-01	1.633979821000000054e+00	4.399195631000000217e-01	8.881780170999999946e-01	-3.692269131999999926e-02	1.517429069000000075e+00	-4.539355187999999930e-01	-9.130588617999999546e-01	3.692074891000000081e-01	3.980982504000000199e-01	-3.925007655000000151e-01	-7.185244115000000154e-01	-6.125197776999999899e-01	6.179571352999999913e-03	5.757822506999999979e-01	1.127885221000000104e+00	7.259210313000000192e-02	1.404193825999999978e+00	-1.544432778000000006e+00	-7.440155840000000076e-01	1.877785738000000038e+00	1.541657561999999926e+00	1.569408171999999990e-01
1.910209751999999983e-01	5.717200180000000520e-01	-1.398475420000000025e+00	6.569965689000000220e-01	1.389998979000000023e+00	5.405190271000000213e-02	3.463332581999999937e-01	2.687906858999999926e-01	2.860035401000000088e-01	-3.869039053000000172e-01	3.122520201999999800e-01	1.225006121999999920e+00	1.794079460000000070e+00	-1.292193727999999986e+00	6.074319876999999535e-01	2.377514394999999947e-01	5.983668570000000297e-01	8.961957076000000022e-01	-1.698755344000000056e+00	-1.013763136999999981e+00	6.838439053000000545e-01	5.326268162999999722e-01	1.562363538000000052e+00	8.971346036999999773e-01	-5.010971200999999597e-01
6.014768581999999607e-03	3.977076761000000182e-01	-2.047663443999999888e+00	-1.646427812000000046e-01	7.091553579999999579e-01	1.305765859000000084e+00	-1.082887916000000034e-01	-1.266963155000000008e+00	-1.742475380999999879e-01	9.537984118000000233e-01	1.227871596999999954e-02	7.094723924000000403e-01	2.198988496000000015e-01	-8.295021822999999461e-01	-1.958360466000000077e-01	8.101162538999999718e-01	5.050713560000000268e-02	-8.195118435999999562e-01	-6.361602452000000296e-01	-1.035141080000000047e+00	-8.600385897000000224e-01	4.047671180999999896e-01	1.575079480999999892e-01	8.218602454000000224e-01	1.515159919000000077e-01
1.394509704999999933e-01	-4.201613421000000015e-01	-1.285044179000000009e+00	-4.823651858999999931e-02	2.348278011000000109e-01	1.191594400999999914e+00	-6.914343110999999764e-01	-3.449771560000000070e-01	-7.175715472000000483e-01	3.906208314999999875e-01	3.149596086999999905e-02	-8.784805357999999620e-01	5.541329578000000478e-01	-8.300109833000000048e-01	-4.435318751999999809e-01	-3.508722752999999805e-01	-1.759136624000000038e-01	-1.096915281000000020e+00	-4.977036215000000263e-01	1.747697961999999938e+00	8.316954218000000010e-01	-1.674991119000000112e-02	-6.786068840000000213e-01	2.578689654999999914e-01	-1.532532097999999898e+00
4.928061431999999908e-01	7.475754703999999695e-02	-9.731402663999999536e-02	6.725896531000000178e-02	4.962859902000000267e-01	7.919515284000000488e-01	-6.527667359000000058e-01	9.037234387999999452e-01	-7.220106110999999771e-01	9.593970335999999488e-01	-6.516740090999999513e-01	-1.356862277000000061e+00	9.500526123000000434e-01	6.087386685000000242e-01	-9.240225997999999830e-02	-4.114812943000000223e-01	-1.473716580999999914e+00	9.083244508000000161e-01	-2.053317492000000105e-02	5.843779253999999979e-01	7.931682312000000179e-01	1.826623724999999920e+00	1.018057513000000025e+00	-1.441775492000000047e-01	-7.834503777000000335e-01
8.579564914999999736e-01	9.446885798999999917e-01	8.652856145999999748e-01	1.139882856000000028e-01	9.653610519999999973e-02	8.120317286999999551e-01	2.167316109999999907e-01	1.561875396999999888e-01	-6.913300847999999388e-02	-4.271756224000000102e-01	-1.326524293000000132e-01	-3.594976966000000274e-01	-4.897935528999999844e-01	1.402345072999999998e+00	9.918802632999999813e-02	4.575241847000000028e-01	-1.162934833999999945e-01	1.002640736999999893e+00	1.657265903000000096e+00	-3.184801872999999950e-01	-1.290823356999999949e-01	6.476476435000000365e-01	2.030188641000000072e+00	-7.170162461000000320e-01	1.004944840000000061e+00
3.812416572999999809e-01	9.498053634999999856e-03	1.529392401000000123e-01	6.795525183999999719e-01	-6.183595605999999689e-01	1.223225828999999987e+00	1.336940808000000036e+00	-6.318426575000000156e-01	1.772016091999999987e-01	-1.911229955000000036e+00	-2.165760727999999913e-01	5.169764003000000274e-01	-3.925928033000000150e-01	3.418055754000000057e-01	-1.232548245999999931e-01	-2.251702210000000037e-01	1.009240278999999907e+00	1.297268434000000026e+00	6.315172326000000336e-01	8.026922706000000352e-02	-1.290696325999999949e+00	-6.882060238999999635e-01	1.561441475999999939e+00	-5.073206832000000110e-01	1.540801440000000078e+00
-9.419994875999999906e-02	-1.188847264000000070e+00	-8.200645806999999898e-01	3.078174307000000054e-01	-1.576764874000000094e-01	7.978486305999999972e-01	2.017565520999999862e+00	-7.788414168999999720e-01	-6.311551541000000320e-02	-5.091464363000000048e-01	3.016384790000000149e-01	5.564397935999999545e-01	2.448130807999999992e-01	-8.849895731000000376e-01	1.898040806000000080e-01	-9.321199851000000480e-01	2.202127051999999974e-01	2.261612255999999876e-01	-9.473577066999999685e-01	-8.155190417000000025e-01	-1.280763926000000053e-01	1.548088059999999933e-01	4.947006265000000180e-01	1.763274865999999996e-01	-5.989224450000000255e-01
1.913835557000000132e-01	-6.167849703000000128e-01	-5.267815173000000017e-01	1.356268633999999917e-01	6.384338416999999488e-01	1.227600835999999918e+00	4.133805157000000063e-01	1.860221626000000128e-01	4.039777795000000227e-01	2.454646857999999987e-01	3.862183114000000139e-01	-8.007957903000000321e-01	3.107413311000000178e-01	-7.473838889999999680e-01	9.909792652000000424e-02	-3.941317570999999798e-01	-4.013764182999999819e-01	-2.193907279999999904e+00	-4.354462855999999965e-02	7.757681432999999904e-01	1.367645373999999969e-01	2.353686304000000007e-01	4.637266508999999814e-01	1.681998318000000048e-01	-7.557068885000000069e-01
4.346303691999999774e-01	7.443287456999999607e-01	9.621799051999999630e-01	1.878301914000000128e-01	1.293367855999999927e+00	5.692144678999999652e-01	-5.258976142000000298e-01	6.410977028000000022e-01	5.746371501999999465e-01	1.117192871000000087e+00	3.757197731999999957e-01	-1.211804370999999936e+00	-2.993372691999999780e-01	-4.102758970000000005e-01	-3.163277435999999887e-01	-1.230488701000000074e+00	5.047558237999999475e-01	8.288165576999999562e-01	1.484178952000000107e-01	1.413344327999999983e+00	1.012267068999999964e+00	-8.767702387999999625e-02	-4.672906931999999958e-01	-9.845711563000000277e-01	-1.028326472999999908e+00
8.143155391999999937e-01	2.083928622000000175e+00	7.392674294000000090e-01	9.093978516999999540e-02	1.423111975000000085e+00	4.361816727000000227e-01	-1.141122643999999964e+00	1.265609655999999916e-01	-8.434592271999999946e-01	8.148186255999999572e-01	1.882604590999999994e-01	4.730022544999999967e-01	-2.556154065999999836e-01	5.108816367999999830e-01	-3.433597187999999911e-01	-9.094012615000000022e-01	-2.047983414000000002e-01	7.028569001000000149e-01	7.242548013999999638e-03	-4.550687836999999791e-01	2.945815574999999797e-01	9.360894665000000225e-01	5.118037166000000138e-01	-1.815559166999999974e+00	-5.986694082000000305e-01
6.786987546999999621e-01	1.182769591000000009e+00	6.977449049999999431e-02	-5.990073178000000081e-02	1.488496258000000072e+00	3.689489090999999998e-01	-1.945461834000000056e+00	-1.807499527000000050e+00	-1.503996982999999954e+00	-7.179865433000000297e-02	4.634698056000000066e-01	1.392270544999999915e+00	8.565897507999999938e-01	1.702731656000000093e+00	-5.633942511999999736e-01	1.737418388000000036e+00	5.103105705999999575e-01	1.336541819000000020e+00	5.075328461000000457e-01	-5.335078200000000111e-03	-1.502928516999999964e+00	1.130790841999999907e+00	5.000058742999999861e-01	-1.282367768000000074e+00	5.569080363999999728e-01
3.275761898000000005e-02	-8.063892878999999736e-01	-1.255060362000000040e+00	1.557594388999999913e+00	1.101640543000000028e+00	1.069655094999999889e+00	-1.565233161999999956e+00	-2.306430923999999827e+00	-8.772500189999999920e-01	3.149901732000000010e-01	9.011722521999999680e-01	7.832214928999999826e-01	-5.807288208999999979e-01	6.850829307000000368e-01	-9.216632149000000274e-01	7.326070740000000248e-01	5.508558859000000085e-01	7.296510645999999545e-01	-1.841092557000000074e+00	3.061083716999999926e-01	-1.103474835999999959e+00	-3.726889179000000274e-01	4.196803602999999994e-01	1.456600896999999950e-01	1.742816378000000110e+00
-5.281256454999999628e-01	-1.355732077999999952e+00	-1.300297988999999932e+00	1.731093820000000061e-01	5.684898936000000180e-01	1.438637753999999935e+00	-1.629740409000000056e+00	-1.258474756000000028e+00	-1.513918847000000067e-01	3.603928134000000116e-01	9.682213395000000000e-01	-9.732797989000000483e-01	-1.249161541000000097e+00	-7.488677122000000352e-01	-7.191584635000000114e-01	-1.231071803000000076e+00	-2.424997305000000103e-01	-1.432291275999999947e+00	3.948890969000000140e-01	1.517169231000000118e-01	-1.010696061999999916e-02	4.986530674999999913e-01	-6.063218648000000544e-01	-9.804917481000000046e-03	-2.217572828999999843e-02
6.849577001000000109e-01	-7.454961246000000319e-01	3.099122724999999745e-01	7.658836167000000472e-01	6.102109338000000216e-01	1.663743406999999896e+00	-1.298067292000000039e+00	1.258326233000000016e+00	2.431845008999999891e-01	1.003354250999999975e+00	7.710205177000000187e-01	-8.303892644999999462e-01	1.974360335999999938e+00	-4.630090365999999791e-01	-8.978566188000000059e-01	-6.572838076000000473e-01	-1.257278732999999926e+00	7.711366835999999836e-01	-2.063935191000000058e-01	1.085371961999999968e+00	-2.909028965000000078e-01	-5.461270442000000225e-01	-1.112584237999999948e+00	1.511157383000000021e+00	-7.127041187999999527e-01
6.094918477999999862e-01	9.174326312999999677e-01	6.779461375999999984e-01	1.292364763000000139e-01	1.470178356999999991e+00	-8.730211354000000368e-02	-8.009153096000000138e-01	1.337901490999999998e+00	1.049372041000000033e+00	-9.953602848000000503e-01	3.257721002000000254e-01	1.031142406000000067e+00	1.483148436000000014e+00	-1.033131333999999901e+00	1.068490576999999997e-01	7.364409216999999730e-01	1.015058935000000107e+00	5.559447887999999782e-01	7.036158439999999903e-01	3.907171279000000164e-01	8.814810628999999453e-01	-6.636574581999999944e-01	2.390219638000000035e+00	5.017414631000000069e-01	-2.226177127999999783e+00
1.305442585999999905e-01	1.179043174000000027e+00	-1.481643572999999936e+00	-2.687380152000000133e-01	9.502994753000000294e-01	8.271937187999999289e-03	-4.498942546999999959e-01	-3.592112990999999922e-01	1.149074839999999931e+00	-1.192359632000000030e-01	1.716302107999999882e-01	2.383651346999999809e+00	7.168955484000000267e-01	4.161905760999999870e-01	1.468123379000000062e-01	6.485383005999999506e-01	1.735659926999999936e+00	9.130124815000000282e-01	-9.160429181999999448e-01	-1.445437840999999946e+00	5.261860526999999621e-01	9.524359007999999571e-01	1.129495450000000067e+00	-1.916325499000000043e+00	1.252491481000000073e+00
-5.397940085000000332e-01	-1.011831314999999953e-01	-1.378489236999999923e+00	-5.733591551000000175e-01	-7.270077699999999421e-02	7.227664123000000496e-01	-4.216307752999999825e-01	-9.045583714999999581e-01	1.032972157999999974e+00	-7.103872778000000499e-02	-3.571637657000000243e-01	2.608254918999999838e-01	1.394218599000000003e+00	1.578710826999999983e-01	-1.986934311999999925e-01	8.633861400000000241e-01	8.448202416000000214e-01	-1.426884881000000105e+00	9.385818570999999721e-01	-1.631015851999999988e+00	-3.725668766999999937e-01	-3.751271867000000038e-01	2.550645641000000019e-01	-1.076996112000000005e+00	1.351275363000000063e+00
-5.906247364000000166e-01	4.220893672000000096e-01	-6.730367171000000148e-01	-1.208583919999999923e+00	-8.036664812999999574e-01	4.146220852999999984e-01	-1.110042465999999894e+00	-4.201414531000000063e-02	-6.816982679999999961e-01	-1.983775194000000075e-01	1.919078345999999935e-01	-3.710525056999999793e-01	1.637897799999999959e+00	3.722335198000000234e-01	-5.269011268000000081e-01	-4.844186221999999958e-02	-1.432837046000000059e-01	1.678916259999999883e-01	2.864791434000000248e-01	5.291110367000000370e-01	1.611788079999999956e+00	5.848698435000000417e-01	-1.174173630999999940e+00	-8.975691447000000434e-01	-8.135752048000000070e-01
-2.059349860999999948e-01	-4.890392961000000205e-01	-2.968271711000000090e-01	-6.110074419000000034e-01	-1.364292303999999900e-01	3.610198941000000161e-01	-1.254744877000000036e+00	1.174437337999999942e+00	-1.093462229000000008e+00	-4.489196831999999748e-01	5.628390974000000435e-01	-5.917990919000000183e-01	5.927537212000000277e-01	1.341982795000000062e+00	-2.192611639000000001e-01	1.218656294000000084e+00	-7.235301581999999954e-01	7.125505251999999512e-01	1.109466078000000078e+00	7.616738318999999313e-02	2.553125843999999867e-01	5.189036846000000258e-01	1.308969988999999945e+00	7.320848571000000693e-02	-1.802339027000000038e-01
-4.754308360999999761e-01	-6.151532905000000051e-01	-1.327170374999999902e+00	3.606246960000000223e-01	7.533962548999999509e-01	2.423332920000000057e-01	-1.649254914000000127e-01	6.272353043999999711e-01	-6.635138534000000199e-01	-5.703416424999999679e-01	4.468801373999999882e-01	1.719885476999999940e-01	-2.367892279000000100e-01	2.321968403000000125e-01	1.057983474999999896e+00	1.310479307999999898e+00	8.755413168000000246e-01	1.701482420000000051e+00	-1.262966171000000082e-01	-1.137225152999999933e+00	1.814221567000000035e-01	-2.479877105000000137e-01	-1.278907310999999880e-01	-4.311359517999999724e-01	1.498127149000000102e+00
-4.147923759000000099e-01	-5.896046311000000539e-01	-1.919925219000000016e+00	4.435914865000000233e-04	6.100935331000000295e-01	1.493270400000000109e+00	-4.276533603000000072e-01	-4.754333311999999756e-01	-9.121696663999999677e-01	2.226903836000000136e-01	3.858335641000000260e-01	3.375419419999999698e-02	5.629098505999999835e-01	-3.658604308000000249e-01	1.439617569999999958e-01	-5.655631403999999973e-01	-4.762328034000000154e-01	-8.840191600000000260e-01	-5.689893860000000414e-01	-1.668537850999999961e+00	-1.360225711000000004e+00	-3.348330466000000172e-01	-8.048227578000000104e-01	5.440108737000000083e-01	1.814319226999999923e+00
-3.704500682999999905e-01	-3.662438289000000124e-01	-8.955465777000000127e-01	7.488512552999999627e-01	-1.346120558999999994e-01	8.174559485000000292e-01	-1.083336631999999966e+00	-1.171931692999999969e-01	-4.519451114999999963e-01	7.978073132999999317e-02	4.417397317999999795e-01	-3.856083976999999940e-01	4.405348028000000138e-01	-1.347911534999999938e+00	-6.495698143000000480e-01	-1.295620929000000032e+00	-5.645171967000000013e-01	-9.621171369000000029e-01	-1.086067231999999994e+00	1.922356087000000047e+00	-1.619850596000000087e-01	-5.199029120000000503e-01	2.021037610999999994e-03	6.103893224999999978e-01	-7.048079176999999529e-01
-2.939780839999999729e-01	2.139833195999999993e-01	4.981363091000000076e-01	-4.686721649999999739e-01	6.752871530999999816e-01	2.151575742999999874e-01	-1.274654283999999915e+00	3.081747056999999956e-01	-4.195162161000000056e-01	6.147048889999999766e-01	1.470632104000000051e-01	-8.543138528999999481e-01	1.653007866000000048e+00	-1.083119144000000006e-01	3.243179283000000024e-01	3.997735089000000186e-01	-1.679795525999999928e+00	4.637827225000000220e-01	1.371587636999999950e-02	2.714354982000000138e-01	1.018246065999999894e+00	1.727218248000000012e+00	4.352772068999999910e-01	1.663596844000000130e-01	-6.904594686999999675e-01
7.034899206000000405e-02	-5.950957132000000288e-02	8.863168319999999989e-01	-4.174091350999999950e-01	1.243793192000000047e+00	1.238455583000000054e-01	-9.070984544000000316e-01	-2.272258879999999870e-01	-8.093268489999999593e-01	-5.081838548999999539e-01	2.589584319000000079e-01	1.434612298999999869e-01	-8.391616591000000680e-02	1.497749943000000084e+00	3.749712438000000203e-01	2.079712955999999835e+00	1.065622516999999991e+00	1.083095850000000082e+00	5.285684174000000457e-01	1.050601365999999981e+00	1.936242699999999872e-01	7.886436753000000133e-01	5.220529989000000093e-01	1.411154027000000033e-01	-6.466819030999999551e-01
-7.364981999999999918e-01	-7.360696134999999973e-01	-1.137342783000000052e-01	9.099449463000000016e-01	9.439961985000000499e-01	3.357874370999999747e-01	-7.141648810999999819e-01	-1.785033719999999935e-01	-2.055553491999999871e-01	-3.569296155000000192e-01	3.580709321000000167e-01	2.868329814999999727e-01	-2.624551313999999858e-01	1.109852545999999940e+00	9.394288414999999448e-01	1.676620194999999924e+00	5.512369538000000402e-01	7.077257425999999851e-01	-1.102505999999999986e+00	-1.558756492000000105e+00	5.311977635000000308e-01	8.502746693999999605e-01	-1.650978199000000091e+00	4.812000414000000004e-01	1.776052468999999912e+00
-6.163108349000000485e-01	1.679212331000000044e-02	-1.335064618999999952e+00	3.747351429999999928e-01	9.006832986999999680e-01	1.213121625999999953e+00	-9.827479239999999949e-01	-3.526267001999999762e-01	-7.533269142999999834e-01	-4.605059564000000272e-01	5.105566680999999996e-01	-3.040816915999999814e-01	7.349187346000000121e-01	6.635151086999999670e-01	8.114377562000000266e-01	1.797915362999999989e+00	-2.600362708999999772e-01	-1.557375439999999944e+00	-2.475112379999999945e-01	-8.987384743000000065e-02	-2.025436993999999991e-01	8.666368750999999815e-01	-1.643501051000000102e+00	1.457627793999999977e+00	4.999341245999999739e-01
-8.304443565000000360e-01	-1.152547030000000028e+00	-7.105743397999999544e-01	4.498570031999999941e-01	1.035190634000000109e+00	1.327743104000000063e+00	-1.145548567000000073e+00	5.638798041999999733e-02	-4.846548541999999848e-01	-3.913150836000000021e-01	7.251099703000000174e-01	-1.747201097000000036e+00	-1.163415768999999989e+00	2.013680067999999990e-01	3.430448421999999775e-01	-3.567235829000000025e-01	-9.616239483999999837e-01	1.524678858999999997e+00	7.732059878000000497e-01	4.079241840000000230e-01	-4.397909306000000185e-01	2.448728327999999833e-03	-1.056982372000000003e+00	7.427529556999999949e-01	1.028842038000000070e+00
-2.904921597999999827e-01	-1.175546941999999984e+00	7.574847705999999681e-01	-3.251130260000000272e-01	1.467915724999999894e+00	8.414928492000000038e-01	-4.286631818000000149e-01	1.935226375000000054e+00	3.837676010999999804e-02	4.606271885000000343e-02	4.846011213000000345e-02	7.367098408000000154e-01	5.754042831000000247e-01	1.807765886999999905e-01	-7.161032265000000230e-01	-1.624933406000000025e+00	-1.692285320000000079e-02	6.538583000000000034e-01	3.567955493000000283e-02	-2.707682151999999953e-01	-4.217283675999999870e-01	-9.952053981999999799e-01	-3.039167060999999892e-01	1.398020237000000110e+00	-5.457465476999999732e-01
-1.422620796000000076e-01	1.352278247999999961e+00	5.196604782999999506e-01	5.012520397999999794e-02	1.838353919000000003e+00	1.013104368999999894e+00	-6.014912985000000489e-01	1.428046318999999897e+00	3.201151232000000180e-01	-4.647626344999999937e-01	-2.943985162000000155e-01	-7.885358792000000117e-01	5.504810672000000071e-01	-6.698288709999999924e-01	-1.054625246999999932e+00	-5.410247116999999939e-01	1.166930693999999935e+00	-1.267850498999999909e+00	5.778564932999999959e-01	-5.657041963000000173e-01	8.534327173000000322e-01	6.100130448999999677e-01	4.661395764999999858e-01	-6.944588036000000075e-01	4.068622840000000185e-01
6.056385168000000263e-02	1.999915222999999909e+00	4.412927627999999741e-02	8.891347618999999591e-01	-4.327376072999999934e-01	5.411727905000000005e-01	8.842620162000000006e-01	1.846283426999999894e-02	-8.663079720999999900e-01	-1.557434415999999988e+00	-1.340248957999999879e-01	3.539521965000000048e+00	1.264255710000000033e+00	1.976576415999999892e+00	-1.627328879000000006e+00	-1.703272257000000067e+00	1.632094063000000039e+00	9.886593901000000351e-01	1.304095597000000106e+00	1.209273342000000010e-03	-1.927846052000000032e+00	1.751213257999999939e+00	-8.382985480000000322e-01	2.131069600000000008e+00	-1.775620884999999927e+00
-4.159477796000000116e-01	4.601687602000000266e-01	-3.658548039999999779e-01	2.151139713999999925e-01	-1.386429118999999988e+00	-1.655984858999999920e+00	1.351784636999999956e+00	-3.839226745000000052e-01	1.135856680000000063e+00	2.383339344000000026e-01	-3.108501978000000054e-01	2.535584285000000104e+00	1.075593717999999921e+00	1.153198514000000063e+00	-4.499835414000000200e-01	8.170242519000000536e-01	9.417432423999999580e-01	4.803068695000000110e-01	-1.078892198999999996e+00	-9.289058841999999760e-01	7.713526804000000459e-01	1.281470227000000017e+00	1.730214555999999959e+00	7.937304120000000518e-01	-4.555292132000000188e-03
-1.443334590999999945e+00	-4.842505351999999708e-02	-5.199930419999999609e-01	-4.579873705999999989e-01	-1.069611163000000031e+00	9.936420368999999697e-01	-3.883563816000000224e-01	-8.743186952000000511e-01	2.460697818999999953e+00	2.582140445000000173e-01	-9.779820850999999537e-01	-5.234294406999999705e-01	-7.968063165000000003e-01	-4.886349225000000129e-01	1.239360878000000055e+00	5.216923251999999733e-01	4.468934398000000141e-01	-1.655246723999999947e+00	1.074237641999999937e-01	2.229713767000000013e-01	8.969142106999999919e-01	-3.018829044999999933e-01	2.955706424999999804e-01	-6.301477707000000539e-01	2.486755773000000058e+00
-1.185179229999999917e+00	-6.553786581999999639e-01	3.813902062999999787e-01	-7.090595925999999549e-01	-7.746305767000000175e-01	-3.106304670999999740e-01	-1.489180356999999955e+00	5.028119653999999494e-01	6.209488697999999696e-01	-2.571097710999999952e-01	-5.211932918999999664e-01	-6.851391416000000012e-01	-1.123516689999999985e+00	2.470515241000000028e-01	6.410337822999999657e-01	-2.741605953999999845e-01	-1.227019370999999914e+00	4.749810267999999835e-01	1.411899832000000021e+00	5.564318298999999524e-01	8.762972487000000310e-01	-7.406426822999999660e-01	4.615788651000000131e-01	-4.242652445000000272e-01	-3.018857368999999791e-01
-7.004936569999999918e-01	6.659270314999999885e-01	2.040929833999999943e+00	-1.467937618000000111e+00	-1.848032294999999992e-01	6.151526392000000037e-02	-1.805735885999999901e+00	1.442121648999999950e+00	-1.093908506000000003e+00	-1.256642151999999957e+00	-9.626531488999999775e-01	1.470050896000000051e+00	-8.177088498000000261e-01	-2.631830926000000015e-01	-8.292282426999999512e-01	1.079620475000000024e+00	1.718375025000000056e+00	6.485465033999999740e-01	8.195485336999999704e-02	1.485218990000000128e-01	-1.890597571000000032e-01	-2.463754192000000121e+00	5.685776518999999946e-02	-1.523001459999999918e+00	8.951999038000000297e-01
-7.742886538000000041e-01	1.351798309999999947e+00	1.419720338999999942e+00	-7.180268954999999842e-01	-1.567945820000000046e+00	-2.226996029999999960e-01	-2.371623147999999848e+00	-1.915797575000000030e+00	-2.588369747999999859e+00	-2.736332017000000061e+00	-1.082654360000000038e+00	2.895553640000000151e+00	-6.883844689000000461e-01	5.706610665000000360e-01	-3.520604198000000018e+00	8.161199649999999473e-01	1.673903356999999925e+00	9.374620622999999542e-01	-1.058901112999999894e+00	-1.377447002999999892e+00	-3.345840717999999936e-01	-1.227054035000000098e+00	-6.836659785000000211e-02	-2.367386270999999986e+00	1.548640162000000098e+00
-1.703282189999999918e+00	-1.009902811999999983e+00	-3.660130859999999875e-01	-1.413967524000000031e+00	-2.202346091999999977e+00	-1.089173737999999947e-01	-9.601328990999999924e-01	-2.619999850000000130e+00	-2.486868532999999992e+00	-1.138581669999999990e+00	-1.125507183999999994e-01	9.564038373000000037e-01	-1.674695315999999989e-01	-9.521416166999999708e-01	-2.387478095000000078e+00	-9.395347128000000048e-01	1.039237732999999997e+00	-7.693574051000000302e-02	-1.606303154999999983e+00	-1.642201997999999996e+00	-1.412846446999999894e-01	-1.761260016000000039e+00	-1.867727443999999959e-01	-4.417947300000000244e-01	1.075763953000000051e+00
-2.011509836000000107e+00	-2.385561704999999977e-01	-1.801921708000000066e+00	-8.057978168999999635e-01	-2.621151191000000047e+00	5.285266186000000532e-01	-8.044767472999999613e-01	-2.361245030000000078e+00	-1.319392037000000073e+00	-1.076468715000000076e+00	-9.282809909000000470e-02	-9.432393775999999841e-01	2.239683566000000015e-01	-1.344042524000000016e+00	-3.912215856999999852e-01	-1.899401440999999968e+00	-6.067291951000000072e-01	-2.518382975000000190e+00	-1.337269685000000097e+00	-4.772853098000000016e-01	1.346835534000000001e+00	-5.015101701999999939e-01	1.391598155999999920e+00	-2.240404692000000086e-01	-9.204259675999999502e-01
-2.004954633000000097e+00	-1.954702474999999939e+00	-7.801167570000000495e-01	-1.971456488999999923e+00	-1.984995791000000009e+00	1.372597147999999878e-01	-9.298666614999999691e-01	-1.400828892999999908e+00	-3.098631774999999755e-01	-2.005007389000000029e-01	2.245353106000000099e-01	-1.731143968999999894e+00	1.362904053000000060e+00	-1.703680250999999979e+00	-1.224846405999999999e-01	-6.457028044000000522e-01	-1.234558915000000034e+00	5.276765293999999829e-01	3.840059686999999777e-01	1.422099887999999979e+00	-1.549616998999999995e-01	-3.511398552000000173e-01	7.520362242999999447e-01	5.914884344999999932e-01	-5.031892452999999765e-01
-1.773001341999999925e+00	-1.480475352000000022e+00	4.740029163999999740e-01	-6.075668436000000172e-01	-4.770439915999999947e-01	2.293491538999999912e-01	-1.120714618999999912e+00	1.082287012000000104e+00	6.428162561000000386e-02	-1.246700850999999943e-01	-2.525012655000000161e-02	-5.107638145999999768e-01	-6.710817784999999480e-01	1.445247044999999897e-01	-1.012925850999999988e-01	-1.988221145000000023e+00	-6.915466611999999680e-01	-2.513795295000000041e-02	-1.642337932000000000e+00	1.287709283999999954e+00	1.374614489000000050e+00	-1.265185905999999916e+00	7.602899150999999911e-01	1.241076092999999991e+00	4.119376318999999897e-01
-1.641689479999999923e+00	-8.129089861999999611e-02	3.458677273999999913e-01	-1.110805169000000037e+00	9.673437758999999803e-01	-2.478319207000000135e-01	-7.287113415999999511e-01	1.091781300999999926e+00	3.301642509000000114e-01	7.584261322999999999e-01	3.181534864000000185e-01	-6.854089777999999855e-01	5.100052277000000078e-01	-9.266344252999999531e-01	-3.987456853000000134e-02	-2.109031309999999937e-01	1.796009085999999977e-01	-1.233145798000000015e+00	-1.248380625999999938e-01	-3.631729737000000124e-01	2.762985453999999841e-01	2.086742773999999967e-01	1.129571646000000040e+00	1.000847751000000008e+00	1.570794346000000119e-01
-2.038948599999999889e+00	9.426758142000000174e-01	-1.756986275000000042e+00	-8.068192436000000134e-01	8.722831796000000137e-01	9.132307093999999514e-01	-7.375092509999999768e-01	-1.233715687999999977e-01	7.273780596999999959e-02	-3.952935257999999896e-01	-1.961258160000000084e-01	-7.181299321999999874e-01	6.339666057999999715e-01	2.261618736999999879e-01	1.854917715999999939e-01	-2.286614727999999874e-01	4.823147516999999884e-01	-1.161980546999999975e+00	-1.089136861999999928e+00	4.607582766000000163e-01	8.142002826999999998e-01	-1.082872998000000031e+00	1.374810666999999875e-01	5.627128488000000539e-01	1.135579413999999954e+00
-1.667646752000000010e+00	-1.284696945000000090e+00	-1.577333853999999924e+00	-4.502938800999999880e-01	5.062916021000000155e-01	-1.022990845999999898e+00	-9.450800671000000319e-01	-8.195495474999999752e-01	-2.867516763999999885e-01	-2.443043790999999965e-01	-6.458582405999999665e+00	-1.482853879000000097e+00	1.319192637000000001e+00	1.143581708000000058e-01	1.500380387999999954e-01	-1.067100163000000101e+00	1.198314263000000018e-01	9.558626478999999732e-01	3.737182387999999911e-01	1.407135671999999893e+00	-3.638471953999999897e-01	-4.659495906999999715e-02	-9.703732529999999912e-01	3.252154330999999843e+00	6.129264463000000385e-01
-1.692160526000000109e+00	-1.809491638999999985e+00	-9.161240850999999852e-01	-2.725404697000000098e-01	-1.144081467000000046e-01	1.051951544999999918e-02	-4.393925043999999946e-01	1.209580778000000079e+00	6.810703927000000268e-01	-1.715578162999999989e-01	-5.339299236000000226e-01	-2.040468668000000041e-01	2.542222793999999730e-01	2.409567306000000020e+00	-6.534647412999999849e-01	-1.712233590000000083e+00	-1.552194569000000079e+00	1.341218544999999984e-01	-8.260505895999999959e-01	8.953118743000000324e-01	1.118847727999999986e+00	-1.415784251999999910e+00	4.589138774000000032e-01	2.030287280000000028e+00	1.450381581000000031e+00
-1.521531684999999912e-01	-6.319426264999999932e-01	6.854070865000000401e-01	-1.305811762000000043e+00	1.845123679999999933e+00	-1.303579250000000078e+00	-4.615073833000000320e-02	1.679391108999999993e+00	1.663652831999999915e+00	5.014651906999999520e-01	-2.815428343999999861e+00	-4.873694304999999782e-01	5.216213499999999836e-01	-4.479443896000000258e+00	-7.481869347000000281e-02	-1.788575945999999917e+00	-2.195172837999999904e-01	-2.020226540999999987e+00	1.657590852000000003e+00	2.816355716999999759e-01	1.459618577999999944e+00	2.144959356999999844e+00	2.974906815999999732e-01	6.544712429000000553e-02	4.325103464000000231e-01
4.823285213000000127e+00	2.088652479999999922e+00	-9.329947704000000064e-01	-4.784212423999999686e+00	6.286860295999999737e-01	-6.053309672000000141e+00	-9.584872161999999363e-02	-2.356658680000000006e-01	-7.306051642999999984e-01	8.391097225000000437e-01	2.193644202999999848e+00	-4.930095404000000014e-01	3.219818213000000262e-01	-3.607638525999999901e-01	1.581910407000000074e-01	-3.236835221000000096e-01	2.425037303999999949e+00	-1.295312060000000098e+00	-6.276705173999999610e-02	1.095148027000000024e+00	3.603306144999999905e+00	5.479276539999999862e+00	-5.403796094999999688e-01	2.366866098000000029e+00	3.624175714000000159e+00
-6.696964044000000005e-01	1.165300683999999976e+00	-4.922274675000000155e-01	1.103873542000000096e+00	-1.795575004999999946e-01	-1.309782371999999917e+00	1.248405556000000027e+00	-1.478665406999999932e-01	1.811639621999999950e+00	-1.082391783999999912e+00	4.603856155000000117e-01	6.326053113999999811e-01	-4.191820128000000034e-01	2.467190918000000011e+00	-9.325180400000000480e-01	1.098073657999999897e+00	-2.670130928999999931e+00	1.071442403000000043e+00	2.755535329999999838e+00	-7.668076437999999939e-01	1.429929513999999902e+00	-2.754487226000000177e+00	-7.726546482999999688e-01	1.583067541999999994e+00	1.113446017000000010e+00
-3.653336079000000236e-01	-1.021201052999999970e+00	-7.506878179999999512e-01	-2.528022267000000212e-01	-3.526179697999999862e-01	-1.621443565000000087e+00	1.280738310000000046e+00	-1.221001951000000085e+00	2.747960937000000214e+00	-1.003620739999999900e+00	-1.665628121000000128e-01	9.380477037000000129e-01	-8.410853517999999918e-01	-1.345942081000000012e+00	2.726241857000000213e-01	1.043341231000000091e+00	-4.715940055000000242e-01	-3.931387523000000050e-01	1.530446344999999986e-01	-2.605390140000000132e-01	1.928835896999999910e+00	-1.553408303000000101e+00	1.496115865000000045e-01	-1.173807432999999900e+00	9.958430149000000453e-01
-5.125449351999999958e-01	-1.423299201999999930e+00	-8.281074575000000326e-01	4.308750472999999803e-01	-8.294005345999999612e-01	-5.649449335999999766e-01	9.846843531000000205e-01	-5.603588741999999956e-02	2.007572276999999961e+00	-3.153110842999999885e-01	-2.457255291000000064e-01	-6.147312728999999587e-01	-5.031263937000000075e-01	4.514961123999999826e-02	-5.857122835999999805e-02	-7.336908856999999617e-01	-2.733688744999999809e+00	-2.329897086999999978e+00	2.222144121000000083e-01	-3.250592003000000174e-01	-2.634272139000000124e-01	-8.859858403999999465e-01	-1.232403797999999995e+00	-3.535996493999999934e-01	8.958305512999999998e-01
-1.369524631000000048e-01	-7.254250274000000331e-01	9.595770445000000315e-01	-4.965688838999999799e-01	-1.250897207999999983e-01	-1.028206547999999998e+00	1.331176938999999892e+00	1.306735932999999905e+00	1.306365020999999960e+00	1.472655433999999972e-02	-8.128010786999999571e-01	-7.190701472999999622e-01	1.055956077999999909e+00	-1.106265001999999997e+00	5.499699164000000362e-01	1.143187912999999931e-02	-8.538649489999999842e-01	-1.740610009999999930e+00	2.463249073000000067e-01	2.451388075000000111e+00	-9.201136119000000169e-02	-9.796634027999999439e-02	-1.082591497999999985e+00	-9.029560618999999955e-01	1.946755500999999833e-02
-3.624518798999999958e-01	1.175949619999999918e+00	1.776290904999999976e+00	6.961282890000000112e-01	-3.167103968000000158e-01	-6.992416888000000386e-01	1.780079053999999994e+00	1.261241964000000104e+00	8.658335968000000493e-01	-1.783206026000000000e+00	-7.727778470999999705e-01	-5.356626872999999955e-01	1.178053833000000106e+00	-8.397782444000000401e-01	-1.774161670000000135e-01	-5.084559573000000388e-01	-6.678373106999999642e-01	-5.626613831000000232e-01	-4.318162200999999811e-01	5.264334380999999841e-01	-5.380330236000000488e-01	-1.496598357000000101e+00	-1.224646131999999943e+00	-1.203852278000000053e+00	4.975519503999999982e-01
-2.052006489000000045e-01	1.552943211000000101e+00	1.295425658000000091e+00	-9.482787790000000161e-01	-5.441255668000000156e-01	-1.932975684000000083e+00	1.464147097999999980e+00	-3.672123036000000118e-01	8.553969541000000509e-02	-1.153686871000000058e-01	-4.825841759999999758e-01	-1.743405669999999880e-02	1.397553915000000035e+00	-1.412902936000000054e+00	3.312730895000000064e-01	-1.004167654000000069e-02	-1.405914904999999937e+00	3.868184320999999981e-01	3.124774465999999862e-01	-1.988387452000000000e-01	3.311412059000000130e-01	-5.039456584999999489e-01	6.951030499999999446e-01	-1.317060608000000022e+00	-7.662091596000000226e-01
-2.853188085000000207e-01	-1.089196838999999944e-01	-2.512519007999999832e-01	-1.099995365999999919e+00	7.389898386000000319e-02	-1.000561054999999921e+00	1.178547575000000069e+00	-7.404912067000000153e-01	-7.713511236000000215e-01	-8.503514350999999971e-01	-4.716003603999999738e-01	-4.244776114000000100e-01	4.439410541000000099e-01	1.395272325999999952e+00	1.111281414000000023e+00	1.322162916999999993e+00	-9.417005094999999493e-01	2.326635308999999985e-01	5.518248512000000217e-01	1.002728069000000000e+00	-5.898597692000000503e-01	-1.055500077000000037e+00	6.355073074000000544e-01	-1.417016894999999943e+00	2.597615175999999915e-01
-1.845980875999999882e-01	-1.768032591000000098e+00	3.277612604999999985e-02	1.581051662999999885e-01	2.500272127000000011e-01	-1.412335278000000027e+00	5.292844540000000153e-01	4.604148017999999953e-01	-1.768836568000000109e-01	-1.789784348000000025e-01	-2.506613066000000223e-01	-3.068448712999999883e-01	-1.914305182999999966e+00	5.037194318000000059e-01	3.492173311999999807e-01	-5.311907237999999865e-01	-8.550992195000000073e-01	3.212859920000000202e-01	-5.691523179999999904e-01	1.088035016999999938e+00	7.685986437999999810e-01	-6.407327809999999735e-01	-9.867456630000000228e-02	-1.134314674999999939e+00	6.343905440999999534e-01
-3.707671261000000107e-01	-9.727676844999999517e-01	9.962303536000000070e-01	3.465054772000000227e-01	1.208198574999999941e+00	-5.755807077000000271e-01	1.749088278000000107e+00	1.544877255000000060e+00	2.625101118000000011e-01	-6.463838217999999802e-01	-2.455792699000000079e-01	-4.856222412999999793e-01	-1.009705080000000033e+00	8.533475810999999744e-01	3.024242480000000066e-02	-1.360391401000000000e+00	-1.000304461000000034e+00	3.440994703999999960e-01	-8.098073792000000104e-01	7.798450569999999527e-01	1.881557245999999906e-01	-7.859022962999999695e-01	-3.385409328999999801e-01	-1.998976128000000130e-01	1.097933676000000025e+00
-3.351417527000000174e-01	3.267931519000000229e-02	1.619292205999999901e+00	1.105483881999999918e+00	1.274223818000000064e+00	-5.033848009000000401e-01	2.366301362999999824e+00	1.322296364000000057e+00	-6.984427080999999760e-02	-9.447190379000000027e-01	-3.752091813000000275e-01	3.886011851000000239e-01	-2.607297265000000142e+00	-2.389688063000000029e-01	-6.619009479999999890e-01	-2.057611585000000076e+00	-5.939554758999999740e-01	4.137064997000000077e-01	-1.021489389999999942e+00	6.695472906999999640e-02	-8.683841727000000121e-01	-1.253408282000000096e+00	-9.988449701000000347e-02	2.893710389999999966e-01	-2.070979394999999945e-01
-5.343006970000000466e-01	3.480796968000000047e-01	1.313604188000000006e+00	-8.333830257000000019e-01	1.322797302999999980e+00	-7.479990221000000217e-01	2.367282470000000139e+00	1.035988246000000002e-01	1.214447520999999974e-01	6.262307957999999619e-01	-2.295553892999999956e-01	-5.053474849000000324e-01	-1.668170536000000093e+00	-2.099380050999999914e-01	-7.685145083000000099e-01	-1.236141978000000030e+00	-6.795701806999999706e-01	-1.110098899000000028e+00	-4.899688756000000200e-01	-1.455944866000000060e+00	2.864422890000000166e-01	-1.581600874999999906e+00	4.370271937999999912e-01	-2.211560800999999923e-02	-3.931081250999999832e-01
-3.743918044999999806e-01	-3.234680880999999952e-01	3.809202550999999937e-01	-1.050498195000000079e+00	9.300540145000000258e-01	2.493996401999999946e-01	1.575701234999999922e+00	-3.478360480000000088e-01	6.170525855000000282e-02	-7.633444107000000312e-01	-2.311696595999999937e-01	-7.036011147999999826e-01	6.581424630000000109e-01	3.426316008999999996e-01	-1.645706876999999957e-01	8.031081318999999663e-02	2.939181338999999893e-01	-2.066435198999999834e+00	1.928226234000000039e-01	1.206437535000000061e-01	-1.245085110999999932e-02	3.276863956000000133e-01	-1.439736641000000095e+00	-8.258814807000000036e-01	-6.381515533999999601e-01
9.091605150999999829e-02	8.451886689000000230e-02	7.653284324000000360e-01	-3.227795283000000071e-01	3.051385118000000118e-01	-2.006817079999999864e-01	-1.892775533000000121e-01	7.538779294999999880e-01	3.765432040999999730e-01	2.551543688999999837e-01	-4.503618066999999781e-01	-1.633211229999999903e+00	-3.207243103999999900e-01	9.113495254000000267e-01	6.914479086000000496e-01	-5.670313254000000081e-01	-1.085092589999999912e+00	5.004803598000000520e-01	-1.826457394999999873e-01	8.904858654999999734e-01	4.364282045999999804e-01	-8.204504458000000389e-01	-1.735481070999999931e+00	-1.450596529000000023e+00	3.190573386000000178e-01
-5.709595831000000010e-02	1.768591065000000073e+00	1.177696826000000030e+00	-6.890051577000000371e-02	5.687582740000000081e-01	1.224673126999999972e-01	-5.137398303000000332e-01	7.771884154000000544e-01	-3.077919041000000133e-01	-7.072154754999999682e-01	-5.611173890999999747e-01	7.624533933999999569e-02	-6.771461397000000382e-01	2.289939148000000035e-01	-6.796061599999999592e-01	-1.245978432000000025e+00	-1.949844096000000082e+00	4.656445604000000182e-01	3.257417046000000149e-01	-2.682795307999999990e-01	-3.221479568999999765e-01	-1.317154255000000107e-01	-2.892649464000000004e-01	-1.192950385999999918e+00	8.360989537999999888e-01
-7.759151153000000412e-02	8.481411836000000148e-01	1.498642073000000075e+00	-2.541525471999999883e-02	-1.377732703000000003e-01	-6.203242137000000017e-02	3.275221574000000135e-01	1.211002270000000047e-01	-5.607294416000000448e-01	-1.499157583999999988e+00	-8.336817564999999819e-01	4.640602154999999840e-01	3.633531235999999942e-01	1.255416233999999964e-01	-1.933748403999999921e+00	5.420390360000000296e-01	-1.573153581999999995e+00	5.097686618000000225e-01	-5.388443469000000485e-01	4.885954319999999962e-01	-1.953232915999999930e+00	-8.770574156999999538e-01	7.526189705000000396e-01	1.267591785000000137e-01	8.784236462000000190e-01
-3.781102593999999817e-01	-7.113221804999999565e-01	7.613504332999999624e-01	-1.649788283999999994e-01	-5.466123254000000015e-02	-1.240455861000000048e+00	1.064900514000000076e+00	-2.172016495999999977e-02	-2.087379571000000100e-01	-1.209298396000000109e+00	-3.176989392999999828e-01	-4.611666067999999896e-01	2.880479899999999760e-01	-9.959381767999999635e-01	-5.713774977999999671e-02	-4.645693942000000271e-02	-1.177324240000000022e-01	5.008150835000000356e-01	-1.570733165000000042e+00	6.175695687000000156e-01	7.671152526000000194e-01	-9.655943667999999924e-01	1.569085368999999952e+00	-3.892644304999999805e-01	-1.151520483000000095e+00
-4.942500907999999860e-01	-1.351829303000000038e-01	-7.987516436999999581e-01	-1.809844212000000008e+00	3.099736900999999767e-01	-8.013005265000000543e-01	1.284660429999999964e+00	-3.239343818999999847e-02	1.041162739000000004e+00	8.943510488000000480e-01	-1.678782055999999967e-01	-6.467242767999999975e-01	1.973640439000000080e-01	-3.072010056000000142e-02	1.341474301000000091e+00	-8.153169799999999967e-02	-8.800157425000000311e-01	-6.140058713999999584e-01	-1.037692421000000031e+00	-1.493536412999999952e+00	-5.486408709000000217e-01	-3.649887083000000199e-01	4.237533431000000128e-01	-1.256463056000000078e+00	4.889429276000000213e-01
-1.889656832000000120e-01	-7.007363146999999737e-01	-1.011230483000000069e+00	-6.690048216999999742e-01	2.783562654000000247e-01	-7.661898373000000095e-01	3.474724023999999772e-02	3.210737279000000152e-03	7.270522781999999573e-01	6.624069193999999605e-01	-4.496488868000000139e+00	-1.011561782000000020e+00	-7.407080619999999449e-01	5.578942076999999777e-01	6.028021161000000072e-01	-1.649880334999999920e-01	1.562263765999999943e-01	-2.000245139000000005e+00	3.360073634999999892e-01	1.243275008999999987e+00	-4.861601091000000152e-01	-5.849349771999999836e-01	-5.518573982000000155e-01	-9.419708887000000086e-01	-7.101684838999999805e-02
-2.765340636999999990e-01	-1.889947083000000083e-01	-3.959851394000000191e-01	-9.028809329000000439e-01	2.212626779000000099e-01	-3.662049485000000160e-01	-4.393008621999999752e-01	9.504208863999999979e-01	4.294270967000000105e-01	-2.663095621000000079e-01	-1.984759775999999976e+00	-1.550186974000000051e+00	2.421501436999999868e+00	7.987950851999999768e-01	-5.082582495000000089e-02	-2.710914722000000165e-01	-9.291435432000000327e-02	-2.052832089000000138e-01	-5.128046612000000115e-01	1.474844615999999942e+00	3.838421920000000265e-01	-1.371250407999999865e-01	-1.516048652000000052e+00	-1.535852113000000019e+00	3.004984884999999939e-01
1.576138481999999827e-02	7.228632987999999981e-01	-2.162176761999999863e-01	6.368875993000000513e-01	5.407765229000000007e-01	-3.246072293999999747e-01	-2.951449315999999934e-01	1.646669914000000068e+00	-7.012565100999999801e-02	-3.259078879999999789e-01	-2.073317596999999957e+00	-1.009563380999999982e+00	-1.248729378000000001e-01	1.977090642999999870e-01	-1.028231101000000036e+00	-1.302249978999999946e+00	-1.206802474000000069e+00	7.132584418999999842e-01	-2.705944332000000119e-02	-2.262501924999999955e-02	-3.731882361000000148e-01	-3.474548545999999738e-01	-1.476765871000000008e+00	-1.057811698999999939e+00	4.890669636000000153e-01
-1.752743404000000060e-01	1.041869208000000047e+00	9.623044305000000298e-02	-1.140772040999999959e+00	1.514344471000000025e+00	-8.082956058000000388e-01	-1.172666712999999999e-01	8.200799721000000542e-01	-1.016339808999999983e+00	-9.130761755999999840e-01	2.190505403000000129e-01	-1.053035406000000007e+00	-1.354226131000000111e+00	-8.329847780000000368e-01	-1.907897331000000030e+00	-1.335958261999999896e+00	-1.681888037000000002e+00	3.272374753999999775e-01	1.285100125999999898e+00	-7.423337337999999508e-02	-1.283586531999999947e+00	-5.319676539000000037e-01	7.020882001999999567e-01	9.141522317000000397e-01	-8.840695413999999364e-02
-3.876303627000000085e-01	-6.025401282000000247e-01	-6.092398966999999776e-02	3.131592059000000150e-01	7.940272492000000071e-01	-2.776478755999999826e-01	-7.448363735000000652e-02	-5.189365014000000276e-01	2.689361337999999768e-01	-1.487421243000000004e+00	3.111174232999999734e-01	6.873165713999999926e-02	-1.168702299000000000e+00	2.746954768999999796e+00	-7.959337055999999855e-01	-1.067812900999999925e+00	5.955107317000000178e-01	-3.581355145999999823e-01	4.948684870000000235e-01	5.734767384000000190e-01	-4.930250662999999811e-01	-1.164406591000000102e+00	1.611553092000000076e+00	2.077240046999999923e-01	-1.163450075000000083e+00
-1.196262036000000029e+00	-5.738591015999999767e-01	-9.813592533999999645e-01	1.419593831000000028e+00	-8.631184148999999639e-01	-1.126601977000000060e-01	1.031436373000000017e+00	-5.459674977999999790e-01	2.757170202999999820e+00	-1.192619483999999952e+00	-5.130558533000000310e-01	-9.455093010999999770e-01	-1.432659270000000040e+00	4.220400940999999850e-01	-7.753593858000000505e-02	-1.077282835999999966e+00	1.344540106000000068e-01	-1.093527759999999988e-01	7.393072375999999446e-01	-9.727481739000000127e-01	-1.142333594999999979e+00	1.993603511999999967e+00	-3.438907849000000239e-01	-8.324028148000000016e-01	1.281194571999999976e+00
-1.137893330000000036e+00	-6.637771413999999925e-01	-2.022074835000000070e-01	-1.398165716999999919e+00	-7.849346028000000475e-01	3.505101144000000168e-01	7.799265230999999909e-01	-4.308248157999999828e-01	2.932868838000000089e+00	-2.263604620999999928e-01	-7.582490961000000196e-01	-7.523656901999999924e-01	-1.210350097000000014e-01	-8.358418296999999830e-01	-3.538396550999999696e-02	-2.041956649999999929e+00	-3.995405727999999934e-01	6.569749711000000270e-01	1.109055875999999996e+00	1.153864098999999976e+00	-1.346497612000000066e+00	-2.351215131000000125e-01	5.621085156999999777e-01	2.152834711999999928e-01	1.141100855999999941e-01
-1.063333357999999951e+00	-1.080037643000000047e+00	4.289218069999999883e-01	-4.072115861999999753e-01	3.037255267999999786e-01	1.565328722999999866e-01	-2.173938376000000006e-01	1.749976900000000057e+00	1.428803264999999989e+00	-9.564502553000000518e-01	-3.988825142999999906e-01	-3.244947086000000147e-01	2.799550308000000043e-01	-2.205899268000000024e-01	-5.466651057000000424e-01	-1.428704608000000098e+00	2.290810866000000112e-01	1.052174653000000015e+00	-9.547966101000000538e-01	1.094254175000000107e+00	-5.565194580000000224e-01	-4.678265162999999949e-01	8.388236195999999589e-01	-8.492316623000000231e-01	2.734045829000000261e-01
-6.923820684000000503e-01	5.124000747000000411e-01	1.798734567999999978e-01	-1.315304798999999969e+00	1.027864115999999939e+00	-7.697265116999999490e-01	3.129256256999999875e-01	2.036219523000000198e+00	6.887951906000000513e-01	9.372782847999999722e-01	-4.885760224999999846e-01	6.264737943999999781e-02	-3.253090444999999775e-01	-5.455648378999999881e-01	2.119077755999999868e-01	-1.344538612000000022e+00	-2.454817515000000117e-01	-5.028088310999999644e-01	-7.651374072000000082e-01	-1.073247167999999974e+00	-3.899528667000000115e-01	6.546470973000000360e-01	1.025744054000000016e+00	-6.500036023999999912e-01	-1.137952298999999945e+00
-7.532976765000000130e-01	1.417309318000000040e+00	-1.047866074999999952e+00	-6.862719186000000304e-01	1.474235822000000029e+00	-7.689972207999999920e-01	2.100096203000000050e-01	1.245836329999999936e+00	1.840240371000000097e-01	3.963937960000000205e-01	-6.397843978999999681e-01	6.478084707000000275e-01	1.509270149999999977e-01	8.282621178000000584e-02	5.789442766000000296e-01	1.639011465999999917e+00	8.110068596999999713e-01	-1.371240476000000097e+00	4.448262587999999851e-01	-3.623721783000000141e-01	-1.162515194999999890e+00	1.508577947999999891e+00	-9.142174156999999246e-03	-1.136123505999999894e+00	1.026866384999999965e-01
-6.102764856000000293e-01	4.540902123000000179e-01	-8.239337410999999500e-01	-1.102636721999999958e+00	5.195395637999999927e-01	-3.746791701000000141e-01	-4.430768994000000016e-01	-8.100135241000000486e-01	3.621038810000000163e-01	8.172089985999999584e-01	-4.403863728999999894e-01	-2.880795529999999882e-01	6.669041667999999756e-01	6.278133107000000157e-01	4.380935111999999937e-02	-1.427184212000000008e-01	1.405633715999999866e-01	2.547117005000000267e-01	-3.735064067000000154e-01	8.681832739999999493e-01	-7.195978765999999638e-01	-5.196140596999999639e-01	-1.827140545000000005e+00	-1.943947241999999909e+00	-2.047450989000000054e-01
-1.687621897999999898e-01	-3.668804095000000043e-01	3.417408767999999819e-01	-2.055816101000000062e-01	5.241993023000000168e-02	-2.167541434999999961e-01	-1.566566525000000043e+00	1.783910774999999949e-01	1.128745527000000054e-01	-1.603382554999999987e-01	-8.049673250000000113e-01	-1.324835497000000084e-01	-9.187330938000000113e-01	1.833964970000000028e+00	-1.553884265999999903e-01	-2.278577338999999979e-01	-1.531161551999999926e+00	-6.716558427999999581e-02	4.063458998000000211e-01	9.351557073999999803e-01	2.997818830999999795e-01	8.409541675999999966e-02	2.165602594000000103e-01	-9.957823759999999691e-01	-2.845629680000000272e-01
-4.242375701000000165e-01	-1.072173800000000066e+00	1.490952513000000090e+00	1.030989127000000005e+00	1.175308784000000051e+00	-5.034909708000000483e-01	-9.732424284999999786e-01	3.844777759999999933e-01	2.318447882000000126e-01	-6.642474723000000303e-01	-3.822030014000000198e-01	2.956168337999999854e-02	-1.081318827000000038e+00	2.980770929000000069e-01	-9.149952963999999911e-01	9.934880987999999968e-01	4.556727937999999756e-01	1.202592498000000010e+00	-1.188346780999999908e+00	5.690522451999999731e-01	-1.565410717000000007e+00	2.950917557000000066e-02	-9.783428019000000031e-01	-1.506207465999999939e-01	1.114132729999999905e+00
-8.403780969999999906e-01	5.743732267000000169e-01	1.050052691000000094e+00	5.933165572999999915e-01	1.829161169000000031e+00	-3.772947206000000220e-01	-1.073393028999999999e+00	-1.241104755999999920e+00	6.302849207999999814e-01	6.166801329999999776e-02	-2.012482868999999897e-01	7.783965350999999533e-01	-1.994937846000000015e-01	6.202287565999999724e-02	-4.344830511000000173e-01	-4.461838372999999969e-01	-6.964867241000000098e-01	-3.062465289999999896e-01	-2.582141023999999785e+00	-1.675011467000000032e+00	-2.284068988000000022e+00	4.217451177000000051e-01	-1.304777199000000110e-01	-1.841446010999999994e-01	2.092597223999999867e-01
-8.612885779000000186e-01	7.840663756000000317e-01	-2.018724285000000063e-01	-9.801411299000000188e-01	6.684881942999999493e-01	-6.655003546000000103e-01	-6.222806839000000201e-01	-1.440365380999999889e+00	3.268192208999999848e-01	-3.506170388999999693e-02	-2.483064566000000029e-01	3.695820505999999894e-01	1.650722206000000136e-01	-3.289002905000000254e-01	4.065534241000000049e-01	6.643421954999999546e-01	8.286165050999999560e-01	-1.757621601999999950e+00	-1.750334288000000016e-01	-5.320815103999999574e-01	-1.654459483999999980e+00	3.262711128999999932e-01	4.089929969000000165e-02	-1.011898366999999910e+00	-7.467024548999999789e-01
-7.297478891999999995e-01	4.351649194000000165e-01	-7.028372953000000534e-01	-1.154226361999999950e+00	-9.624141229999999547e-01	-5.562614947999999782e-01	-7.515633241000000409e-01	-7.858847080999999957e-01	4.157315078000000108e-01	-2.358694970000000113e-01	-4.181200453999999733e-01	-9.512564083000000226e-01	5.961973641000000157e-01	6.530094281999999639e-01	1.076562070999999898e+00	1.374980506000000047e-01	2.277018473999999904e-01	-2.834853185999999803e-01	-8.464874995000000180e-01	4.030625011999999785e-01	2.000889562000000010e-01	2.511126209000000276e-01	-1.206419053000000075e+00	-1.917196714999999996e+00	-7.537176156999999543e-01
-6.164335121999999778e-01	-9.406374433999999951e-01	1.493925416999999922e-01	-6.891752707999999616e-01	-7.205934907000000056e-01	-4.785087432999999835e-01	-1.178517510000000046e+00	4.837641983000000034e-01	-4.169471141000000158e-01	-2.299987669999999929e-01	-9.778706605000000440e-01	-8.932943772000000449e-01	-8.094760908999999449e-01	1.320251279000000055e+00	6.752330440999999572e-01	-1.185443369999999996e-01	-9.052162713000000416e-01	2.947991996000000059e-01	4.735989989000000122e-01	7.838215550999999559e-01	-9.878915320000000166e-01	-8.607208702999999406e-02	2.116452141000000065e-01	-1.244676874000000044e+00	-1.618958855000000030e-01
-6.485586088000000471e-01	-1.035090593000000059e+00	9.674137967999999477e-01	-1.535191064999999987e-02	7.631994869999999542e-01	-1.869563502000000099e-01	-6.686849796999999596e-01	1.322553461999999902e+00	-5.510552749999999556e-01	-1.316523085000000037e+00	-1.474959581999999991e-01	-2.076065351999999975e-01	-7.011703008999999875e-01	9.598498219000000109e-01	-3.161402908000000012e-01	-6.852085466000000513e-02	7.760595804000000042e-01	1.037435072999999930e+00	-1.608494098999999899e-01	4.702391488000000064e-01	-9.384311923000000499e-01	-3.859519935999999873e-01	-6.485343620000000309e-01	-1.057964241000000083e+00	1.035591474999999928e+00
-5.165542919000000177e-01	-7.141028615000000190e-02	1.096867618000000100e+00	2.949664929999999963e-01	5.709803543999999453e-01	3.821469975999999824e-01	7.521467174000000533e-01	3.411567128999999921e-01	-4.800090597000000181e-01	-1.680470759999999952e+00	-3.691912505000000122e-01	5.893860810000000061e-01	-5.083916847999999655e-01	2.172908295000000045e-01	-1.677215861999999946e+00	-1.015515200000000062e+00	5.509779206999999568e-01	7.571978578000000404e-01	-1.778646077999999964e+00	-6.383596111999999545e-01	-1.800059183999999979e+00	-4.370808809000000239e-01	-3.721598299000000026e-02	-9.933765901999999648e-03	4.605051539000000194e-01
-7.714328298000000528e-01	8.883165095999999705e-01	1.562134856000000072e-01	-9.686039083999999910e-01	-1.615975849999999880e-01	-4.840497796000000075e-01	1.037587022999999942e+00	-7.959941208999999906e-01	2.262063260999999936e-01	2.477919201999999876e-01	-9.281016278999999480e-01	4.579125605000000099e-01	-5.268423464000000084e-02	5.790203520000000020e-02	-8.490306649000000094e-01	-2.701715494999999967e-01	-3.312239380999999760e-02	-3.739991000999999815e-01	-1.862403381000000024e+00	-1.873711313999999906e+00	1.657848986000000080e-01	-6.443546785999999804e-02	4.521579258000000268e-01	-9.937201445000000410e-02	-1.049887816000000029e+00
-1.003987565999999942e+00	-2.219990960000000069e-01	-1.193178760999999977e+00	-1.807597090000000017e+00	-4.026910255999999744e-01	-4.426608466999999714e-02	4.415439616999999872e-01	-9.608213477999999474e-01	7.746683176999999421e-02	1.802288146999999896e-01	-7.092522525000000133e-01	-5.352402179999999898e-01	-7.097763328999999732e-01	2.781036192999999934e-01	-6.579664201999999573e-01	8.565015228000000258e-01	6.916766537999999853e-01	-1.174976884000000110e+00	1.144317470999999947e-01	-7.851488062000000490e-01	-5.365650280999999522e-01	4.618857022999999784e-01	-1.158526766999999902e+00	-6.724274170999999800e-02	-1.185754983999999901e+00
-9.956836601999999870e-01	-1.321692107000000060e+00	-4.960869641999999802e-01	-8.923926692000000438e-01	-4.882764043999999748e-01	-7.059454531000000643e-02	-2.408235357999999882e-01	3.109479975000000174e-01	2.560577340999999896e-01	4.818550813999999960e-01	-4.010258829999999858e-02	-1.890541704999999961e+00	6.173212071000000467e-01	6.572157068999999741e-01	-8.584468049000000267e-01	-8.593985808000000060e-02	-1.151962893999999987e-01	-1.373777975000000096e-01	-5.893778289000000115e-01	1.292356073000000105e+00	1.155377389000000088e+00	-2.416970351999999933e-01	-2.161534210000000122e+00	-3.129366587999999894e-01	-9.751958016999999757e-01
-9.272641723000000225e-01	-8.780136635000000689e-02	1.499402251000000019e+00	-3.767557786999999880e-01	8.157530684999999560e-01	1.744359826000000113e-01	2.050292195000000088e-03	1.278944239000000094e+00	7.288084038000000042e-01	-4.227474316000000287e-02	-4.888928130999999899e-01	-2.099408887000000057e+00	6.834752792999999604e-01	8.431688980000000555e-01	-7.569404382000000098e-01	-1.304875063000000002e-01	-1.763981018999999928e-01	7.110433961000000025e-01	-3.645715096000000099e-01	3.782121158999999788e-01	4.726801237000000100e-01	-4.195248090000000020e-03	-2.059871832999999874e+00	-3.768139321999999791e-01	-3.692558873999999824e-01
-5.215516759999999641e-01	1.122526088999999949e+00	1.519237181000000048e+00	1.291845124000000067e-01	5.245824098000000379e-01	4.209345633000000086e-01	5.222394005999999589e-01	4.051135456000000135e-01	7.379014416000000132e-02	-1.364064970999999904e+00	-4.384812493999999949e-01	-1.351209982999999948e+00	8.023954597999999327e-02	1.456598276000000025e+00	-1.050953701999999934e+00	4.745740366000000265e-01	7.611331958999999481e-01	1.018191555000000026e+00	-9.647812825999999564e-01	-9.662111935999999346e-02	-8.732310701000000064e-01	2.549579524999999736e-01	-2.169301192999999905e+00	-6.102295935999999532e-01	6.382047654000000403e-01
-1.046409609999999990e+00	1.496801161000000047e+00	-2.015804287999999889e-01	5.084927069000000355e-01	4.674721219999999899e-01	7.827425529000000548e-01	2.625505645999999804e-01	-1.072566439000000038e+00	-1.477988835000000056e-01	-5.286423429000000063e-01	2.382091621000000103e-01	3.151432077999999914e-01	-1.617883865999999893e+00	4.016777349999999802e-01	-3.912049823000000037e-01	-1.280322396000000085e+00	4.338015686999999732e-01	5.234536941999999859e-01	-1.568903678000000079e+00	6.797020030999999518e-01	-2.180272689999999791e+00	-1.006952805000000062e+00	-2.279342941999999983e+00	4.895686867999999858e-01	3.895664520000000075e-01
-9.433976152999999920e-01	1.251621013000000060e+00	-1.467947598000000076e+00	1.947754744000000093e-01	5.920858421000000371e-01	5.886033657999999447e-01	-6.913476846999999648e-01	-2.410005237000000022e+00	-3.861637757999999976e-01	3.216413057999999991e-01	3.088331031000000060e-01	-9.885039605999999812e-02	-1.803248465000000023e+00	-6.665187850999999553e-01	-6.602982709000000672e-02	-8.629547415999999638e-01	-3.319782472999999734e-01	1.445102128000000097e-01	-2.392702660999999953e+00	9.911438327999999576e-01	-1.187479329000000083e+00	-5.214939973999999784e-02	-1.733268263000000031e+00	-1.325352566999999926e-01	-1.163730382000000008e+00
-9.103689698000000385e-01	-7.141529011999999677e-01	-1.259406339999999958e+00	-1.031695786000000004e+00	3.025207475999999729e-01	2.338751816000000094e-01	-1.032028476000000028e+00	-2.855428823000000005e+00	3.686062468999999897e-01	7.314046582000000019e-01	3.313816816999999859e-01	-6.670778016999999727e-01	-1.322698055000000039e+00	-3.283741265000000159e-02	4.392556670000000163e-01	1.053402974999999991e-01	-2.053254461999999947e+00	-2.616651139000000237e-01	-9.045134929000000490e-01	1.210344212999999947e+00	-6.993793617000000351e-01	1.180939748999999983e+00	5.814872379000000230e-02	5.603103015999999492e-01	-2.303343644999999995e+00
-1.996717705000000120e-01	-1.992748922999999950e+00	-1.877143574000000037e-01	-7.904790013000000393e-01	4.186111209999999749e-01	1.699921172999999952e-01	-1.599936822999999952e-01	-7.075570653999999626e-01	1.866062692999999939e+00	-5.384671618999999909e-01	2.768633363999999930e-01	7.561178837000000208e-02	-7.510986225000000349e-01	1.449099995999999946e+00	3.106289373000000076e+00	5.449018210999999612e-01	-4.865588549000000040e-01	-5.390516937000000303e-04	-9.848617624000000070e-01	1.943191145999999980e+00	-3.342907360999999855e-02	9.980216523999999589e-01	-2.205417194999999969e-02	4.213708843000000259e-01	-7.182452639999999944e-01
1.672872344999999927e-01	-2.562929804000000159e-02	8.004020299999999866e-01	2.757214755999999878e-01	4.361139542999999952e-01	3.648673574999999891e-01	-1.780287930999999990e-01	4.660316649999999838e-01	1.931607727999999913e+00	-1.836354920000000002e+00	-3.937794369000000017e-01	9.723451870000000552e-01	-1.520277996999999992e+00	3.273327038000000133e-01	4.695732128999999588e+00	8.091763160999999593e-01	2.879177801000000203e-01	6.781584676999999894e-01	-3.449370177000000148e-01	4.199976617000000245e-01	-9.201231116000000432e-01	-9.160480037999999547e-01	-3.374546716999999862e-01	-7.614989984000000156e-01	8.686731591999999891e-01
4.538146424000000234e-01	1.309900381999999919e+00	2.386430555999999870e-01	-9.695336055000000064e-01	-5.433790270999999672e-01	3.940856752999999935e-01	-4.841587513000000231e-01	-2.783092623999999793e-01	1.018308752000000039e+00	-2.848704877999999940e+00	-8.578871810000000542e-01	2.950767947000000113e+00	2.697113521999999763e-01	3.049186005000000255e-01	3.203365225000000205e+00	1.215514223000000005e+00	4.061778028999999957e-01	3.577240918999999852e-01	4.282278622999999840e-01	-1.099572581000000104e+00	-1.440843971999999917e+00	-3.657105717999999950e-01	-3.092065469999999983e-01	-1.497515273000000091e+00	-2.056907557000000053e-01
2.384120760000000006e-01	1.109682529000000084e+00	-1.304298986999999910e+00	-3.885766808000000183e-01	-1.406712300999999998e+00	5.958891938000000499e-01	-1.368242403000000107e-01	-3.185866136000000126e-01	2.843048899999999768e-01	-3.080723986999999831e+00	-3.781267493000000091e-01	2.764132016000000025e+00	-7.352980577999999878e-02	-3.914274078000000157e-01	-1.232590753000000067e-01	1.608613792999999959e+00	-4.249850792000000044e-01	8.609194178000000308e-01	-1.173505232999999981e+00	-5.793048406999999900e-01	-3.125716914999999929e+00	-6.682576481999999984e-01	2.198379024999999876e-01	5.304379348000000105e-01	1.833095171999999939e-01
-4.367299257999999740e-01	-7.666053699000000554e-01	-3.463589227000000159e-01	-1.008081511000000097e+00	-1.327055317999999984e+00	-6.035456898000000070e-01	-7.604291868000000454e-01	-1.675116709000000093e+00	6.969224439000000215e-01	-2.103188960999999857e+00	1.609097337000000086e-02	8.458170593999999598e-01	-4.539866955999999898e-01	-1.245762559999999963e+00	8.906970452000000371e-01	5.663016052999999550e-01	2.244544927000000079e-01	5.366235658000000353e-01	-1.402220990000000000e+00	-1.126396745999999949e+00	1.099417813999999938e+00	-8.141611010999999509e-01	-1.358946423000000070e-01	-5.144208613999999846e-01	-2.666592917000000007e+00
-4.247431509999999855e-01	-1.293315036000000084e+00	3.698073857999999992e-01	-1.410173536999999921e+00	-2.002773207000000166e+00	1.223934490000000014e-01	-9.061364255999999895e-02	-7.419482093000000500e-01	7.568659374999999745e-01	-6.339453582999999837e-01	2.198564043000000023e-01	-3.172498652999999891e-01	-8.614302345000000027e-01	8.023437783999999573e-02	9.062868157000000258e-01	3.067897790999999930e-01	-1.208137932000000081e+00	-1.289289365000000076e-01	-1.873246903000000074e+00	-1.231226802999999981e+00	8.720780050999999977e-01	7.371821053999999540e-01	-9.824248902000000117e-01	-3.851471061999999779e-01	-1.954719357000000102e+00
-1.198746403999999960e-01	-9.257187140999999508e-01	9.537469291000000293e-02	-1.280608957999999964e+00	-1.533573966000000066e+00	7.811605420999999660e-01	5.646343112999999692e-01	4.843104000999999825e-01	1.861007333999999958e+00	-3.515865953000000266e-01	-6.528919494000000323e-02	-6.996069884000000183e-01	7.412909254000000364e-03	6.040638970999999691e-01	6.110024508000000409e-01	1.869737643999999976e+00	-1.199575574000000033e+00	-2.707383681000000153e-01	-1.296005443999999951e+00	-1.539493814000000071e+00	1.527072121999999976e-01	1.065988383999999956e+00	-1.156803419999999916e+00	1.043575273999999942e+00	-1.355369292000000003e+00
-2.032215480000000019e-01	3.442972380000000054e-01	-5.583121705000000379e-01	-1.142490782000000094e+00	-1.570976809999999890e+00	6.459058948000000466e-01	5.544025715000000520e-01	2.651663094000000220e-01	2.705076950000000036e+00	-4.377398471999999763e-01	-6.477858802999999499e-01	-5.584586234999999732e-01	-2.451436596999999828e+00	6.309513076999999637e-01	-4.797157383000000275e-01	1.263215452999999933e+00	-2.950048344999999794e-01	2.848076683999999914e-01	-4.004714759999999929e-01	-2.200076037000000095e+00	-8.012948121999999840e-01	-3.718732095999999904e-02	-4.128065736000000041e-01	7.632097359999999719e-01	-2.962499603000000037e-01
