-2.159515283999999813e+00	2.994125199000000070e-01	7.513472872000000191e-02	-1.878329432999999993e-01	3.751616015999999915e-02	-1.638405105000000084e-01	1.263894340000000005e+00	8.363526740000000181e-01	1.714766532000000065e+00	1.912421251000000044e+00	1.637335594000000061e+00	-1.615807446000000036e+00	-1.142274498999999999e+00	3.632570512000000140e-01	5.456509051000000277e-01	-5.332202056000000523e-01	-1.388942556999999967e-01	1.535409817999999982e+00	1.512641142000000105e+00	-5.993916339999999510e-01	1.996140389000000015e+00	1.105433824000000009e-01	8.116372631999999587e-01	-9.377300076000000262e-01	2.958918053000000103e+00	2.289160063000000023e-01
-2.309097872999999801e+00	-3.101152178000000093e-01	-3.414296219999999882e-01	-8.846781993000000233e-01	2.941676225000000033e-01	1.104284856000000044e-02	1.114326936000000101e+00	1.073488583000000052e+00	2.594034588999999946e-01	1.679895157000000028e+00	1.209544195999999960e+00	-9.935064069000000275e-01	-1.377176476000000038e+00	1.112191807999999948e+00	4.003482207999999876e-01	-3.372396326000000055e-01	3.325297524999999699e-02	1.858814109999999964e+00	2.331575942000000123e-01	-7.925532221000000099e-01	1.350424510000000078e+00	4.766105360999999818e-01	1.220051184999999982e+00	-1.682583960999999961e+00	2.181470957999999793e+00	1.614059235000000037e+00
-2.106619894000000048e+00	-1.439447944000000090e+00	-6.054060288000000511e-01	-1.932537520999999980e+00	-1.066772329999999963e-01	1.262675553000000006e-01	7.822423870000000390e-01	-3.999267639999999902e-01	-6.044048750999999609e-01	2.482618824999999863e+00	1.821509172999999926e+00	-6.161124008999999679e-01	6.181149112999999584e-01	1.639761964999999933e+00	3.036775543999999938e-01	1.217594275000000031e-01	5.139710643999999551e-01	4.931235518000000040e-01	1.468631779000000082e+00	-1.398410321999999928e+00	1.029983885999999904e+00	1.209320482000000085e+00	1.468552477000000023e+00	-1.707099589999999889e+00	1.673429320000000109e+00	5.481053409999999682e-01
-6.623357372999999493e-01	-7.529907850999999486e-01	-8.685338808000000466e-01	-7.991080527999999683e-01	4.832391681000000050e-01	3.685860487999999963e-02	1.905674783000000039e+00	-1.693683752999999959e+00	-9.803513029999999517e-01	1.856070142999999950e+00	1.992752102000000081e+00	-7.509946896000000427e-01	1.060744614000000086e+00	1.511883255000000092e+00	8.082124534000000304e-01	9.050785501999999982e-02	2.619297645000000063e+00	9.629314174999999976e-01	1.044346525999999997e+00	1.031987777000000106e+00	8.586565430000000498e-01	9.018518760000000523e-01	3.277545456999999995e+00	-1.015950896000000103e+00	1.238780530999999963e+00	6.837796056999999594e-01
4.191396787999999984e-02	-1.179189591999999953e+00	-6.850588001999999843e-01	-6.816458565999999886e-01	1.625771711999999924e+00	1.732722523000000070e+00	1.362286227000000016e+00	8.565669819000000240e-01	6.719922222999999417e-02	2.475446793999999784e+00	1.956278720000000027e+00	-1.325961060000000025e+00	1.020110681000000019e+00	9.420182970999999572e-01	-2.455518730000000038e-01	4.007274043999999869e-01	6.290993997999999587e-01	1.278548937000000052e+00	7.074227188999999694e-01	6.839084661000000009e-01	2.292339869000000085e+00	2.637186295000000236e-01	1.338942257000000025e+00	1.076881326999999944e+00	1.723420299999999905e+00	8.909805068999999689e-01
-3.607793779999999839e-01	5.234099815999999628e-01	1.907675382000000031e-01	-1.738455877000000038e+00	1.149402011999999917e+00	2.812489419999999907e+00	7.962953121000000412e-01	1.501929314999999932e+00	-2.399443231999999829e-02	1.560470360000000056e+00	1.594675676000000042e+00	-7.882487499000000453e-01	1.431666936000000057e+00	1.714845052000000036e+00	1.885283051999999959e-01	1.957973251000000081e+00	8.191953314000000042e-01	4.266742404000000155e-01	1.393571756999999911e+00	-2.721358092000000228e-01	2.138873177999999875e+00	1.332212565999999931e+00	1.093997018999999904e+00	1.504618282000000029e+00	5.632996938000000009e-01	1.516395549000000065e+00
-5.576246085999999602e-01	2.056927180999999827e+00	1.151384178000000036e+00	-7.360680646999999688e-01	-6.249867499000000270e-01	9.950721081000000190e-01	1.527249499000000066e+00	7.911367381999999393e-02	6.601008069999999561e-01	2.001938580000000023e+00	9.875729521999999649e-01	-9.370898690000000197e-01	1.052533780000000085e+00	2.651589208999999947e+00	1.334900097000000008e+00	1.301617051000000025e+00	-9.772794092000000599e-02	-2.407848323000000013e-01	1.771387446000000088e+00	9.109155196999999538e-01	1.326935420000000088e+00	-7.940184010999999931e-01	-9.760256314999999905e-01	1.028434156000000099e+00	1.712363519000000001e-01	1.899473259000000080e+00
-1.237481550000000041e+00	2.436780617000000038e-01	8.240747081000000529e-01	-1.165801180000000103e+00	-1.357189750000000084e+00	-4.881857258000000255e-01	2.322539316999999937e+00	-7.374262298999999521e-01	2.543159984999999734e-01	1.006774585999999916e+00	1.190650959999999925e+00	-1.013205759999999955e+00	6.090868376000000417e-01	9.799567515999999534e-01	9.047991841000000424e-01	7.273930684999999619e-01	1.131557469000000093e+00	-1.228987524999999970e+00	1.529046745999999901e+00	2.373087737000000086e+00	-2.301002515999999998e-01	-9.384316761000000007e-01	-3.538582765000000130e-01	3.441417569999999926e-01	-7.322144485999999564e-01	1.903127148999999907e+00
-1.480511439000000040e+00	-7.820080458000000512e-01	-2.412987859999999873e-01	-9.242214460000000020e-01	1.776774094000000137e-01	-8.062435899000000572e-02	1.828087959000000096e+00	-2.591568861999999918e+00	-1.154421190000000097e+00	2.949570997999999999e+00	1.411594857999999952e+00	6.537980079999999861e-01	1.445521229999999990e+00	4.754075689000000216e-01	1.468970281999999905e+00	-5.923261123999999656e-02	1.782315958000000089e+00	-6.543665268999999673e-01	4.057604303999999829e-01	1.930356275000000066e+00	5.020982679000000198e-02	1.487145310000000109e-01	4.305575321999999816e-01	7.143431702000000438e-01	-5.504088894999999981e-01	2.199064029000000087e+00
-1.232304972999999970e+00	-3.227484976000000172e-01	-4.454595117999999854e-01	1.000626924999999945e+00	1.024462986999999936e+00	1.166279096000000015e+00	1.225150873000000029e+00	3.918514914999999821e-01	3.538094752000000009e-01	1.248821629000000044e+00	1.704544486000000081e+00	-1.617597410999999930e-01	2.149093898999999974e-01	6.295083448999999609e-01	-3.989519608000000050e-01	8.866106753000000396e-01	3.318571042999999832e-01	1.411466979999999927e+00	1.251835524999999949e+00	6.858249910999999477e-01	1.530739848000000070e+00	2.239431536000000000e-01	-3.973475423000000228e-01	2.054706235999999908e+00	7.941332523999999893e-01	8.106865510999999858e-01
-1.011629867999999988e+00	-2.205584184999999919e-01	1.328396023999999898e+00	1.881313359000000018e-01	1.198022965999999911e+00	5.121768375999999900e-01	1.585742100999999904e+00	1.545833017999999948e+00	2.185371371000000007e+00	1.394733329999999993e+00	1.451582184999999914e+00	7.712396898000000167e-01	2.724133244999999981e-01	1.157337233000000021e+00	-5.373062872999999628e-01	7.661677222999999648e-01	-1.508098294999999922e+00	5.297681600000000435e-01	8.570036403999999886e-01	-7.505020974999999650e-01	6.380031840000000010e-01	-1.596321934999999970e+00	-1.784343288999999944e+00	1.290428383000000068e+00	9.376569006999999623e-01	5.915880789999999889e-01
-1.460602044000000044e+00	-1.226476162000000036e-01	1.464794876000000023e+00	-2.350374856000000179e+00	7.566067024999999502e-01	-2.017751489999999870e-01	1.634799382000000079e-01	1.007660929999999899e+00	1.010515743000000022e+00	1.160342033000000050e+00	1.199949501000000085e+00	6.019083014999999648e-01	1.596456411999999991e+00	1.262750649000000003e+00	-4.007403350000000031e-01	9.487813421999999886e-01	-1.135336129999999999e+00	-1.379711148999999970e-01	-9.079738178999999798e-01	-1.925189605999999998e+00	1.112683255000000093e+00	-5.657026391999999682e-01	-4.384890772999999742e-01	1.004823358999999972e+00	-5.969840714999999909e-01	2.065168153000000117e+00
-1.644464504999999965e+00	9.425408983999999935e-01	3.676632695000000006e-01	-7.065274566000000478e-01	-1.020361853999999902e+00	-1.557134030999999919e+00	6.116642994000000000e-01	-1.110092349000000089e+00	-1.094640030999999958e+00	2.160072271000000210e+00	1.593049962000000042e+00	5.340087463999999562e-01	2.327170005000000153e+00	7.746061028999999820e-01	4.350967034000000067e-01	-2.657563198999999821e-01	6.930528913000000291e-01	-4.142383575999999956e-01	-4.458655857999999778e-02	-8.939323458000000278e-01	6.158279937999999731e-01	2.865900442999999922e-02	-9.411130033000000283e-01	-1.195802608000000045e-01	-9.957877139999999905e-01	1.187531526999999976e+00
-1.301442873999999916e+00	-6.899899350999999514e-01	-1.261740862999999990e+00	-5.917850584999999608e-01	-4.389642288999999753e-01	-7.726886115000000110e-01	1.526548462000000050e+00	-1.006335772999999989e+00	-3.194176293000000055e-01	2.185036961000000222e+00	1.604856842000000006e+00	5.707483758000000407e-01	9.231511459000000253e-01	6.837227026000000651e-02	9.897087857000000377e-02	-5.294518833000000368e-01	1.750855261000000107e+00	-8.175607513999999520e-02	6.557494681000000103e-01	6.821610063999999918e-01	5.094220432999999604e-01	-2.587952869999999850e-01	3.027274963000000096e-01	1.363909486000000060e+00	-7.905279580000000583e-02	1.518250021999999921e+00
-9.570711553999999843e-01	-1.093349488999999952e+00	1.289476209000000040e+00	4.851944670000000320e-02	1.177493861999999947e+00	5.918148354000000166e-01	1.479108799000000030e+00	-5.391233393000000040e-02	-7.868857017999999481e-01	1.378151727000000104e+00	1.288301321999999915e+00	-3.939223486000000274e-01	4.883299776999999731e-01	1.964032810000000129e-01	6.635421556999999693e-01	-1.176402733000000006e-01	1.266649909999999934e+00	5.804886073999999674e-01	2.313288470000000041e-01	1.966049893999999965e+00	6.234369552999999842e-01	2.994108633000000172e-02	6.726584126000000330e-01	1.477739034999999923e+00	-4.269319005000000167e-01	1.255615595999999945e+00
-1.260179987999999973e+00	1.239735465999999953e+00	-2.774250228999999845e-01	-1.766215415999999871e-01	4.197540724000000112e-01	1.056577745000000013e+00	1.435510580999999952e+00	3.543547745999999776e-01	-3.830643387000000344e-02	7.932656261999999625e-01	1.443438679000000002e+00	-6.712977871999999957e-01	9.232030504000000165e-03	1.573086399999999996e+00	6.754620569000000518e-01	8.737087722999999917e-01	-2.000491514000000137e-01	2.511075866000000101e+00	4.376753688999999725e-01	1.769945796000000016e+00	2.838838452999999928e-01	3.616662526000000155e-01	-3.709778934999999889e-01	1.441530726999999956e+00	3.031396922999999854e-01	1.133074780000000059e+00
-1.405730702999999915e+00	9.857413657000000384e-01	1.231720845999999980e+00	7.696133469000000504e-01	-1.737696860000000010e+00	3.291691353999999792e-01	1.275913244999999918e+00	1.106435411000000091e+00	1.671884372999999924e+00	3.020893659000000175e-01	1.188929206000000072e+00	3.389592561000000226e-02	-7.011665484000000337e-01	1.034973498000000047e+00	6.934930524000000318e-01	7.024849840000000345e-01	-5.919614036000000468e-01	6.054721403999999696e-01	1.860923136000000033e-01	-7.903602295999999361e-02	1.236916574999999963e+00	2.708155733000000009e-01	-2.250616780999999955e-01	1.215857801999999932e-01	-2.484964003000000032e-01	-1.130384277999999937e-01
-1.990368131999999957e+00	-1.424974256000000050e+00	-9.908277449999999820e-02	-2.154936265999999989e+00	-1.121422364000000060e+00	-1.629762314000000045e-01	6.338953738999999477e-01	3.480189305999999982e-01	5.262649082000000478e-01	4.214543537000000062e-01	1.427919147999999971e+00	1.383122181999999922e+00	-3.468707059000000203e-01	-5.970065141000000519e-01	-6.920770398000000156e-01	4.264817609000000065e-01	-2.305995181000000116e-01	7.416386069999999497e-01	-7.300972799999999596e-01	-3.866624549000000077e-01	8.941150139999999580e-02	5.169239976000000042e-02	-7.234656251000000093e-01	-8.436113943999999920e-01	-4.465592161999999976e-01	1.689259185999999913e+00
-2.225486834999999886e+00	1.108012964999999905e+00	-1.025428345999999991e+00	2.802584968999999870e-01	1.695214700000000074e-01	4.746769050999999906e-01	7.957364659000000229e-01	-8.674046617999999764e-01	-6.095437428000000102e-01	1.182464152999999962e+00	6.586695394999999564e-01	1.310127798999999982e+00	1.195046719000000035e+00	-1.586550824000000082e-01	2.136212573999999864e-01	1.911381522000000110e+00	1.788123662999999974e-01	-8.465067179999999913e-01	-1.650448060999999966e-01	-4.120824070999999922e-01	3.534602503000000007e-01	9.593523478000000049e-01	-1.249749822999999926e+00	-1.755403610999999864e-01	-5.233237466000000282e-01	1.042863413000000072e+00
-1.425302182000000029e+00	1.096414586000000080e+00	1.530326664999999975e-01	1.176214564999999990e+00	5.106459934000000533e-01	-1.294286389000000037e+00	1.799654673000000038e+00	-1.741111590000000042e+00	7.299777307000000492e-01	1.982890669999999966e+00	4.984506287000000091e-01	4.137461480999999885e+00	5.113778517000000523e-01	6.242232999000000282e-01	8.336226272000000215e-01	4.508177284000000062e-01	-2.237520698000000086e-01	1.051559737999999911e+00	-1.148932041999999987e+00	3.953917359999999936e-01	3.712242110000000261e-01	3.438107813999999873e-01	-3.349649538999999732e-01	4.906494992000000055e-01	-6.888805417000000153e-01	2.183208923000000024e+00
-1.483094863000000041e+00	-9.161896247999999909e-01	1.181428724000000097e+00	-3.357992615000000014e-01	1.508940401999999903e+00	6.233500550999999945e-02	2.597159721999999782e-01	-5.796852255000000120e-01	-8.212319528000000535e-01	1.585317845000000059e+00	2.113015861000000051e+00	5.325785217999999821e-01	-1.052959237999999909e+00	3.781359862999999892e-04	-7.808258705999999716e-01	-1.046493257000000066e+00	-1.479770414999999950e+00	1.253929022999999976e+00	-7.979886474000000285e-02	-4.352217297000000040e-01	1.627143738000000062e-01	9.814111236000000460e-01	1.086024308000000049e+00	1.309000074999999930e+00	-3.859268829999999983e-01	1.820029975999999938e-01
-1.624934636999999960e+00	9.832397742999999801e-01	1.487946828999999971e+00	-6.052540655000000491e-01	-2.607249942000000043e-01	-7.359506627999999606e-02	8.244141680000000028e-01	1.332627046000000037e-01	-9.061457292000000274e-01	3.965741139000000248e-01	1.318875711000000006e+00	6.898160025999999778e-01	-4.024256492000000129e-01	9.546178978999999565e-01	1.557648778000000067e-01	-2.727138362000000038e-01	1.284422624000000068e+00	1.083158771999999992e+00	-1.900937206000000046e+00	-5.794022911999999886e-02	-6.315516022999999590e-01	2.001261809999999919e+00	7.273118181000000071e-01	4.877625519000000076e-01	-6.648347989999999763e-01	-3.687458295000000108e-01
-1.569624919000000007e+00	7.114657611000000381e-01	-9.365242327999999394e-02	1.832047464000000070e-01	-1.629131665999999923e+00	2.296695609999999943e-01	1.529736245000000050e+00	-2.397888849000000100e+00	4.362098911999999773e-01	2.500251802999999828e-01	1.237858512999999938e+00	-1.257547672000000061e-01	-1.291482704999999953e+00	1.185120978000000047e+00	9.297459048999999753e-01	-1.705118286000000039e+00	1.155361741999999969e+00	9.377429299999999746e-01	-6.084368871999999984e-01	9.467342197000000459e-01	-4.033195479000000194e-01	-9.761930334999999737e-01	7.785144158000000258e-01	-1.342775030000000092e+00	-1.684347257000000028e-02	-9.759653957999999685e-01
-1.704774205999999959e+00	-6.564918410000000204e-01	1.915349238000000065e-01	1.633893406999999964e+00	3.868775130000000062e-01	4.707249960000000066e-01	-7.406053646999999373e-05	7.598415641000000331e-01	9.489825444999999693e-01	1.229388087000000018e+00	1.736756542000000014e-01	1.099231684000000042e+00	-1.381774075000000046e+00	-7.046675686000000161e-01	-6.237929031000000180e-01	-1.909240465000000109e+00	1.716907994000000104e-01	1.297757451000000062e-01	-1.040102754999999934e+00	8.263205210999999828e-01	9.947231084000000001e-01	-7.571818263999999798e-01	-1.425639343000000059e+00	-1.094343169000000060e+00	-8.308147745999999723e-01	4.291590023999999892e-01
-1.729858904000000086e+00	-6.302568879000000068e-01	-6.726387624999999870e-01	-1.276101093999999936e+00	1.038055240000000046e+00	7.579911784999999735e-01	1.027733001000000028e-02	-6.656638542999999686e-01	-2.108442531999999980e-01	9.309722026000000206e-01	4.552592638999999886e-01	9.499037315999999675e-01	-1.304804987000000027e+00	3.934276070000000125e-01	-1.132122378999999901e+00	-8.760886873000000019e-01	3.679181705999999830e-01	8.974780153000000427e-01	-2.186872504000000106e+00	-1.722743090000000032e+00	1.219600417999999964e+00	3.677471573000000160e-01	-1.346879751999999986e+00	9.396092749000000133e-01	-6.352221645000000194e-01	-7.421732617999999837e-01
-1.773595611000000072e-01	7.389652013999999935e-01	-3.306566645999999832e-01	-6.507396828000000522e-02	5.370413252000000304e-01	-5.861084803999999648e-01	1.767717838000000041e+00	-2.216812458000000152e+00	1.492820706999999913e+00	-5.693338210999999982e-02	2.635192868999999938e+00	-5.744387466000000497e-01	1.331174405000000061e+00	4.759066377000000236e-01	-7.176644161999999882e-01	-2.038500768000000019e+00	1.013055452999999995e+00	-1.678204744999999942e+00	-1.942054401000000041e+00	5.541329895000000061e-01	9.671300685000000508e-01	4.764425521999999802e-01	-1.223352140999999893e+00	-6.584294064000000279e-01	2.570937239000000041e+00	-1.976435775999999978e+00
-7.796033431000000125e-01	-2.405662359000000083e-01	6.845772143999999670e-01	8.170466379999999917e-01	-7.814786285999999471e-01	-5.071109958000000195e-02	3.748680063000000007e-01	8.253463871999999757e-01	1.524100151999999930e+00	3.298096366000000113e-01	5.454983437000000546e-01	1.046447570999999993e-01	-1.524975345999999954e+00	7.566597724000000136e-03	-9.126627729999999827e-01	-3.804950997000000057e-01	-8.588013391000000052e-01	2.854629113000000107e-01	-2.516915421000000208e+00	9.211303140000000056e-01	5.105878895000000028e-01	2.220578587999999964e+00	2.723310259999999761e-01	-8.147132759999999863e-01	-5.560753142000000038e-01	1.844957600999999947e+00
-1.165019475000000027e+00	-7.802341114999999938e-02	6.801893530999999493e-01	1.560136032999999943e-02	-1.617810165000000078e+00	9.733725113000000206e-01	6.297963415999999759e-01	8.689609325999999578e-01	-2.885351942000000114e-01	6.508831631000000506e-02	6.350416200999999816e-01	6.153398359999999734e-01	-2.309071235000000222e+00	-1.158770180000000094e+00	-1.355685798999999969e+00	-1.140695085999999941e-01	-6.015102621000000260e-01	1.355782153000000045e+00	-1.778524817000000091e+00	-5.866419869000000231e-01	7.672670727999999496e-01	2.049803992999999824e+00	2.434227486999999968e-01	-1.568350306999999999e+00	-3.915030277000000059e-01	4.577738442999999997e-03
-2.482333575000000181e+00	-3.692165546000000242e-01	-1.496508060999999890e+00	-6.400802937999999775e-01	6.725146708000000473e-01	1.252345194999999967e+00	-8.181562538000000315e-03	4.161571780000000165e-01	-1.308653710999999886e-01	1.392083203000000102e+00	-5.901262557999999991e-01	8.920163803999999752e-01	-1.166660001999999974e+00	-8.969342082000000271e-01	-1.724105865999999931e+00	-2.850518644000000212e-01	-2.055621568999999871e-01	4.512565919000000036e-01	-5.624669494999999797e-01	-2.259402903999999934e-01	1.128133542999999905e+00	1.585644738000000054e+00	-3.174963955999999810e-01	-1.292392650999999892e+00	-1.227336197999999934e+00	-6.036706855000000260e-01
-2.069943728000000149e+00	-4.543784083999999890e-01	-1.081661396999999969e-01	1.466707358999999877e-01	1.131813814000000029e+00	1.974960634000000048e-01	5.851517145000000031e-02	-3.039997550999999909e+00	1.141614311999999964e+00	8.807541289000000440e-01	3.254537754999999866e-01	4.759260590000000124e-02	3.803556719999999780e-01	-8.125455764000000247e-02	-4.247626523999999959e-01	2.811401888999999765e-01	6.008638534000000364e-01	4.696705375999999932e-01	8.466113830999999479e-02	1.928842920999999988e+00	9.556215690999999568e-01	1.028904645999999978e+00	-3.539725823000000049e-01	1.089051820999999975e+00	-7.111438411999999598e-01	-8.653068194999999907e-01
-1.620072337999999945e+00	2.661346517000000023e-01	1.983582818999999997e+00	1.841303766000000008e+00	1.382995304999999897e+00	-6.540498215000000171e-01	-1.402939350999999890e-01	1.806452580000000169e-02	1.308054936000000001e+00	2.705692855999999868e-02	2.249701427999999948e-01	-1.018451283999999984e-01	-2.212386866999999924e-01	-5.756134534000000302e-01	-1.294439647999999998e+00	-7.756913896999999558e-01	-7.148609321000000405e-02	2.107406107000000084e+00	3.094068812999999918e-01	-6.399019820000000358e-01	1.186686995999999938e+00	-3.312839210000000090e-02	-9.759361291000000493e-01	-4.238342033999999980e-01	-9.229314234000000061e-01	2.494394386000000075e-01
-2.110928111999999857e+00	4.953122062999999742e-02	1.383733018999999898e+00	-3.110880824999999739e-01	1.032552547000000098e+00	-1.273575687999999984e+00	-5.027329452000000032e-01	-3.472313625999999820e-01	1.827539395999999927e+00	-4.128822147999999803e-01	-5.956647199000000142e-02	3.331041108999999723e-01	-1.804820547999999913e+00	-6.106877912000000519e-01	-9.593141898000000500e-01	-9.233558721999999934e-04	-5.410924464999999906e-01	2.027966080000000115e+00	3.380988940999999914e-01	-8.095135181999999485e-01	2.200011820999999923e+00	1.656713478999999878e-01	-1.378940201999999948e-01	-5.112836451000000171e-01	-1.058552398000000005e+00	4.173779577999999768e-01
-1.968213500999999921e+00	1.286645307000000016e-01	1.293577739999999920e+00	1.993659620999999882e-01	-6.862196367999999769e-01	-1.124986239000000054e+00	-4.926020998999999789e-01	-2.675938533000000175e-01	3.464135114999999931e-01	-1.336039170999999970e-01	6.328944332999999946e-04	2.312716506999999977e-01	-1.330633095999999904e+00	-9.578250013000000340e-01	-8.261844967999999456e-01	-2.812260296999999909e-01	-5.954779135000000112e-01	1.209409130000000054e+00	3.949354547999999743e-01	-1.130243624000000002e+00	1.985330644999999894e+00	-3.012048782000000258e-01	-1.627183717999999946e+00	-1.695154019999999928e+00	-1.025079669999999998e+00	2.167860887999999986e-01
-2.277301398000000088e+00	-5.305214813999999945e-01	-5.132709825000000281e-01	-1.417374821999999979e+00	-2.106753742999999957e-01	-1.375866221999999972e+00	8.502746460000000506e-02	-2.093144173999999857e+00	-1.917814915999999981e+00	9.474255402000000270e-01	1.506255985999999936e-01	3.494949881000000147e-01	5.461664763000000089e-02	-1.449670652000000004e+00	-5.148066147000000120e-02	1.106117271000000013e+00	5.350817079999999892e-01	-5.012782420000000405e-01	-8.979592943000000438e-02	-5.126823164999999571e-01	9.630144825999999991e-01	-5.746928812000000331e-02	-1.302484586999999916e+00	-2.241071911999999999e-01	-1.419725096000000075e+00	-6.061528489000000269e-02
-1.857599597000000102e+00	-8.072608826999999598e-01	-1.388448826000000080e+00	2.547725617999999859e+00	5.144284406000000365e-01	-6.512965263999999366e-02	2.698524212999999783e-01	-1.629004370000000090e+00	-7.190369465000000515e-01	1.000394650000000052e+00	-8.638443612000000493e-02	1.495670492999999990e+00	-3.740720032000000028e-01	2.059743448999999949e-01	-3.362548521000000012e-01	-3.752224020000000104e-02	-1.847132451999999869e-01	1.359419829999999996e+00	-2.411474329000000139e-01	-8.847705718999999969e-02	9.885634859999999913e-01	4.596218679999999890e-01	-6.856527259000000374e-01	-3.400290555000000103e-01	-2.208210552000000049e-01	-4.276111485999999906e-01
-1.209488197999999959e-02	-6.689493294999999673e-01	-3.983880689000000030e-01	-1.559624962000000004e+00	3.938667099000000005e-01	-5.577971671000000464e-01	4.270647799999999883e+00	4.863648667000000092e-01	-5.732967005000000338e-02	4.196265699000000238e-01	-6.856430940000000085e-01	5.476682987000000224e+00	6.555403199999999542e-01	1.352830833999999927e+00	4.403760629999999843e+00	-1.386312591000000038e+00	3.209426162999999832e-01	4.293316927000000227e+00	-2.167456410999999861e+00	-3.472933118000000041e-01	6.097029911000000357e-01	1.211739800000000006e-01	-1.049578676999999960e+00	8.741076746000000508e-01	1.705028691999999957e+00	-9.111636672999999798e-01
9.629418594999999970e-01	-4.320189543999999882e-01	-1.377176305999999961e+00	-3.759558531000000148e+00	8.071682878000000505e-01	5.485764385000000409e-01	-6.816386487000000161e-01	-5.840259199999999762e-01	4.206378626999999759e-01	1.638225655999999975e-01	3.601751745000000060e+00	1.724334607000000075e+00	-6.708417289000000450e-01	1.806111970999999983e+00	3.221794227000000177e+00	1.307816064999999917e+00	1.035044534999999932e+00	1.138937987999999901e+00	4.700366041999999855e-01	8.288062140999999938e-01	2.144687720999999936e+00	7.869060779000000005e-01	5.868142635999999968e-01	-1.596861424999999945e+00	-1.640838229000000092e+00	-1.501989492999999953e+00
2.168877500999999985e-01	-6.429723904999999906e-01	8.246654543000000448e-01	7.332448119000000153e-01	-1.083715779000000046e+00	1.030136133999999926e+00	7.118297040000000075e-01	-4.728597462999999945e-01	2.555045743000000091e-01	4.575019972000000101e-01	1.557794979999999885e-01	1.149662293999999946e-01	2.804214998999999819e-01	8.737686487000000390e-01	2.965375691000000202e+00	2.083664278000000092e+00	5.942782146999999737e-01	-1.742604507000000025e+00	-8.084713138000000354e-01	2.694452054999999999e-02	1.207392851999999905e+00	2.868171493999999822e+00	9.946831266000000227e-01	4.025199968000000017e-01	-1.149156167999999978e+00	-9.952249543000000198e-01
5.825496807000000166e-01	-6.921501649000000311e-02	5.986145679000000053e-01	-4.554538841999999921e-01	-1.031204188000000022e+00	3.242529115000000184e-01	9.763680506999999897e-01	-1.119332374999999935e+00	-1.447387874999999990e+00	-3.664379918999999819e-01	1.585844947000000005e+00	-9.848090449999999940e-01	-5.630202447000000332e-02	-6.281297161000000129e-01	1.204769482999999974e+00	1.187407835999999994e+00	7.027146089000000373e-01	1.513278190000000079e+00	-1.246791852999999950e+00	9.854827116000000053e-01	-2.964741537000000204e-01	2.942114440000000108e+00	6.947432045000000445e-01	-3.449405213999999775e-01	-8.198362278999999919e-01	1.583227273999999962e+00
6.582289920999999655e-01	-1.447139291999999910e+00	-1.200170168000000093e+00	4.418319351000000172e-01	5.591397377000000279e-01	1.067857878999999954e+00	1.697471103000000037e+00	1.624444473999999916e+00	5.836377029000000549e-01	1.670946320000000096e+00	1.466925226000000082e+00	-8.630278071000000439e-01	-3.601043387999999790e-01	-5.985506972999999897e-01	1.487970066000000036e-01	2.151926979000000073e-01	-7.664484580999999519e-01	1.578297523999999896e+00	1.033237570000000050e+00	4.675460630000000117e-01	-7.694874828000000111e-01	2.223417042999999982e+00	-6.459097274999999749e-01	6.874783086000000321e-01	-9.215745086000000086e-01	-1.222578713000000011e-01
9.432277288999999509e-01	4.269007746000000325e-02	8.174876473000000088e-01	-1.805309257000000001e+00	1.499557534000000025e+00	2.080524308999999850e+00	8.789140199999999625e-01	-4.682863914000000016e-01	1.060002598999999934e+00	1.462127675000000071e+00	1.388698581999999959e+00	-4.564101862000000120e-02	5.863667911000000066e-01	6.304924075000000183e-01	1.179388498000000007e+00	7.142231172999999878e-01	-1.053519046999999986e+00	-5.018121190000000148e-02	1.876003187000000016e+00	-1.765487232999999989e+00	-1.391045599000000077e-01	2.374663029999999786e+00	-9.285115375000000393e-01	1.176325521999999957e+00	-9.377494541999999988e-01	5.903936305000000440e-01
1.396107884000000077e+00	1.537312962999999977e+00	2.120265085999999854e+00	-5.804092422000000084e-01	1.109678962000000046e+00	3.546064736999999800e-01	1.764940696999999892e+00	-7.212472295999999838e-01	1.375833493000000018e+00	-2.266147785999999886e+00	1.985942437999999921e+00	-1.140697159999999988e+00	-5.426506853000000463e-01	1.495602853999999926e+00	1.343282003999999974e+00	-1.834770792999999900e+00	9.558139058000000299e-01	-1.944074638000000022e+00	1.065855231000000014e+00	-2.241004926000000008e+00	1.262226821999999915e+00	1.129541160999999905e+00	-1.724291910999999899e+00	-1.393104316999999925e+00	1.834219618999999968e+00	9.820962577999999832e-01
4.571679451999999810e-01	1.093101078999999975e+00	3.457763852999999887e-01	-1.809881512000000026e+00	-8.668158245000000539e-01	-4.998743230000000093e-01	6.214560842999999890e-01	4.539544699999999988e-01	7.088423863999999686e-01	-7.729137731999999872e-01	2.756258655000000113e-01	-1.217259198000000042e+00	-8.634320546999999513e-01	5.615573888999999541e-01	2.670671227000000147e+00	4.176490605000000023e-01	1.836771557000000110e-01	-1.654333223999999936e+00	-6.653771312999999799e-01	-5.766656504999999600e-01	3.406468704000000236e-01	2.030940264999999911e+00	-3.681173910000000160e-01	-2.206767313999999924e-01	-1.798188954000000006e+00	1.816356681999999889e+00
4.606973642000000146e-01	1.097498209000000030e-01	4.716184288999999974e-01	-3.432869438000000217e-01	-2.061491017999999897e+00	-2.478438662999999931e-01	1.195727803000000034e+00	-9.182152352000000350e-01	1.488747118000000036e-01	-1.644353540000000058e-01	1.839122066999999972e-01	-1.255114426000000005e+00	-1.307723495999999930e+00	-9.024583157000000133e-01	1.703222419000000043e+00	1.796418284999999893e+00	-1.187000440000000046e+00	-1.000057815999999988e+00	-2.000579468999999833e+00	7.562132475999999714e-01	4.742566742000000057e-01	2.065195558000000098e+00	-2.240541833999999954e-01	-2.981228037000000164e+00	-4.869588597000000241e-01	1.015286861000000096e+00
3.791236745000000075e-01	-9.528292175000000475e-01	-1.139282147999999939e+00	1.477222706000000108e-01	-9.612775447000000417e-01	-1.705095913999999935e-01	1.800750928000000028e+00	-5.999128150000000437e-01	-1.415615601999999917e+00	1.914609736000000006e-01	2.287819818000000061e-01	-9.963717778999999775e-01	-9.421967284000000165e-01	-1.236666792000000070e+00	8.108773205999999512e-01	1.482856332000000110e+00	-1.599097865000000063e+00	-3.671858459999999824e-01	-3.008362482999999976e-01	1.190496135999999927e+00	-3.180380395999999887e-01	2.949708487000000101e-01	9.833850315000000064e-01	-1.102073032999999924e+00	-5.156120845999999647e-01	3.937428065999999949e-01
7.068146157999999346e-02	-1.059084316000000081e+00	-1.133834881000000072e+00	1.446360824999999961e+00	9.159781353000000514e-01	1.764078564000000071e+00	1.003531337000000079e+00	1.321632684999999974e+00	6.031563115000000419e-01	-4.432649112000000002e-01	3.619635258000000189e-01	4.378368624999999792e-01	-2.859812601999999759e-01	-1.324423852000000013e+00	-5.088570043000000265e-01	1.171862514999999938e+00	-1.079546067999999970e+00	4.230556913999999891e-01	9.422554660999999943e-01	-1.520964180999999915e-01	8.349415893999999616e-01	5.462668497999999540e-01	6.525419797000000521e-01	6.642553680999999655e-01	-6.107728723999999998e-01	-3.078413366000000151e-01
4.331742667999999852e-01	-8.310734915999999639e-02	7.887517430999999579e-01	-2.058629384000000062e+00	1.491107299999999913e+00	2.289881069999999852e+00	-7.698867426000000069e-02	3.167220354999999987e-01	1.086333943999999940e+00	9.562594612000000494e-01	-1.360825908999999945e-01	-4.800635932000000272e-01	8.527675368999999561e-01	6.175729318999999551e-01	4.003464377000000018e-01	2.336869034000000067e-01	6.640459613999999400e-02	-8.045369787999999689e-01	4.908493643999999878e-01	-2.304027645000000124e+00	2.118938415000000131e-01	7.091156485999999814e-01	-1.215686388999999978e-01	1.692588986999999934e+00	-1.735478980999999976e+00	-1.164558931999999936e-01
1.729764326999999879e-01	2.755068572999999965e+00	5.149237999000000343e-01	5.516119728999999694e-01	4.572815078999999949e-01	-8.871439126000000286e-01	1.100774761000000046e+00	-4.746803508999999921e-01	8.158988507000000112e-01	-7.789791261999999827e-01	4.048351246999999931e-01	-1.356657715999999958e+00	4.654188093000000137e-01	4.140318929999999842e-01	1.590018315000000015e+00	-7.254673874999999494e-01	1.273239335999999944e-01	-1.345296136999999947e-01	-8.315199195000000376e-02	3.931335847999999911e-01	-2.158212582000000046e-01	-8.004172699999999585e-01	-1.724363817000000021e-01	8.578475012000000288e-02	-8.265602923000000546e-01	-4.757222128999999966e-01
2.837066436999999969e-02	1.490059688000000104e+00	-1.199222405999999935e-01	-4.544268635999999806e-02	-1.020440223999999896e+00	-1.167360670999999961e+00	6.355583803000000032e-01	1.348678723999999995e+00	9.296648467000000471e-01	-1.351483777000000108e+00	1.367821288999999940e-01	-1.422903078000000043e+00	-1.469614330000000059e-02	-2.562800324000000241e-01	1.324117744999999902e+00	-7.538091675000000436e-01	-8.962076565000000050e-01	-3.089505312999999975e-01	3.849174416999999737e-01	-3.913853953000000219e-02	7.874883377000000406e-01	-7.461346917000000190e-01	-1.350953110999999929e+00	4.510499642999999947e-01	-5.250328348999999672e-01	3.581485781000000035e-01
-2.768193194000000135e-02	-4.115093310000000199e-02	-6.074600379000000272e-01	1.543793511999999923e+00	-1.555812922000000098e+00	-9.303353934000000436e-01	4.650809414000000030e-01	1.174564087000000034e+00	8.282208692000000427e-01	-1.447873181000000065e+00	8.038175950999999486e-01	-3.456470032000000248e-01	2.881812165000000037e-01	-1.089785245000000069e+00	4.573755008000000011e-01	-2.559442117999999877e-01	-1.565955127000000058e+00	-7.371260120999999499e-01	9.226969459999999346e-02	-1.471135832000000088e+00	1.198817343000000007e-01	-1.117310889000000085e+00	-1.730985680000000082e+00	-8.363012967999999825e-01	-7.827969049999999873e-01	-2.386782248000000051e-01
-3.185029697999999798e-01	-9.554377992000000486e-01	-4.630164580000000196e-01	-3.260724069000000003e-01	4.542856820000000240e-01	-5.177609973999999782e-02	3.343693795000000080e-01	1.217826539999999902e+00	-7.314917410000000286e-01	-2.848700607999999912e-01	3.850192150000000119e-02	6.285434769000000088e-01	5.950444084999999550e-01	-2.676821831999999901e+00	-5.447255930000000079e-01	-5.148325660000000470e-01	-8.581101214999999893e-01	-6.311957159000000095e-01	-7.505325186000000315e-01	4.129036158000000123e-01	5.997188086000000418e-01	-4.903610938999999891e-01	3.480101842000000167e-01	-1.118413985000000110e+00	-6.421294181000000156e-01	9.793871349999999643e-01
-2.763797654000000117e-02	-2.958353100000000180e-01	-4.806103962000000118e-01	1.026567323999999948e+00	1.393794852000000084e+00	9.503660551000000511e-01	-1.836364577000000053e-01	-7.458850691999999727e-01	-1.287723589999999918e+00	-2.101327579000000084e-02	4.697020705000000129e-01	8.717696492000000241e-02	1.207703101999999973e+00	-2.771107825999999941e-01	-2.976300295000000040e-01	2.157754548000000161e-02	-1.686932418000000045e+00	2.379017103999999938e-01	2.013690012000000085e-01	3.545988151000000199e-01	-3.113739557999999907e-01	3.999585256000000033e-01	2.716173817000000143e-02	-3.013219276999999918e-01	-2.769465763000000247e-01	-3.406388412999999948e-01
4.933389382999999739e-01	-3.280434264000000044e-01	5.704659896000000008e-02	8.736871443000000514e-01	1.035548321000000049e+00	-4.709096242999999959e-01	3.382273523000000059e-01	1.832678333000000048e+00	-2.144299487999999920e-01	-8.505105922000000263e-01	3.364946637999999823e-01	2.224756987000000019e-01	1.096317938999999964e+00	1.216154578000000042e+00	-6.728603427999999553e-01	-4.665126765000000009e-01	-1.442894319000000092e+00	1.263221742999999897e+00	-1.065670345000000019e+00	-1.862017032000000016e+00	-7.253723773000000062e-03	-9.913024287999999684e-01	-1.724494573000000086e+00	1.216870090999999932e-01	-3.613593538000000049e-01	-1.048551065000000060e+00
-8.114795640999999948e-01	7.210884001999999793e-01	-1.109121113000000047e+00	-8.527382559999999723e-01	2.890664902999999786e-01	4.720209899999999736e-01	-4.593357209000000219e-01	8.816123721000000690e-02	-8.953051049000000372e-01	-5.608829690000000090e-01	-7.930307168000000351e-01	-3.459639006999999933e-01	1.816731606000000054e+00	9.173462099000000425e-01	-2.359642264000000045e-01	7.689179777000000326e-01	1.277001255999999918e+00	6.071079914000000050e-02	-3.250026796000000107e-01	-4.955168560000000055e-01	1.818331917000000075e+00	6.592692844999999968e-01	5.575445649000000392e-01	3.266952968999999873e-01	-1.699750823000000022e+00	-3.375240593000000122e-01
-1.524480370999999890e-01	2.046078394999999883e+00	-4.481559922999999723e-01	4.476967621999999869e-01	-1.507489134999999925e+00	-2.038927741000000071e-01	1.027317732999999955e-01	-5.411953274999999897e-01	-3.439413189000000148e-01	-1.183310998999999919e+00	-2.583314448999999846e-01	-7.206579614000000467e-01	1.298415066000000007e+00	7.133357518999999813e-01	2.311948538999999969e-01	-8.458815252000000395e-01	2.758093374000000209e-01	1.263632158000000116e-01	-1.155577936000000028e+00	1.781197177999999992e+00	1.009381689000000026e+00	-5.149927362000000092e-02	-1.626375386000000089e+00	1.892120781999999946e-01	-8.608062645999999818e-01	9.769741188999999659e-01
3.712968343999999976e-01	-5.698926940999999857e-01	-1.197557532000000036e+00	1.101601303999999892e+00	-9.883934138000000091e-01	-1.212155173000000058e-01	1.851061139999999883e-01	2.194242563000000090e-01	1.026667245000000062e+00	-1.457190402999999912e-01	6.007371525000000378e-01	2.149921307999999864e-01	-1.002829840000000056e-01	-3.582737910000000081e-01	-1.253769799000000081e-02	-1.927352009000000033e+00	-1.733338511999999998e+00	-6.793135152999999482e-01	-9.594631569999999554e-01	-2.789878841000000276e-01	7.472664802999999800e-01	-1.584436629999999901e+00	-6.403543287999999833e-01	1.436456410999999989e+00	-1.120374744000000033e-01	-1.248037475000000063e+00
5.831518891000000288e-02	-1.007684878000000062e+00	-1.287314308999999990e-01	1.100288433000000010e+00	9.574901882000000364e-02	4.721894797000000255e-01	2.080511036000000091e-01	1.423093874000000092e+00	1.348020613000000090e+00	-1.121921546999999908e+00	3.503296803000000015e-01	1.270861883000000025e+00	4.436808763000000266e-01	-1.445523292000000071e+00	-7.133094456999999888e-01	-8.192374500000000337e-01	-3.822550785000000118e-01	-6.095751401000000236e-01	5.441782014999999723e-02	3.508998447000000187e-01	1.983906535000000138e-01	-8.835877118999999613e-01	2.449928977999999979e-01	-1.643470871000000111e-01	-6.088984600000000302e-01	1.305044931000000075e+00
7.660688027999999761e-02	-6.644782173000000070e-01	5.029029199000000228e-01	-1.009269750000000077e+00	9.981398921999999896e-01	1.022272764000000000e+00	-4.857625409999999921e-01	-5.720354605999999897e-01	7.442718026000000320e-01	4.822646842000000156e-01	-7.178900215000000307e-01	7.314922903999999670e-01	2.051061593000000016e+00	-7.774351970999999750e-01	-3.486525046999999766e-01	1.893697719999999918e-01	-4.494853427000000123e-01	-8.778052510999999614e-01	-1.107975914999999922e+00	-1.425305502999999918e+00	1.797733139000000091e-01	-5.060338638000000389e-01	3.133382675999999978e-01	1.763311766000000020e-03	-1.373683323000000067e+00	3.710008852000000190e-01
-2.971058529000000087e-02	9.653482302000000459e-01	1.299698274000000042e+00	7.732217919999999634e-01	1.066785477999999898e+00	-1.148696858000000098e+00	4.014473152999999961e-01	-8.226552708000000047e-01	1.439289803999999950e+00	-7.650872569000000123e-02	-8.072623864000000315e-02	-5.866125378000000001e-01	1.537848714999999977e+00	3.113492943000000235e-01	7.363964980999999632e-01	-1.277068399000000021e+00	-7.702870936000000279e-01	-5.835174086000000093e-01	-5.175008269999999966e-01	-2.023665335000000010e-01	-5.284055235000000295e-01	-1.566791218000000097e+00	3.284938694999999798e-01	-6.302712575000000150e-01	-1.890621746999999964e+00	-6.009857147999999594e-01
-3.998414375000000076e-01	-2.393090239000000008e-01	3.399014370999999812e-01	5.887374910999999544e-01	5.333580077999999780e-01	-1.587865639000000106e+00	-3.379928602999999754e-01	5.921556136000000192e-01	1.449596018999999902e+00	-7.531355118000000459e-01	-2.152678890999999983e-01	2.244907812999999974e-01	3.056520375999999817e-01	-9.803307914000000123e-01	-1.399990798000000092e-01	-1.427243744000000092e+00	-1.178103185999999969e+00	-5.584015817000000104e-02	-2.037187750999999825e+00	2.162214856000000129e-01	1.220021204000000026e+00	-7.021432852000000224e-01	-2.803953735999999974e-01	-3.870792375000000063e-01	-9.857062158999999602e-01	-4.894647299000000062e-01
-2.793840919999999728e-01	-7.381093579999999932e-01	1.363831677000000020e-01	1.112616149999999943e-01	-1.325575154000000033e+00	-3.854899963999999790e-01	-8.538868791999999486e-01	8.641811631000000382e-01	1.303060048999999943e-01	-8.710327447000000278e-01	-1.256843084999999943e-02	1.114893949000000051e+00	5.699175912999999705e-01	-1.909324688000000103e+00	-7.340292899000000482e-01	-6.281037508000000269e-01	-2.178682901999999810e+00	7.130898118999999813e-01	-1.360721501000000000e+00	-9.513082917999999832e-01	1.434617795999999945e+00	2.217369929000000128e-01	4.144349002000000115e-01	-1.649474482000000131e-01	-2.374008355999999986e-01	-4.049527895999999738e-01
-5.763249645000000088e-02	-3.516114065000000011e-01	3.523581525999999742e-01	-3.782039447000000165e-01	-7.485737306999999952e-01	-3.744298040999999855e-01	1.240527485000000041e-01	-1.432462746999999981e+00	-1.373101028000000001e+00	2.359469593000000087e-01	-5.900739521000000209e-01	-2.284080706999999932e-01	1.365439625999999906e+00	-1.100794851000000074e+00	2.940253869000000186e-01	-6.061431842999999604e-03	1.509748311000000065e+00	-5.585478484000000465e-01	2.019731978000000039e-01	-5.611361938000000160e-01	1.125565072999999972e-01	-4.016950496000000204e-01	8.154062040999999761e-01	1.963821782000000071e-01	-9.478955554000000339e-01	-4.017970202999999740e-01
7.905083608000000595e-02	3.961574766999999796e-03	8.866768698000000448e-01	1.333475493999999983e+00	7.946748114999999668e-01	1.051270687000000065e-01	5.501001760000000240e-02	-3.464421080999999791e-01	-6.616404812999999718e-01	1.385262139000000003e-01	-1.152485533000000006e-01	1.574988609999999900e-01	1.520801556999999971e-01	-1.010807325000000034e+00	-8.026139318000000134e-02	-5.294872515999999862e-01	-1.270259736000000084e-01	7.310354693999999709e-01	-9.914891789999999774e-03	1.299355502999999912e+00	3.635966186000000322e-02	-6.198058649000000031e-01	2.525764670999999795e-01	-5.896674376999999634e-01	-5.398716665999999664e-01	-3.923009215000000105e-01
5.210177179000000103e-02	-8.580854516000000487e-01	1.142959147000000009e+00	7.506852203999999640e-01	8.054524943999999964e-01	4.805680291000000159e-02	-7.659682984000000527e-02	9.048963957000000224e-01	1.451787431999999933e+00	-8.262891597000000532e-01	-4.605233444999999870e-01	6.563106589999999629e-01	2.622302961000000029e-02	-7.706058206000000466e-01	-3.422573285000000132e-01	-5.681412543999999620e-01	-8.454441753000000448e-01	6.622975940999999978e-01	-8.416504352000000466e-01	-2.312509511999999989e-01	4.603152393000000120e-01	-1.193064150000000101e+00	-2.012017066000000021e-01	8.496280325999999716e-01	-5.975755774000000020e-01	-3.893950252999999750e-01
-3.562472033999999899e-01	5.562033788000000367e-01	-3.389808295999999777e-01	-3.242572444999999859e-01	1.030470094000000003e+00	-7.156313179000000080e-01	-3.404116918999999797e-01	1.168794284999999933e+00	1.218130906999999929e+00	-9.757413535000000193e-01	-2.754941101999999753e-01	5.385511639000000184e-01	7.091026017999999542e-01	-1.117506282999999989e+00	-9.879947341000000494e-01	-4.916666771000000047e-01	-1.844167370000000084e+00	-6.480713000000000168e-01	8.535642549999999940e-01	-1.900562107999999917e+00	9.545908149999999814e-01	-8.683752828999999895e-01	-5.809402857000000031e-01	4.422879605000000214e-01	-6.223242162000000022e-01	-2.049189544999999946e+00
1.825047253999999980e-02	1.307625980000000077e+00	-1.426112626999999966e+00	-6.028306681999999750e-01	-6.038232283000000145e-01	-1.591357538000000016e+00	-4.164897458999999857e-01	-7.269698184999999757e-01	-5.231536417000000050e-01	-7.082667747999999985e-01	-2.026493849000000069e-01	-9.882946341999999662e-01	2.255433929000000060e+00	-6.395522962999999894e-01	7.455004578999999687e-01	-1.204389473999999960e-01	4.675293671999999900e-01	1.707964190000000049e-01	1.531267726999999912e+00	-8.568501286999999911e-01	7.592565994000000096e-01	-1.399202379000000107e+00	-2.705323189000000128e-01	1.031789263999999928e+00	-4.853366390000000141e-01	7.139129265999999419e-02
2.178426105999999862e-01	-2.511038601999999731e-01	-8.908799588000000380e-01	1.593799721999999974e+00	-1.601560536000000035e+00	-1.380830642999999913e+00	-6.705132647999999529e-01	-4.960756877999999981e-02	-1.231025046000000067e+00	-6.763060641000000484e-01	-2.719395131999999965e-02	-1.257387471000000027e-02	1.644134658000000027e+00	3.236965385999999723e-01	-1.094827745999999991e-01	-8.293693753999999974e-01	-8.709931467000000538e-01	1.290948583000000038e+00	1.916828093999999982e+00	-6.388283057000000431e-01	1.127190462999999934e-02	-4.796019485999999943e-01	-1.773031843000000052e+00	-6.888843744000000546e-01	1.488906514999999986e-01	1.708572277000000028e+00
6.915214550999999876e-02	-1.359411104999999953e+00	7.453356140000000352e-02	5.994416148000000222e-01	-4.402823612000000275e-01	-4.605408391999999962e-01	-5.016597408000000174e-02	1.696699187999999969e+00	-1.675035151000000111e+00	-5.923862236000000392e-01	-1.032895850000000032e-01	6.299810134000000117e-01	-2.945375762999999925e-01	-4.677164905000000261e-01	-5.607966495999999745e-01	-9.962988363000000458e-01	-9.099780841000000287e-01	-3.040737399999999813e-01	7.725575977999999955e-01	-7.911885217999999886e-01	3.108739739999999974e-01	-6.902861531999999745e-01	-1.027793018999999974e+00	-4.183381648000000091e-02	-1.284067188000000137e-01	-1.043830194000000100e+00
2.984317350999999841e-01	-9.862666880999999552e-01	-5.611571400000000542e-01	-9.963643277000000520e-01	4.759474725999999767e-01	1.515750136000000081e+00	-4.079700848000000213e-01	-1.192426688000000068e+00	-2.062765886000000215e+00	5.297692853000000035e-01	-6.027870178999999995e-03	5.025883294999999862e-01	1.619065568999999982e+00	-6.356885184999999661e-01	-7.705548841999999565e-01	-2.626014965000000173e-02	1.312678787999999874e-01	-5.209605648999999783e-01	1.642814436999999961e+00	1.211943137000000004e+00	8.350366448000000330e-02	4.851975224999999781e-01	1.383338162000000038e+00	-7.835029491999999374e-02	-8.477585825000000241e-01	-3.729891900999999788e-01
7.974482542999999923e-01	-5.492174363999999809e-01	1.370580101999999911e+00	2.614697161999999797e-01	1.524125012000000057e+00	8.161721686999999781e-01	3.980780526000000097e-01	3.365644186999999787e-01	-2.779297627000000270e-01	3.214170327000000216e-02	3.453055694000000120e-01	-7.897287640000000275e-01	8.041423808000000006e-01	-2.183255045999999977e-01	-2.197416798999999976e+00	-8.607456548999999901e-01	1.561410015999999956e+00	5.081633303999999463e-01	5.986682681999999645e-01	6.871034921999999989e-01	-9.892879173999999942e-01	1.010264086999999922e+00	-9.901986276999999448e-02	-2.569719456999999818e-01	-3.086355376000000095e-01	-2.085874553000000020e+00
8.782389159000000278e-01	1.654582148999999891e+00	5.693573521999999859e-02	-1.081629965000000082e+00	6.124323620999999607e-01	1.961406370000000066e-01	-5.953730932999999892e-01	1.218065283000000054e+00	1.230213919999999961e+00	-8.407160731999999692e-01	-6.288897716000000360e-01	3.101148899999999764e-01	-1.187661861000000041e+00	3.458371500999999903e-01	-5.584168443999999454e-01	-6.484116313000000131e-01	-4.257146332000000255e-01	1.658144430999999863e-01	2.071901120999999901e-02	-1.690707911999999924e+00	1.335480227999999991e-01	3.030831480999999772e-01	1.210153223000000056e+00	2.224285869000000027e+00	-1.034251779999999954e+00	4.875108727999999947e-01
4.431122339999999937e-01	1.888107218000000032e+00	-8.170142868999999974e-01	-4.477193085000000239e-01	-1.472293920999999894e+00	-2.719144227999999996e-01	-4.327454090999999781e-01	-1.224478608000000079e+00	-1.097233139999999940e+00	-7.464001382999999601e-01	-1.471665020000000101e+00	-1.358153202000000004e+00	1.284925439999999863e-01	1.816117588000000005e+00	5.014967715999999465e-01	2.021324264999999898e-01	8.273326635000000095e-01	-2.422682814000000073e-01	5.084279744999999906e-01	3.436309114000000164e-01	-2.711196364000000025e-02	1.162097401000000030e+00	9.339043124000000473e-01	-1.849213524999999914e+00	-7.859254313000000325e-01	1.567462477000000076e+00
6.192618695999999590e-01	-6.414844940999999690e-01	-1.412680084000000003e+00	-1.097122710999999945e-01	-1.403321384000000061e+00	-5.589982756000000386e-01	3.057980217999999861e-01	-1.238582402000000027e+00	-6.573191896000000201e-01	-1.068651908000000095e+00	-8.016094231999999487e-01	-1.094894285999999939e+00	-1.445830637999999890e+00	6.740005635000000384e-01	-5.133909798000000357e-01	9.019770421999999677e-01	7.323821890999999695e-01	1.583977437999999904e-01	-5.356318742000000244e-01	1.100791875999999947e+00	-1.107813224999999901e+00	8.411202899999999927e-01	1.430633714000000056e+00	-1.335269236000000026e+00	2.955718273999999868e-01	4.811477832000000121e-01
1.110082398999999942e+00	-1.235079610999999966e+00	-1.559828081000000033e+00	6.817876723000000361e-01	3.500888826999999925e-01	1.075311885000000078e+00	5.788566088000000054e-01	-4.829391845000000072e-01	-6.110790716999999761e-01	-1.786821178000000121e-01	-2.406342317999999869e-01	-7.625472281999999824e-01	-1.018209453000000098e+00	1.337589547999999962e-01	-6.663144730000000182e-01	-3.618821240000000272e-02	1.675685928000000047e+00	5.849728682999999485e-01	6.373418893000000196e-01	8.420150933000000171e-01	-2.535848499999999728e-01	-4.767240596000000274e-01	1.917192449000000076e+00	4.173307518000000105e-01	2.300730555999999927e-01	3.593386724000000032e-01
3.993411766000000140e-01	-7.470666176000000380e-01	8.206771020999999999e-01	9.898984360000000482e-01	1.236605288000000025e+00	1.734181041999999895e+00	-4.525170647999999796e-01	1.385102159999999971e+00	-5.935201166000000361e-01	-4.575836717999999803e-01	-8.357519705000000521e-01	4.885982955000000016e-01	-1.112034573999999970e-01	1.267671731999999940e+00	-1.134012121000000040e+00	2.710823315999999830e-02	-1.498600127000000004e+00	5.883261625000000272e-01	1.256256299999999992e+00	4.773359589000000236e-01	-2.309222589999999908e-01	3.004356860000000073e-02	-8.404101403999999498e-01	2.136256893000000046e-01	-3.787589113999999951e-02	-4.060756048999999979e-02
7.364433742999999533e-01	-2.222502397999999990e-01	1.908923020000000026e+00	-1.111957818000000042e+00	3.299119739999999967e-01	2.068905899000000048e-01	-7.890106532999999756e-01	7.163867575000000265e-01	8.767335149999999633e-01	-3.698242536999999941e-01	-6.063745721000000088e-01	-2.941296114999999989e-01	1.228974765999999996e-01	-2.691117217999999811e-01	-1.047170836000000049e+00	2.688640863999999797e-01	-8.749887239000000427e-01	-2.064016190000000084e-01	1.539761158000000074e-01	-7.635079716999999544e-01	1.849305602000000069e-03	-1.152297252000000105e+00	-1.214924718000000015e+00	1.979382179999999991e-01	-4.090948353000000148e-01	-3.688759401000000215e-01
2.088254190999999926e-01	6.473364263999999979e-01	-5.613956544000000548e-01	3.255091860000000059e-01	1.349813314999999958e-01	-6.659824283999999928e-01	-5.614619385000000351e-01	-2.648638267999999796e-01	1.043653563999999978e+00	3.916671077000000167e-01	-1.235076735999999897e+00	1.211920246999999978e-01	2.160118283000000083e+00	1.807531035999999924e-01	-8.591883485000000320e-01	3.419173037000000082e-01	-3.089735131999999940e-01	-2.028535207000000007e+00	7.071998992000000372e-01	9.142434889000000675e-02	5.357353440999999827e-02	-9.130161149000000087e-01	-1.055105719999999969e-01	-9.685489413000000214e-01	-1.254869320999999927e+00	-1.198361703000000000e+00
8.431898101000000478e-01	1.323540632999999911e-01	3.944040350999999944e-01	1.682183718000000106e+00	-5.379715255999999446e-01	-1.439083254999999895e+00	-3.422998800000000008e-01	-1.008548612000000066e-01	-4.682111314999999885e-01	2.645217955999999981e-01	-1.128390551000000075e+00	1.711159045999999906e+00	3.847060037000000210e-01	-1.207417184000000088e+00	-1.871061472000000059e+00	-5.421559031999999556e-01	4.633453507999999998e-01	-4.289995024000000101e-01	-2.630467738000000222e-01	7.057442820999999533e-01	1.165028830000000015e+00	-1.954086281000000022e-02	5.619100013000000171e-01	-5.450394092000000051e-02	-7.674113871000000087e-01	8.915398513000000191e-01
1.272773557000000055e+00	-1.096978467000000013e+00	7.910201223999999698e-01	-7.358065820000000423e-01	-2.721629913999999983e-01	1.382493838000000030e+00	-7.952920871999999974e-01	-8.480079555000000213e-02	-3.830725783000000217e-01	3.061672659999999935e-01	2.807430933000000239e-01	4.415185413000000114e-01	-1.356752361999999934e+00	-1.424051680999999903e+00	-9.466282930999999623e-01	9.940954402000000412e-02	8.596479743999999590e-01	-4.154267685999999959e-01	-5.660016095000000025e-01	-1.096149162999999982e+00	-1.088000891000000081e+00	2.030448068000000050e-01	1.088684691999999954e+00	2.034739513999999971e+00	-7.966117804000000246e-01	-9.114597720999999542e-01
1.293772036000000014e+00	1.750674755999999999e+00	-1.472391959000000083e-01	9.440331979999999623e-01	1.597949180999999885e-01	9.834592369000000334e-01	-2.117578287000000115e-01	1.265826378000000085e-01	5.635316029000000393e-01	1.116786835999999949e-01	-6.938880582999999991e-01	-4.413760139999999832e-01	-5.916335172000000142e-01	8.326894534000000084e-03	-1.423376353999999955e-01	-5.438517418999999631e-01	9.152062377999999887e-01	-8.802238214999999477e-02	3.859423112999999655e-02	-7.392713501000000020e-01	-4.317172586999999950e-01	-1.852633603999999989e+00	-7.542140171000000226e-01	7.792416208000000344e-01	-7.092485213000000455e-01	-6.175951926999999619e-01
9.188614528999999864e-01	6.315981922000000193e-01	-4.817545138000000060e-01	2.339248107999999937e-01	2.549176027999999761e-01	2.068426674999999937e-01	-2.614271604000000249e-01	1.254994103000000027e+00	1.009161930000000013e-02	-7.826628344999999598e-01	-1.235173682999999967e+00	-8.017690970999999944e-01	-9.153497967999999485e-01	1.408310581999999922e+00	-2.477362875999999936e-01	-1.054651838999999924e+00	-7.004668245999999820e-01	7.277432464999999961e-01	3.030434672000000274e-01	-6.403868386000000079e-01	-4.545837108999999931e-01	-2.019584272999999985e+00	-1.374575692000000071e+00	3.945448952000000231e-01	-7.293237516999999670e-01	9.824455064999999543e-01
6.345487077000000475e-02	2.054668822000000061e-01	-3.188869107000000258e-01	-7.970210925999999807e-01	1.034285480000000090e+00	-4.159551698000000242e-01	-7.802562385000000322e-01	2.605628063000000050e-01	-8.266030168000000344e-01	-5.537880375999999494e-01	-1.275011589000000001e+00	3.018035311999999748e-01	5.985826016999999943e-01	1.721671858000000110e+00	-7.488173342999999704e-01	-1.338199330999999992e+00	-1.980328694000000056e-01	-2.167831290000000077e+00	-7.627795071999999843e-01	-1.672883402999999936e+00	-5.425076951999999730e-01	-1.183154121000000059e+00	-1.817082761999999907e-01	-1.562862302000000092e+00	-2.122103930999999832e+00	-6.532817563999999688e-01
2.485133217000000116e-01	-8.882938341000000404e-02	-1.155738632999999904e+00	4.978195624999999791e-01	-1.937077234000000037e-01	-2.735787671000000199e+00	-5.305178103000000034e-01	-6.616111579000000242e-01	-1.286296225000000071e+00	-4.779839650000000106e-01	-6.911632173999999740e-01	-7.580845310999999587e-01	2.796397932999999947e-01	6.356913026999999605e-01	-5.577814840999999468e-01	-1.298771684000000093e+00	-4.064810475999999784e-01	-7.159850608000000172e-01	-8.307256823999999984e-01	3.952724759999999837e-01	-3.918659133999999877e-01	-1.272863703000000068e+00	-8.547370476000000217e-01	-1.482665088999999936e+00	4.147822254999999902e-02	-1.023700204999999919e+00
4.611804805999999979e-01	-1.028722308999999946e+00	-2.567751925999999796e-01	9.942008194000000465e-01	-1.418896084000000002e+00	-2.044075551000000157e+00	-7.022122054999999641e-01	7.388344334999999985e-01	-1.865542229000000107e+00	-8.074644773000000386e-01	-5.383921057999999649e-01	-3.629726122999999971e-01	7.514605776999999653e-03	-8.021652088999999819e-01	-3.951886750999999975e-01	-1.114499321999999903e+00	-8.220811509000000017e-01	-6.218493027999999478e-01	-2.907771739000000050e-02	1.308858662000000062e-01	2.285234562000000025e-01	-1.445303087999999958e+00	-1.192266116000000098e+00	-1.824448445999999890e-01	2.953023820999999827e-01	-1.393181774000000095e+00
5.316025277999999465e-01	-1.438626710999999947e+00	-1.418439902000000030e+00	5.178148106000000084e-01	-4.127389502000000099e-01	-1.030757147000000096e+00	-5.981720136999999493e-01	4.809446003999999775e-01	-1.883989375999999938e+00	-3.203484142999999951e-01	-3.759728660000000167e-02	1.201103129000000047e+00	-7.066158007999999435e-02	-8.765921531000000488e-01	-1.109255770000000085e+00	-4.510178557999999782e-01	-5.589479522000000422e-01	-6.780957724999999714e-01	1.092113671999999980e+00	-8.567502782000000483e-01	-2.525572061999999951e-01	-1.396985802000000110e+00	-2.181941220999999986e-01	1.821373537000000042e-01	7.961002048999999969e-01	-1.188891149000000036e+00
9.464701347999999737e-01	-1.411206855000000093e+00	6.372157374999999624e-02	2.824546455999999983e-01	8.724631293000000287e-01	9.893414527999999653e-01	-5.226577327000000439e-01	1.348148785000000016e+00	-1.331159111000000062e+00	-8.175281595000000179e-01	-2.832749001999999849e-02	4.120097526000000010e-01	3.935797561000000111e-01	-9.742653591000000057e-01	-2.072424530000000154e+00	4.139741787999999811e-01	2.953985912000000047e-01	-3.057772342999999782e-01	1.733849476000000056e+00	1.920992484000000056e-01	-3.973890190000000100e-01	-8.214744367999999852e-01	1.400109121999999928e+00	4.954316431999999937e-01	1.115493708000000056e-01	-1.050264550999999935e+00
7.869660666000000138e-01	3.726368623999999907e-01	2.055041898999999894e+00	-4.926869448000000262e-01	-1.534435370999999992e-01	1.125860985000000092e+00	-5.202647012000000126e-01	-6.339879796999999817e-01	2.016717865000000054e-01	6.912509318999999763e-01	-9.246791798000000284e-01	-6.085212102999999484e-01	1.437161388999999900e+00	6.505689867999999709e-01	-7.005896155000000680e-02	2.153384277999999874e+00	2.165294906999999935e-01	-3.309594645999999925e-03	1.182542889000000041e+00	-1.650301234000000061e-01	-3.945638403999999766e-01	-1.159224122999999995e-01	5.097342430000000313e-01	-2.637396767999999891e-01	-7.492343215000000223e-01	-1.267659915999999942e+00
8.051720643999999982e-01	1.657904690000000070e+00	4.737842476999999941e-01	1.575700549999999867e-01	-1.833063142000000090e+00	-5.333992593999999920e-01	2.661549120000000213e-01	-9.187990079000000199e-01	1.020945487999999957e+00	4.724610638000000251e-01	-8.029476982000000040e-01	-1.128583115999999942e+00	-7.735823582999999948e-01	4.100894583999999954e-01	-4.999284480000000253e-01	1.246679762000000080e+00	-2.055025795999999794e+00	-2.677667450999999810e-01	2.955403944000000171e-01	9.761457250999999724e-01	-7.828799713999999854e-01	-4.871043943999999737e-01	-5.438944063999999745e-01	-2.089670747000000051e-01	7.854769569999999757e-01	-1.687025041000000058e+00
7.496148459999999458e-01	-2.414711987000000004e-01	-1.049886464000000075e+00	7.737512577999999808e-01	-1.042646640000000069e+00	-6.023878520000000014e-01	3.084841922000000070e-01	9.603434386999999683e-02	4.506716264999999777e-01	-6.647703729999999700e-01	-3.354052699999999776e-01	-6.192768784000000082e-01	-1.067520471999999998e+00	-1.157195782000000062e+00	-1.235366316999999992e+00	9.011624635999999633e-01	-3.232932072999999962e-02	-5.611802924000000026e-01	6.463369218000000194e-01	-6.083782073999999956e-02	-3.072277237000000105e-01	-4.540251385999999889e-01	9.397551440000000422e-01	-1.881391007999999865e-01	5.176209485999999638e-01	-1.338942494999999955e+00
8.962458963999999639e-01	-9.904075175000000009e-01	-7.244972970999999928e-01	6.458490469000000012e-01	7.508233109999999932e-01	1.084786865000000100e+00	-1.698012345000000090e-01	1.085746292999999918e+00	1.079174907999999933e+00	-6.137081558000000436e-01	-2.587190922000000004e-01	6.334197205999999580e-01	1.685163833999999972e-01	-1.533844843000000013e+00	-2.285263974999999892e+00	3.452989638999999777e-01	-2.628666000000000058e-01	8.446724889999999986e-02	1.179599129999999940e+00	-9.230602520999999297e-03	-8.001572223999999789e-01	-3.669880344999999766e-02	1.126978457999999961e+00	4.244536747000000054e-01	3.897150907999999969e-01	5.300059510000000307e-01
9.354246520000000231e-01	6.120349142000000020e-01	2.099912458000000037e-01	-1.456462731000000010e+00	1.449956790999999967e+00	2.171003916000000089e+00	-2.728561814000000085e-01	3.492692915000000092e-02	7.469346856999999895e-01	5.316993300000000255e-01	-8.061601512999999608e-01	1.433610566999999891e-01	1.209364557000000007e+00	2.111969957000000009e-01	-1.571670906999999895e+00	1.475508892999999988e+00	-8.216897906999999501e-02	-5.394188246000000131e-01	1.115619689999999942e+00	-1.264610409999999963e+00	-7.360027591000000147e-01	2.728998189999999879e-01	3.310589755000000189e-01	1.515695632999999987e+00	-3.111039011000000243e-01	-1.064186465000000054e-01
1.135124325999999906e+00	3.297081363999999848e+00	-1.284626374000000064e-02	4.446462144000000172e-01	7.092632569000000275e-01	-1.646208066000000025e-01	6.094334386999999964e-01	-8.911084196999999874e-01	2.135848230999999875e-01	7.780756326000000389e-02	-6.940885192000000314e-01	-4.706878257000000065e-01	5.463597056000000229e-01	1.150129847000000094e+00	-5.414517644999999879e-01	-4.166886959000000168e-01	5.740452517999999893e-01	1.623226738000000113e-01	1.374834074999999878e-01	6.280933029999999917e-01	-6.229906439000000296e-01	-9.397841720999999815e-01	-4.092697605999999766e-01	-5.942768698999999905e-02	-1.208803309000000104e+00	7.100901722000000360e-01
1.093324090999999942e+00	2.891103331000000054e-01	-5.369759744000000001e-01	2.539318219999999737e-01	-4.377809917000000106e-01	-7.650194669000000003e-01	-2.297704110999999882e-01	1.379292037000000026e-01	-3.065319687999999987e-01	-9.963529999000000359e-01	-9.347727480999999949e-01	-8.315830091999999452e-01	-1.396774361999999936e+00	1.715325387999999895e+00	-9.635689385000000273e-01	3.158477049000000259e-01	-7.601120366000000406e-01	5.669424519000000329e-01	-5.610579467999999848e-01	2.014216101000000092e-01	3.720705986000000243e-01	-2.320634242999999874e-01	-4.699961441000000129e-01	4.884833704000000054e-01	5.625768084000000169e-01	1.164396648999999950e+00
8.042558025999999582e-01	-2.032672350999999988e-01	-7.956990757000000081e-02	1.602117304999999936e+00	-1.357002755999999977e+00	-2.133049040999999979e-01	3.703201289000000035e-02	7.533993098000000277e-01	-1.044479165000000043e+00	-1.836911004000000069e+00	-9.684785446000000464e-01	1.398628101000000123e-01	-2.440702368999999816e+00	1.743080101000000104e+00	-3.823959579999999803e-01	1.747932366000000057e-02	-1.237547664999999908e+00	-4.761389113000000228e-01	-8.087458709999999495e-01	-6.519250616999999748e-01	-1.583781959999999989e-01	1.033432657000000088e+00	8.166787988999999470e-01	-4.974732904999999983e-01	1.536294890000000080e-01	-5.367244395000000390e-01
7.643099758000000410e-01	-1.635635463000000067e+00	-1.617809867000000068e+00	-4.108095534000000271e-01	1.800203313000000097e-02	8.234846527000000416e-02	-1.589435110999999901e-01	-7.220170218000000473e-01	-9.541387274000000529e-01	3.553810727000000225e-01	-8.779073031999999888e-01	-9.998926880000000295e-02	-1.797389385000000006e+00	3.168045671999999979e-01	-1.999120158000000091e-01	-1.787021424999999941e-01	-1.950345044999999944e+00	5.496840681000000201e-02	-1.533175724999999989e+00	-9.463567464000000040e-01	-1.228571346000000064e+00	6.610404478000000417e-01	1.547411305000000015e+00	-7.891824440000000385e-01	1.384682648999999932e+00	-4.982418604000000140e-01
7.748686312000000465e-01	-9.810885132000000119e-01	-4.846395949999999786e-01	4.745095844000000174e-01	1.343723318000000111e+00	8.196104625000000254e-01	-3.448216373999999917e-01	3.636467440000000217e-01	-1.225213375000000049e+00	-5.930004976999999622e-01	3.245073002000000151e-01	6.627423888000000263e-01	-1.233358826999999963e-01	2.069976495999999999e-01	8.896279966000000261e-01	-2.290452672000000134e-01	-6.523546954000000175e-01	-7.260242761999999850e-01	-6.371119891000000257e-02	1.291033920000000113e-01	-1.346711487999999957e+00	-4.600708894000000160e-01	9.842375043000000101e-01	-5.838118880999999538e-01	1.217121998000000094e+00	-2.085357653000000089e-01
5.032959726000000300e-01	-1.214522501999999893e+00	9.391852352999999765e-01	-1.224813493000000086e+00	9.188121817000000080e-01	1.061446180999999989e+00	-5.171492103999999479e-01	1.705503894000000020e+00	-1.138747766999999911e+00	-9.784823478999999935e-01	-3.618375169999999974e-01	4.836840688999999860e-01	4.881533549000000027e-01	-7.097256630999999594e-01	-1.074598363000000001e-01	1.759643512000000021e+00	-2.223024805999999909e-03	-4.531679903999999981e-01	-2.644094961999999827e-01	7.165571766000000675e-02	-7.618537859000000523e-02	-4.099267848999999658e-02	2.353518142999999896e-01	5.724845203999999743e-01	5.242124979000000184e-01	-1.260650540999999958e+00
8.726474041999999764e-01	8.976497097000000203e-01	2.147829858999999786e+00	7.544967353999999515e-01	4.842748190999999758e-01	5.415322096999999890e-02	-2.698864872999999776e-01	-6.570875121000000485e-01	-4.762146064000000178e-01	-6.294850845999999667e-01	-3.560421665999999874e-01	-1.141491290999999908e+00	-3.591799733000000105e-01	-7.881378461999999363e-02	1.115857536999999899e+00	2.781620827999999879e+00	6.785141632000000200e-01	6.171291831000000339e-02	-9.098933036999999613e-02	8.501942303999999728e-01	-4.253807646000000164e-01	-4.014981559999999949e-01	-6.206269687000000035e-01	-1.094801026999999927e+00	6.874235797000000092e-01	-2.334926223000000078e-01
6.300920858999999874e-01	-9.432748801000000460e-01	1.104677346999999976e+00	-2.255056226000000108e-01	-8.112809337999999926e-01	-7.985675026999999870e-01	-3.760639164999999839e-01	1.339045204000000044e+00	1.245070906999999893e+00	-9.689099317999999572e-01	-3.160075773000000088e-01	-2.300846246000000095e-01	-8.564909789000000329e-01	-3.517604330999999918e-01	7.811092745000000059e-01	1.799252518000000078e+00	-6.089114036999999646e-01	-1.242941436999999982e-01	-7.828590579999999965e-01	-4.178992022999999945e-02	-2.395570787000000090e-01	-6.158373521000000128e-01	-4.081790158999999973e-01	5.659992702999999681e-02	1.094412026000000093e+00	-4.237982330999999769e-01
-7.509324236000000652e-02	9.514154485000000383e-01	-7.526734583999999950e-01	-1.894749458999999969e-01	-1.519821394000000048e+00	-5.052345392999999518e-01	-9.344081265000000469e-01	-1.045629108000000057e-01	2.002475481000000057e-01	-9.567531056000000422e-01	-8.154283753000000079e-01	1.528324352000000053e+00	1.337027010999999987e+00	-3.512398977000000255e-01	3.685976297999999929e-01	3.081364204000000218e+00	-3.559219420999999994e-01	-1.886487881999999949e+00	1.911602995999999999e-01	-1.867821613000000047e+00	-8.050891248000000000e-03	5.608938909999999778e-01	7.064723402000000485e-01	-8.135274123000000301e-01	-4.453339378000000237e-01	-1.570892811000000000e+00
1.067972711999999991e+00	-4.580526413000000074e-01	-5.584257192999999564e-01	6.789630545000000517e-01	-6.443510883999999939e-01	-1.086576038000000022e+00	-1.927083327000000124e-01	-9.059374665999999632e-01	3.069127246999999725e-01	-3.133200008999999925e-02	5.194622267000000015e-02	1.789201448000000028e+00	-4.418655881999999924e-01	-1.531392544000000022e+00	-2.932030084999999731e-01	1.362530044999999967e+00	1.239078609999999969e+00	-8.063273467999999555e-01	-1.275122073999999994e+00	-1.603602057999999886e-01	-9.663817622999999468e-01	5.674656899000000143e-01	1.144188734000000096e+00	-4.617121834999999841e-01	9.962924829000000537e-01	-2.258831165000000085e-01
1.345144676999999955e+00	2.242978143000000091e-01	-6.343411557999999451e-01	4.634759274999999956e-02	7.479138441999999554e-01	1.396514653999999966e+00	1.476169649000000084e-01	-4.250309074999999992e-01	-1.826288848000000020e-01	-2.813052703000000210e-01	3.158788737999999874e-02	1.846133305000000058e-01	-7.539911542999999661e-01	1.962963016000000005e-01	6.893181000000000447e-01	1.510154321000000133e-01	8.514119793000000103e-01	2.283429237999999861e-01	-1.623663730000000083e-01	2.045682728999999866e-01	-1.903788537000000058e+00	6.264843279999999792e-01	1.501923793000000007e+00	2.302925399999999900e+00	9.070190715999999487e-01	1.252997117999999910e+00
1.152935213999999986e+00	8.924956334000000435e-01	1.605456538000000100e+00	3.965752424999999803e-01	7.872706613000000075e-01	2.337316184000000074e-01	-6.082123717999999846e-01	2.539456936000000220e-01	-9.197773092000000039e-01	-6.507746634000000086e-01	1.040922301999999966e-01	2.316869756000000113e-01	1.023421518999999974e-01	1.187028202999999893e+00	3.075817195000000170e-01	-5.955508148999999474e-01	2.139898655999999955e-01	2.775236857999999751e-01	-6.749531831999999731e-01	2.362116820000000061e-01	-2.318630488999999795e+00	-1.067403630000000048e-01	-1.385805144999999960e+00	-5.340510638000000032e-01	8.532088459000000125e-01	8.201866127000000395e-01
1.065334865000000075e+00	2.256614160999999896e+00	6.336378150999999459e-01	-6.567639087000000098e-01	-1.200174556000000031e-01	-5.339232948000000034e-01	-1.365264252000000011e+00	1.533951625000000041e+00	1.585277304999999970e+00	-3.192728861999999945e-01	-5.494354136000000333e-01	-9.868062576999999669e-01	-1.941382957999999936e+00	1.493694281000000068e-01	5.516204394000000510e-01	-1.440054412000000061e+00	-1.834853641000000035e+00	-9.351416347000000018e-01	-1.137834527000000095e+00	-1.062591306000000069e+00	-8.783576995999999859e-01	-1.800399956999999995e+00	-1.109264580000000056e+00	3.373780799000000163e-01	2.797559134000000003e-01	-2.123156998999999878e-01
7.786407302000000197e-01	1.827703319000000048e+00	-1.470215253000000111e+00	-8.514053557999999855e-01	-2.225949217999999785e+00	-1.465918438000000101e+00	-6.871710057000000038e-01	-2.146457270999999889e-01	-1.117989852000000006e+00	-1.028853679000000021e+00	-9.953728656000000452e-01	-1.818247994999999895e+00	-1.435654639000000010e+00	2.748428439000000223e-01	1.560883558000000004e+00	2.342147291999999992e-01	1.404389775000000062e+00	-1.290105478999999944e+00	-2.298642727999999913e+00	4.136876899999999968e-01	-1.581525811999999975e+00	-1.258002776999999961e+00	-1.227250071999999914e+00	-2.341641187000000013e+00	7.114579065999999952e-02	1.308511202000000040e+00
5.641642508999999972e-01	-8.859055888000000323e-01	-2.414767449000000177e+00	3.383558482999999839e-01	-1.403679203999999903e+00	-8.690060729999999900e-01	-1.727598532999999881e-01	-1.022164674000000106e+00	-8.740400523000000366e-01	-6.652991978000000195e-01	-1.005887755999999911e+00	-1.304840733999999891e+00	-1.714897550000000104e+00	-7.921241155999999561e-01	1.083257402000000091e+00	2.417729738999999933e-01	2.875556405999999843e+00	-1.697404034999999922e+00	-1.905304552000000040e+00	2.198172592000000147e+00	-1.023950447999999902e+00	-1.027837176000000019e+00	-8.092239894999999628e-01	-9.172924246000000448e-01	5.184502069999999962e-01	-1.131150345999999973e-01
2.487164373999999900e-01	-1.205097394999999905e+00	-2.267500579000000016e+00	5.100275080999999711e-01	3.467416663999999815e-01	1.064801863000000015e+00	-1.309022467999999995e+00	1.016075652999999940e-01	-4.948656381000000049e-01	2.077573735000000088e-01	-1.298998596999999977e+00	2.401790729999999929e-01	-2.491327556000000054e-01	-4.296321921999999849e-01	4.388063097000000079e-01	-5.537480122000000282e-01	-7.725090301999999465e-01	-2.735232924000000065e-01	-1.989722915000000092e-01	1.341659401999999890e+00	1.499766394000000003e-01	-3.104365640000000259e-01	-7.018272037999999657e-01	3.027042205000000097e-01	1.900449845000000026e+00	6.726034792999999734e-01
7.678686784999999571e-01	-3.907795503000000004e-01	4.167985368000000079e-01	5.246974687000000026e-01	1.053044584000000006e+00	8.041087880999999715e-01	-1.239039132000000043e+00	-9.570587057000000397e-02	-5.366453136000000068e-01	-1.061304362000000001e+00	-1.441382249000000004e-01	-1.023424804000000021e+00	3.524524083999999724e-01	2.174623432999999995e-01	-3.491183426999999728e-01	-1.156952895000000092e+00	-1.226108506000000098e+00	9.041099347999999314e-02	-1.176588211000000106e+00	-5.173695139999999748e-01	-1.052638992000000107e+00	-6.096815914000000003e-01	-5.380674576999999736e-01	5.406205843999999788e-02	2.275891853000000076e+00	1.964545675999999907e-01
1.614121964000000131e-01	-1.010746114999999890e+00	9.655515060999999566e-01	1.080187685000000064e+00	6.099198858000000056e-01	-1.076924533999999989e+00	-1.139683580999999890e+00	1.356521222000000026e+00	2.586207448000000242e-01	-1.470391980999999904e+00	-1.386249700999999890e+00	1.276548245999999942e-01	-3.582070701999999773e-01	-1.009106265000000002e+00	3.376820668000000136e-01	-6.065085015000000190e-01	1.353104482999999969e-01	-3.567571374999999878e-01	-1.680601827000000048e+00	7.735589323999999545e-01	3.137003996000000128e-01	5.223017039999999778e-01	6.743769102000000126e-01	-2.827369110999999879e-01	4.648259284999999852e-01	-6.226267547999999596e-01
3.124883190000000144e-01	7.646398657999999848e-01	-7.392133915999999916e-01	-1.645778587999999987e+00	-5.258350916999999791e-01	-3.856750458000000187e-02	-8.210818037999999541e-01	-5.557678950000000118e-01	6.268083691000000401e-01	-1.259486773999999976e+00	-1.485230126999999900e+00	-7.569426210999999904e-01	-3.924622622999999755e-01	-4.929471623000000191e-01	8.580017568000000150e-01	1.171863987999999912e+00	6.006291591000000318e-01	-1.107763209000000026e+00	-3.128979745000000090e-01	-7.446688688999999473e-01	-7.276271396000000280e-01	2.224016011999999876e+00	2.523731322999999804e+00	1.575555507000000022e+00	1.122902510000000076e+00	-6.222521594000000045e-01
5.736717258000000319e-01	2.239848700000000026e+00	-1.047385817000000108e+00	6.327409722000000569e-02	-9.854346805000000487e-01	-6.672345935000000283e-01	-3.466327334000000038e-01	-1.637260799000000100e+00	-7.676697254000000026e-01	-3.835207834999999899e-02	-1.338863461000000088e+00	-6.760231140000000361e-01	-1.161455254000000048e-01	-1.025417822000000007e-01	1.075122095000000000e+00	5.999634577000000357e-01	5.328109774999999493e-01	-7.071579094999999593e-02	-3.920349047000000198e-01	4.954148608000000231e-01	-1.105706051000000079e+00	-1.808748401999999977e-01	6.916704484000000264e-01	-1.270138310000000104e+00	7.158787911999999753e-01	2.350178871999999974e-01
8.460537970999999491e-01	-8.512518801999999773e-01	-2.082438245000000077e+00	5.613274700000000506e-01	2.252240682999999966e-01	-7.508336310999999541e-02	-6.152045408999999854e-01	-6.263392496999999892e-01	3.568964097999999807e-01	3.659788601999999780e-01	-3.903044442999999974e-01	1.140725390999999950e-01	-4.250388413999999782e-01	-1.288511517000000106e+00	-1.511124075999999983e-01	-2.806947294000000093e-01	6.359674346000000408e-03	-3.462482896999999893e-01	7.753496582000000137e-01	3.334718816000000197e-01	-5.491289511000000401e-01	-4.689935313999999966e-01	1.310773024000000120e-01	8.491346336999999744e-01	2.098499471999999866e+00	-3.759682265000000023e-01
1.232449888999999965e+00	2.385854836999999964e-02	-7.670399087999999477e-01	1.052241103999999927e+00	8.692979639000000258e-01	1.643402406999999954e+00	-6.080500929000000054e-01	7.810839560000000237e-01	-4.171277286000000251e-01	1.495115301000000119e-01	-5.766574395000000353e-01	4.195542828999999918e-02	-4.052530183999999980e-01	2.737480609999999870e-01	-2.405119461999999930e-01	1.421059164000000041e-01	-5.363711321999999893e-01	1.117375696000000085e+00	1.479797035999999899e+00	2.179835555000000091e-01	-4.726572951999999939e-01	-2.576649717000000228e-01	5.354382286000000102e-01	1.425819103999999893e+00	1.245339385999999937e+00	1.121583293999999897e+00
1.089237344999999912e+00	7.942378500999999758e-02	1.914782299000000076e+00	-1.182262334000000026e+00	-3.484865449999999809e-01	1.167642459000000077e+00	-1.496720518999999916e+00	9.537254631999999566e-01	-7.952178059000000188e-01	-1.256850403999999921e+00	-4.686018994000000215e-01	-2.194430411000000136e-01	-2.392381443000000107e-01	1.637385571999999900e+00	-3.252927965999999893e-01	1.792396381999999955e+00	1.122515718000000051e-01	9.542218133999999519e-02	9.439925026000000052e-01	-1.525385372999999989e+00	-9.407744206999999470e-01	-3.996144193000000233e-01	3.679158403000000188e-01	6.566939046999999974e-01	-9.408170928999999572e-02	2.001241421999999937e-01
6.626462878000000112e-01	7.155353372999999628e-01	1.442283514999999960e+00	2.808722458000000033e-02	-1.470387407000000035e+00	-4.937388032000000204e-01	-9.253668256000000536e-01	-6.171862177000000393e-01	-4.655861725000000062e-01	-4.767923653000000206e-01	-1.055840778000000091e+00	-8.370953345999999629e-01	-4.189456833999999907e-01	-2.336144716999999926e-01	5.338114700999999629e-01	1.638799946000000007e+00	1.270344877000000094e+00	-1.383663167999999999e+00	-5.944555298000000487e-01	1.509076326999999884e-01	-4.324040768999999895e-01	-1.230990698000000050e+00	-6.845542792000000043e-01	-1.965025424000000021e+00	3.281993841999999995e-01	-5.817735617000000525e-01
-5.986027408999999855e-02	-1.420912869999999995e+00	-8.885916176000000499e-01	1.163140381000000056e+00	4.205514203999999867e-01	1.602151270999999932e-01	-8.640110769000000079e-01	-1.565185071000000094e-01	-1.523972113999999989e+00	-1.485701029000000006e-01	-1.296739799000000026e+00	7.588651989000000375e-01	-6.263240421000000335e-01	-1.180313442000000101e+00	-9.362744634999999871e-01	-2.339098930000000076e-01	-4.406142377999999749e-01	-1.030278236000000014e+00	8.011563133000000336e-01	2.029100597999999867e+00	-6.147789056000000363e-01	1.076938875000000018e-01	5.145512485000000025e-01	-3.828194092000000159e-01	1.544610575000000097e+00	-5.450544092000000340e-01
1.165295959999999992e-01	-9.846929116000000537e-01	3.463914920999999758e-01	1.230476829000000105e+00	1.514360026000000081e+00	1.450561868000000088e+00	-1.475854140000000037e+00	1.073946585000000065e+00	-6.082533852999999491e-01	-1.484534234999999924e+00	-1.077974898999999986e+00	1.675321588999999944e+00	3.005096859999999981e-01	-2.954445968000000144e-01	-8.857200583000000016e-01	-2.042693029000000049e-01	6.110407142999999854e-03	6.350665371999999476e-01	1.250351792000000017e+00	7.611282597999999844e-01	-6.256193474000000254e-01	5.266858687000000039e-01	1.184658725000000024e+00	1.027468336000000093e+00	7.971136197999999506e-01	-2.257926245999999915e-01
2.865248570000000217e-01	6.766111567000000493e-01	2.325274269999999976e+00	-6.072583288999999773e-01	1.344777520999999920e+00	1.236300978000000068e-03	-1.532745443000000041e+00	-6.527406521999999933e-01	8.731204929000000448e-01	2.824044920000000070e-01	-1.461772445999999892e+00	-3.595854948999999828e-02	1.606712834000000090e+00	3.046762734999999833e-01	4.632476193999999770e-01	-2.432060380999999938e-01	1.188504395999999963e-01	-2.658153675000000105e-01	1.042522968999999966e+00	-1.033339862000000053e+00	-5.431547436000000451e-01	-4.341848566000000020e-01	-3.927438803000000145e-01	6.934082709000000122e-01	5.177641839000000079e-01	-9.552939181999999807e-01
3.963200500999999876e-01	2.407704577000000068e+00	-2.217346387999999946e-01	2.831009738999999970e-01	-2.239066040000000091e-01	-1.277028588000000076e+00	-1.064564510000000075e+00	-7.090115189000000262e-01	5.464365241999999956e-01	-6.243201458999999565e-01	-1.305705863000000022e+00	-3.137276815000000219e-01	-1.014997621000000017e+00	7.094434335999999508e-02	5.049488047000000313e-01	-1.370951650000000077e+00	9.126862042000000175e-02	-9.584757212000000193e-01	3.465910649000000232e-01	1.415538694999999958e+00	4.624171252000000010e-01	-6.242153430000000336e-01	-8.284539978999999610e-01	8.518090113999999824e-01	1.057651885000000069e+00	-3.706845578999999891e-01
5.762092155000000382e-01	4.193015010000000209e-01	-6.692226591000000058e-01	8.907187505000000449e-01	-1.623656945000000018e+00	-4.364019647999999862e-01	-9.753918319000000059e-01	2.840352575999999796e-01	3.642481886000000224e-01	-1.249160958999999904e+00	-1.210481262000000058e+00	-7.022695527000000215e-01	-1.143749013000000092e+00	-5.837125434000000057e-01	3.383852075000000070e-01	-8.133154595999999570e-01	2.241873018999999967e-01	-9.128018395000000451e-01	4.669761794000000243e-01	7.010703543999999843e-01	8.371799239999999642e-01	-3.005428104000000267e-01	-8.396652061999999583e-01	1.391509775999999921e+00	1.825746387999999998e+00	-5.599859329000000246e-02
7.293191285000000246e-01	-4.044381962999999969e-01	-6.494315878999999958e-01	9.464761792000000451e-01	-1.126178249000000076e+00	-4.532950387999999664e-02	-1.939495428999999938e-01	-4.183241788000000017e-01	7.677517850999999727e-01	-1.250268034999999944e+00	-1.146002347000000032e+00	3.863099487999999831e-02	-8.165289310000000134e-01	-7.810329555999999673e-01	-7.478063201000000049e-02	-9.610796118000000110e-01	1.491068252999999899e+00	-1.088562926999999902e+00	7.713014110999999451e-01	7.924837085000000503e-01	-1.222372959000000092e+00	-6.027634470999999605e-01	1.024943965000000068e+00	3.657591032999999991e-01	1.006908488999999962e+00	3.195990675000000003e-01
3.335317186999999794e-01	-8.913014219999999543e-01	2.368639737999999884e-01	8.047765823000000429e-01	7.321653734999999941e-01	9.093841076999999995e-01	-1.250553347999999954e+00	2.083542446999999964e-01	1.156922000000000006e+00	-2.671665558999999912e-01	-1.270588854000000101e+00	1.086823628000000097e+00	-7.194435380999999463e-01	-1.313963487000000097e+00	-2.874182479999999873e-01	-8.388745498999999883e-01	-1.426418328000000034e-02	1.122284370999999947e-01	4.967551161000000048e-01	1.590630503999999945e+00	-6.366774955999999763e-01	-3.497228244000000208e-01	6.766368860000000485e-01	3.468372217999999840e-01	8.594094451999999551e-01	1.092061176999999939e+00
6.747961461999999466e-01	-4.124416615000000008e-01	7.512013940999999750e-01	-8.009831114000000030e-01	1.897872909999999969e-01	9.200704719000000198e-01	-2.064729713000000189e+00	1.477385837000000091e-01	1.391894713999999977e+00	-1.774635414000000078e-01	-8.155009903000000060e-01	4.575263473000000247e-01	4.249163603000000178e-01	5.713288661999999657e-02	-7.498185102000000102e-01	-5.716366012000000385e-01	-4.725268271999999992e-01	1.825384538000000001e-01	8.471963264999999854e-01	-8.488872278000000327e-01	-8.910656648000000457e-01	-1.117899063999999942e+00	-8.837245339000000532e-01	8.345981837999999486e-01	-2.289119844999999986e-01	2.952136479999999952e-01
5.335520197999999992e-01	5.006938965999999658e-01	5.402317459000000044e-01	-5.563016131000000364e-01	4.655795200999999772e-01	-1.193309954000000062e+00	-3.202844160000000162e-01	-8.006128353999999447e-01	1.268975693000000016e+00	-7.319754429999999479e-01	-4.829469545000000252e-01	-1.594623518999999989e+00	6.114507917999999487e-01	-6.962318339999999661e-02	-6.007962943000000333e-01	-1.192564739000000040e+00	1.732735694000000048e+00	-1.683793458000000021e+00	1.325603311999999923e+00	1.616757709999999904e+00	-2.532336005999999973e+00	-8.713545612999999967e-01	-5.652156524000000459e-01	2.454164288000000027e-01	2.191146398000000106e-01	-1.248172869000000018e+00
4.638479100999999827e-01	5.239953518000000088e-01	-2.141713990000000123e-01	2.291158269000000136e-01	-4.236175744999999826e-01	-1.803723238999999978e+00	-6.975759042000000409e-01	2.118549362999999908e-01	1.438211651999999896e+00	-7.883647273999999650e-02	-8.236870346000000342e-01	-8.826898506000000477e-01	-6.928084115999999515e-01	-1.600423055000000094e-01	-5.160653316000000101e-01	-1.398115814999999929e+00	-5.413521382000000548e-01	-1.002540065999999896e+00	8.258613997000000539e-01	5.091632644000000374e-01	-1.946869677000000021e+00	9.987336306999999858e-01	-7.695533974999999582e-01	-2.335384409000000050e-01	6.486243031999999742e-02	-7.150063785000000394e-01
7.194365740000000509e-01	-4.127952508000000131e-01	-3.342240121000000230e-01	2.115680644000000055e-01	-1.677313145999999922e+00	-1.424566315999999944e+00	-1.159405838000000077e+00	9.737388123000000340e-01	4.686661302999999834e-01	-8.191919157999999479e-01	-2.932141837000000195e-01	-2.188305569000000006e-02	-4.294514654000000098e-01	-1.825405139999999982e+00	-5.271008919999999875e-01	-9.403034015000000245e-01	-2.011506496000000088e-01	-2.511772206999999812e-01	8.904164576000000303e-03	1.935478855999999970e-01	-1.554544265000000092e+00	4.120510839000000036e-01	-1.319658954000000106e+00	-3.612784557000000007e-01	-1.291911584999999862e-01	-7.374055294999999621e-02
5.774170706000000264e-01	-7.641436906999999890e-01	-8.601923165999999510e-01	-1.028511951000000035e+00	-2.909560158999999757e-01	9.335510411000000515e-04	-1.612524547000000030e+00	3.523042992000000040e-01	-1.781897526000000065e+00	6.756475702999999999e-01	-1.260863625000000043e+00	9.931745007000000180e-01	6.849025910999999578e-01	-1.806469498000000007e+00	-2.600353778999999754e-01	-2.718712741000000044e-01	1.626019389000000093e+00	-1.639453754999999902e+00	-1.634665462999999874e-01	-7.142900812000000377e-01	-1.079100028999999905e+00	4.586587101999999860e-01	-5.486466409000000377e-01	-5.254636434999999661e-01	-8.595791152999999740e-01	-1.412655335999999928e-01
5.475102027999999565e-01	-5.190630205999999802e-01	-1.750236660000000111e+00	8.588859411999999471e-02	8.175135787999999737e-01	1.082752181000000036e+00	-1.115090039000000033e+00	-1.345147915000000083e+00	-7.528873830000000211e-01	8.039627695000000074e-01	-6.807251295999999785e-01	-2.936346484999999840e-01	6.527047782999999548e-01	-1.440148890000000070e-01	-1.071190929000000042e-01	-2.240411620999999964e-01	1.692507978999999940e+00	7.291710932999999617e-01	9.675723053000000462e-01	1.609271472999999952e+00	-1.613865853999999933e+00	1.415976570999999962e-01	2.063722507000000095e-02	9.332116590000000267e-01	6.462071511000000434e-01	-2.775177328999999804e-01
1.019106163000000009e+00	4.453322137999999875e-01	2.536840982999999938e-01	1.006162057999999915e+00	1.517411338000000054e+00	1.003742383999999932e+00	-1.254929125000000090e+00	8.741399616999999678e-01	1.042132157999999947e-01	-8.287837022999999803e-01	-5.808070452000000383e-01	-6.010514106000000023e-01	4.154701744000000030e-01	1.254773850999999940e+00	-4.580766139999999931e-01	-8.829464580000000451e-01	1.106633052000000061e+00	1.930233780000000010e+00	9.594675146000000154e-01	9.225283651000000529e-02	-1.844297236000000062e+00	-9.870775933000000002e-01	3.454899881000000200e-02	1.447895280000000007e+00	4.493734569000000234e-01	-2.136769327999999968e-01
4.460564496000000156e-01	4.723344970000000198e-01	1.261763788999999969e+00	4.775665151999999858e-01	1.131920327000000004e+00	-5.892970387000000532e-01	-1.556850918999999944e+00	1.935050965000000067e+00	-8.071350880000000005e-01	-1.665695433000000003e+00	-7.145138689000000154e-01	5.207867741999999689e-01	-1.551122687000000000e-01	1.604695269999999896e+00	-3.294405309999999809e-01	-1.316967855999999992e+00	-3.207646967000000182e-01	7.782394978999999935e-02	-3.849813722000000049e-01	-8.848596938999999661e-01	-1.580319636000000028e+00	-1.151960295000000079e+00	-7.579456546999999711e-01	-5.230709328000000546e-01	-4.191647508999999938e-01	-9.309152730999999958e-01
6.949921756000000395e-01	1.482080440999999915e-01	-6.184280175999999907e-01	-1.311868285000000078e+00	-9.257811218000000508e-01	-1.291787484000000097e+00	-1.710309005999999910e+00	-1.850640349000000073e-01	-1.631375746000000015e+00	3.684680482000000229e-02	-4.884501909999999780e-01	-5.665435812000000348e-01	2.815381578000000218e-01	2.291971060999999921e-01	1.133386004999999974e-01	-8.996852754999999646e-02	-2.769861436000000121e-01	-5.297459277999999605e-01	-9.209368660000000206e-01	-8.375748222000000132e-01	-1.611662981999999911e+00	1.801765828000000125e-01	1.117984831000000012e+00	-9.270779611000000420e-02	4.551204810999999739e-01	-1.251258564000000018e+00
9.721260309999999460e-01	-1.557100781000000100e-01	1.619211086000000022e-01	9.988869529999999664e-01	-1.616249822999999974e+00	-1.695205097000000105e+00	-1.073447774999999993e+00	-9.345531307000000121e-01	-1.885139791000000065e+00	-7.826913390999999942e-01	3.314822427999999932e-01	-2.586391845000000078e-01	6.174282880000000473e-01	5.602973005000000221e-03	1.210289308999999980e+00	7.998482121000000111e-01	1.562984702999999920e+00	-3.208642756999999790e-01	-1.604274193999999931e-01	6.482474530999999818e-01	-1.960620634000000084e+00	-7.793652608000000148e-01	1.739530307000000109e+00	-2.215351657000000085e-01	1.646653080999999907e-01	-1.299890699999999955e+00
7.360847274999999801e-01	-7.285451884000000433e-01	4.480653095000000086e-01	7.819134769000000151e-01	-1.026316481999999919e+00	-9.008388471999999592e-01	-1.197857262999999950e+00	1.268101702000000053e+00	-1.168009301000000111e+00	-5.816886503000000541e-01	-7.905634823999999616e-01	3.527326076999999782e-01	-8.541742735999999780e-01	-1.256696014999999944e+00	-2.350183026000000064e-01	7.439763155999999933e-01	-1.315302827000000008e+00	1.325327249000000096e-01	-1.210107267000000014e-01	2.357148269999999879e-01	-6.534158628999999774e-01	4.017191998999999902e-01	8.317981271000000065e-01	-7.986945506000000528e-01	1.994113459000000033e+00	-1.402035281000000078e+00
6.166475536000000091e-01	-9.081597376000000166e-01	8.029126023999999529e-01	-6.128543255999999717e-01	-1.062410169999999932e+00	3.015200369999999908e-02	-1.554760565999999899e+00	-2.926540181000000240e-01	7.949153733000000055e-02	-3.834027308999999883e-01	-9.697332316000000230e-01	-7.161487320999999628e-01	-2.256491925999999995e-02	-1.434713891999999991e+00	5.527242423999999543e-01	9.818242431999999464e-01	9.641802133000000330e-01	1.512455003000000020e-01	5.287800878999999732e-01	-3.808240724999999993e-01	-8.176083213999999488e-01	1.323502353000000076e+00	2.420014609999999955e+00	-5.962009041000000398e-01	4.122176564000000210e-01	-9.355943544999999473e-01
6.457304232999999671e-01	4.871140359999999725e-01	3.698041089999999920e-01	1.205237369000000003e+00	-4.180395863999999961e-01	-1.105488819000000067e+00	-1.011731120999999956e+00	2.570533346000000163e-01	1.122888633000000080e+00	-5.179343357000000259e-01	-8.414067719000000167e-01	-7.982580849999999506e-01	-4.304423762999999847e-01	-1.147820888000000039e+00	3.639307113999999954e-01	3.591475771000000039e-01	6.531576878999999503e-01	-2.977147030999999777e-01	2.073639391999999859e-02	-2.772139707999999869e-01	-1.258365648999999920e+00	1.008082554999999991e-01	1.084909887000000017e+00	-1.221139010999999996e+00	1.041025005000000059e+00	-2.162498381999999886e+00
