global_signal	global_signal_derivative1	global_signal_power2	global_signal_derivative1_power2	csf	csf_derivative1	csf_power2	csf_derivative1_power2	white_matter	white_matter_derivative1	white_matter_derivative1_power2	white_matter_power2	csf_wm	tcompcor	std_dvars	dvars	framewise_displacement	rmsd	t_comp_cor_00	t_comp_cor_01	t_comp_cor_02	c_comp_cor_00	c_comp_cor_01	c_comp_cor_02	c_comp_cor_03	c_comp_cor_04	c_comp_cor_05	w_comp_cor_00	w_comp_cor_01	w_comp_cor_02	w_comp_cor_03	w_comp_cor_04	w_comp_cor_05	w_comp_cor_06	w_comp_cor_07	w_comp_cor_08	w_comp_cor_09	w_comp_cor_10	w_comp_cor_11	w_comp_cor_12	w_comp_cor_13	w_comp_cor_14	w_comp_cor_15	w_comp_cor_16	w_comp_cor_17	a_comp_cor_00	a_comp_cor_01	a_comp_cor_02	a_comp_cor_03	a_comp_cor_04	a_comp_cor_05	a_comp_cor_06	a_comp_cor_07	a_comp_cor_08	a_comp_cor_09	a_comp_cor_10	a_comp_cor_11	a_comp_cor_12	a_comp_cor_13	a_comp_cor_14	a_comp_cor_15	edge_comp_00	edge_comp_01	edge_comp_02	edge_comp_03	edge_comp_04	edge_comp_05	edge_comp_06	edge_comp_07	edge_comp_08	edge_comp_09	edge_comp_10	edge_comp_11	edge_comp_12	edge_comp_13	edge_comp_14	edge_comp_15	edge_comp_16	edge_comp_17	edge_comp_18	edge_comp_19	edge_comp_20	edge_comp_21	edge_comp_22	edge_comp_23	non_steady_state_outlier00	non_steady_state_outlier01	non_steady_state_outlier02	non_steady_state_outlier03	trans_x	trans_x_derivative1	trans_x_power2	trans_x_derivative1_power2	trans_y	trans_y_derivative1	trans_y_power2	trans_y_derivative1_power2	trans_z	trans_z_derivative1	trans_z_derivative1_power2	trans_z_power2	rot_x	rot_x_derivative1	rot_x_derivative1_power2	rot_x_power2	rot_y	rot_y_derivative1	rot_y_derivative1_power2	rot_y_power2	rot_z	rot_z_derivative1	rot_z_derivative1_power2	rot_z_power2	motion_outlier00	aroma_motion_05	aroma_motion_09	aroma_motion_13	aroma_motion_17
60663.35034349095	n/a	3680042074.897124	n/a	94989.6899999045	n/a	9023041206.277956	n/a	60652.27946699865	n/a	n/a	3678699004.542906	66800.45602145369	56637.37942522591	n/a	n/a	n/a	n/a	0.0	0.0	0.0	0.0	0.0	0.0	0.0	0.0	0.0	0.0	0.0	0.0	0.0	0.0	0.0	0.0	0.0	0.0	0.0	0.0	0.0	0.0	0.0	0.0	0.0	0.0	0.0	0.0	0.0	0.0	0.0	0.0	0.0	0.0	0.0	0.0	0.0	0.0	0.0	0.0	0.0	0.0	0.0	0.0	0.0	0.0	0.0	0.0	0.0	0.0	0.0	0.0	0.0	0.0	0.0	0.0	0.0	0.0	0.0	0.0	0.0	0.0	0.0	0.0	0.0	0.0	0.0	1.0	0.0	0.0	0.0	-8.293739999999998e-06	n/a	6.878612318759996e-11	n/a	0.0210939	n/a	0.0004449526172099	n/a	0.0	n/a	n/a	0.0	0.0	n/a	n/a	0.0	-0.0	n/a	n/a	0.0	-4.97111e-05	n/a	n/a	2.47119346321e-09	0.0	0.0	0.0	0.0	0.0
59723.22756837154	-940.1227751194092	3566863911.1834946	883830.8322982192	90368.8391560972	-4620.850843807304	8166527090.420566	21352262.520714674	60299.82418446151	-352.45528253713564	124224.72618833212	3636068796.6769695	65592.49528335652	54705.97562536834	1.571751	29.095879	0.13423172974	0.0583281	0.0	0.0	0.0	0.0	0.0	0.0	0.0	0.0	0.0	0.0	0.0	0.0	0.0	0.0	0.0	0.0	0.0	0.0	0.0	0.0	0.0	0.0	0.0	0.0	0.0	0.0	0.0	0.0	0.0	0.0	0.0	0.0	0.0	0.0	0.0	0.0	0.0	0.0	0.0	0.0	0.0	0.0	0.0	0.0	0.0	0.0	0.0	0.0	0.0	0.0	0.0	0.0	0.0	0.0	0.0	0.0	0.0	0.0	0.0	0.0	0.0	0.0	0.0	0.0	0.0	0.0	0.0	0.0	1.0	0.0	0.0	0.000116861	0.00012515474	1.3656493321000002e-08	1.5663708944467604e-08	-0.00269413	-0.0237880299999999	7.258336456899999e-06	0.0005658703712808	0.0375754	0.0375754	0.00141191068516	0.00141191068516	0.000546321	0.000546321	2.98466635041e-07	2.98466635041e-07	0.000555809	0.000555809	3.08923644481e-07	3.08923644481e-07	-0.000402444	-0.0003527329	1.2442049874241e-07	1.61961173136e-07	0.0	0.0	0.0	0.0	0.0
60018.88122411012	295.6536557385771	3602266103.393838	87411.08415158505	91618.19027448808	1249.351118390885	8393892789.172302	1560878.217024555	60142.64841903697	-157.1757654245448	24704.22123679153	3617138158.85589	65540.49440223468	54691.476002086296	1.158135	21.439114	0.123246519	0.056768	0.0	0.0	0.0	0.0	0.0	0.0	0.0	0.0	0.0	0.0	0.0	0.0	0.0	0.0	0.0	0.0	0.0	0.0	0.0	0.0	0.0	0.0	0.0	0.0	0.0	0.0	0.0	0.0	0.0	0.0	0.0	0.0	0.0	0.0	0.0	0.0	0.0	0.0	0.0	0.0	0.0	0.0	0.0	0.0	0.0	0.0	0.0	0.0	0.0	0.0	0.0	0.0	0.0	0.0	0.0	0.0	0.0	0.0	0.0	0.0	0.0	0.0	0.0	0.0	0.0	0.0	0.0	0.0	0.0	1.0	0.0	0.0263107	0.026193839	0.00069225293449	0.0006861172015579	0.0312708	0.03396493	0.00097786293264	0.0011536164699049	0.0660305	0.0284551	0.00080969271601	0.00436002693025	0.000696867	0.000150546	2.2664098116e-08	4.85623615689e-07	0.000206108	-0.000349701	1.22290789401e-07	4.2480507664000006e-08	-0.00059485	-0.0001924059999999	3.7020068835999984e-08	3.538465225e-07	0.0	0.0	0.0	0.0	0.0
60344.799480267306	325.918256157187	3641494824.313669	106222.70969654176	92738.25442915266	1120.0641546645784	8600383834.566252	1254543.710564477	60144.46222199949	1.813802962526097	3.289881186868446	3617356335.973524	65554.87045719486	55804.05341603263	1.13915	21.087666	0.0691066499999999	0.0348597	0.0	0.0	0.0	0.0	0.0	0.0	0.0	0.0	0.0	0.0	0.0	0.0	0.0	0.0	0.0	0.0	0.0	0.0	0.0	0.0	0.0	0.0	0.0	0.0	0.0	0.0	0.0	0.0	0.0	0.0	0.0	0.0	0.0	0.0	0.0	0.0	0.0	0.0	0.0	0.0	0.0	0.0	0.0	0.0	0.0	0.0	0.0	0.0	0.0	0.0	0.0	0.0	0.0	0.0	0.0	0.0	0.0	0.0	0.0	0.0	0.0	0.0	0.0	0.0	0.0	0.0	0.0	0.0	0.0	0.0	1.0	0.0199959	-0.0063147999999999	0.00039983601681	3.987669903999999e-05	0.0490815	0.0178107	0.00240899364225	0.0003172210344899	0.0733626	0.0073320999999999	5.375969040999992e-05	0.00538207107876	0.00116813	0.000471263	2.220888151690001e-07	1.3645276969000002e-06	0.000376398	0.00017029	2.89986841e-08	1.41675454404e-07	-0.000483422	0.0001114279999999	1.2416199183999988e-08	2.3369683008400002e-07	0.0	0.0	0.0	0.0	0.0
60676.97954178931	332.1800615220054	3681695846.314719	110343.5932727633	93116.68825212026	378.4338229676068	8670717631.042553	143212.158365878	60152.84933111074	8.387109111245081	70.34359924393026	3618365282.6513095	65497.19159713133	57292.978856099646	1.276241	23.625463	0.1266696	0.0603819	-0.308689235	0.2244361629	-0.188907187	0.4256865197	-0.0498894002	0.0432567123	-0.1935742266	0.1412311487	0.1775619566	-0.3371192775	0.1168681999	-0.036073404	0.183805373	-0.2869511134	0.2250516995	-0.0971418236	0.0445893679	-0.2092457932	0.1316590599	-0.1405061427	0.1627952232	-0.1250537024	-0.0410863276	0.1580980872	0.0648916154	0.3310482389	-0.248046245	-0.3528873292	0.0420486549	-0.1743970206	0.0660591313	-0.1348534182	0.3096092534	-0.0225928661	0.0359421206	-0.074353892	0.3312031527	-0.0778366684	0.2155985265	-0.0439518325	0.0871365656	-0.0382894053	-0.0510194511	-0.3007824065	0.047205767	-0.0117249819	0.1922342903	-0.1446648036	0.2078019514	-0.1625739758	0.1526903032	-0.2907035202	0.2743701501	-0.1516167309	0.1120781867	-0.0486803355	0.0488275827	-0.0037282911	-0.2841207493	0.1956995179	-0.1776322256	0.184746357	0.1000635989	0.071083084	-0.0827038819	-0.2338132156	0.0313971593	0.0	0.0	0.0	0.0	0.0439495	0.0239536	0.00193155855025	0.00057377495296	0.0758839	0.0268024	0.00575836627921	0.00071836864576	0.100526	0.0271634	0.00073785029956	0.010105476676	0.0012314	6.326999999999982e-05	4.003092899999977e-09	1.5163459599999998e-06	-0.000231573	-0.000607971	3.6962873684100004e-07	5.3626054329e-08	-0.000179659	0.0003037629999999	9.227196016899998e-08	3.2277356281000003e-08	0.0	-4.099012351	0.08923163715	-1.417591624	-0.9560376338
61065.233509163765	388.2539673744541	3728962743.528697	150741.14318200364	93818.25588086416	701.5676287438982	8801865136.527304	492197.1377013362	60288.267117868	135.41778675726528	18337.97697023617	3634675152.075404	65660.90698625654	58588.48835893111	1.163081	21.530674	0.0834397	0.0493798	-0.2780840391	0.1446737238	-0.1624175585	0.3565666679	-0.087940706	-0.0019399195	-0.1802613835	0.00551843	-0.0435170558	-0.3271580469	0.0155897861	-0.0442286339	0.0633821583	-0.1525280183	0.0988290792	0.0059751251	-0.1694764116	0.0182865471	-0.0971257935	0.2291089581	0.0783462256	0.0515970429	0.0989146514	-0.2514044296	-0.1067244753	-0.0289131455	-0.0001907849	-0.3318026641	0.0402216179	-0.0983635413	0.166819043	-0.1234668481	0.0919391669	0.0242004806	0.121536558	0.0163540162	0.0617655063	-0.073807835	0.0365075175	-0.0041809479	0.0085745905	-0.1588730083	-0.051953883	-0.2985332791	0.0526270991	-0.0143469313	0.1735669232	-0.0722048445	0.103552418	-0.0746607535	0.1811595171	-0.1900043782	0.2434133278	0.0658882368	0.1046205875	0.057151213	-0.144835804	0.0061235564	-0.0869950946	-0.1434573698	-0.1769687131	-0.0346899369	-0.2272250077	-0.0477585541	0.0945377623	0.099999296	-0.077051841	0.0	0.0	0.0	0.0	0.0439776	2.8099999999996184e-05	0.0019340293017599	7.896099999997855e-10	0.0287784	-0.0471055	0.0008281963065599	0.00221892813025	0.117126	0.0165999999999999	0.0002755599999999	0.0137184998759999	0.00154069	0.00030929	9.566030410000002e-08	2.3737256761e-06	-0.000231573	0.0	0.0	5.3626054329e-08	-0.000264491	-8.483199999999999e-05	7.1964682239999985e-09	6.9955489081e-08	0.0	-2.672502133	-0.2241248349	-1.414239286	-0.7563041396
61248.587323965	183.3538148012376	3751389449.1813664	33618.62140216654	93918.30404282548	100.04816196131289	8820647834.280607	10009.634711837092	60363.71182108795	75.44470321994595	5691.903243945722	3643777704.819353	65693.16153843532	59485.00478305484	1.087731	20.135805	0.10880695	0.056773	-0.2850721652	0.0539107771	-0.1991998452	0.3486491725	-0.0682181551	-0.0910564263	-0.0584238146	-0.1034572575	0.1164883643	-0.3311943373	-0.0596300363	-0.0828886808	-0.0535133405	-0.0521736179	-0.1510847968	0.1815695948	-0.0399241248	0.0704253169	-0.1204398322	-0.1039760242	-0.0491893288	-0.0939001467	0.1732334586	-0.0250097495	-0.2554578451	0.1728144874	0.0732121595	-0.3449998609	0.0079888974	0.0254788555	0.1543817993	-0.0286848694	-0.0341520134	-0.1056647224	-0.011392518	0.0101337988	0.1628485463	0.2590513442	0.0011879812	-0.0496672246	0.1620829891	-0.2514895913	0.0547959618	-0.3147323255	0.0550122828	-0.0016772975	0.1637300045	0.0627383574	-0.004930484	0.0690491869	0.0143615796	-0.1318767314	0.2398843295	0.1494256318	0.0089083715	0.04646419	0.0283574323	0.1339781482	0.2080402782	-0.1666953665	0.1094768939	-0.1462427516	0.1723897342	-0.2518348888	0.2073869285	0.3167934022	-0.2019875575	0.0	0.0	0.0	0.0	0.0568126	0.012835	0.00322767151876	0.0001647372249999	0.0511737	0.0223953	0.00261874757169	0.00050154946209	0.11709	-3.599999999999437e-05	1.2959999999995943e-09	0.0137100681	0.000882348	-0.0006583419999999	4.334141889639999e-07	7.785379931040001e-07	-0.000972089	-0.000740516	5.483639462559999e-07	9.44957023921e-07	-0.000192536	7.195500000000001e-05	5.177522025000002e-09	3.7070111296e-08	0.0	-2.414799809	-0.1104977295	-1.401343844	-0.261694812
61403.88636732102	155.29904335601896	3770437261.010872	24117.79286729465	93858.73322174892	-59.57082107655879	8809461801.991434	3548.6827237353805	60410.379900616135	46.668079528186354	2177.909646849126	3649413999.736766	65659.23258548757	60344.55127071181	1.202065	22.252333	0.1142936	0.0730243	-0.2323523145	-0.0510319637	-0.144549067	0.2483963881	-0.0695911287	-0.1621901958	0.0067089397	-0.1528321075	0.0873580107	-0.2935094509	-0.1431648167	0.0460656361	-0.0670033606	-0.0425162373	-0.0651853422	0.2809724041	0.1017339342	-0.1022421829	-0.0701243375	0.0548590266	-0.0198385988	0.1957338066	-0.1432103837	0.1467161016	0.1602574661	-0.1491283534	-0.0484176859	-0.2933268747	0.0052740805	0.1395589848	0.1312925317	-0.1070609927	-0.1018163792	-0.014611149	-0.0317913739	-0.1330563696	0.0108933649	0.1787019103	-0.2145379145	0.0597020468	-0.0835001262	0.0835641733	-0.0601310529	-0.306077664	0.0544617047	-0.0072451731	0.095923073	0.1500412489	-0.1201148559	0.1985277442	-0.0046739068	0.0742316899	0.0658881644	0.134605704	-0.1294045719	0.0346951895	-0.1998615458	-0.0892366163	0.1696668727	-0.0309176343	0.1468217043	-0.0793088584	-0.1124969137	-0.0483594849	0.0992098144	-0.144375945	0.3218161359	0.0	0.0	0.0	0.0	0.0680338	0.0112212	0.00462859794244	0.00012591532944	-0.0137945	-0.0649682	0.00019028823025	0.00422086701124	0.121965	0.004875	2.376562500000004e-05	0.014875461225	0.000495364	-0.000386984	1.4975661625600006e-07	2.45385492496e-07	-0.00106519	-9.310099999999996e-05	8.66779620099999e-09	1.1346297360999998e-06	-0.000377035	-0.000184499	3.4039881001000006e-08	1.4215539122500004e-07	0.0	-1.21995408	-0.2481465039	-0.7490025887	0.214338454
61292.88294892831	-111.00341839271276	3756817500.191026	12321.758894867644	94120.0997383099	261.3665165609855	8858593174.749403	68312.45597922389	60424.51381298532	14.133912369186874	199.7674788598537	3651121869.535654	65759.77987463187	60653.44387457311	1.074298	19.887136	0.1488388	0.0690123	-0.2556402445	-0.1204157617	-0.161837328	0.238648761	0.1218534953	-0.2604331555	0.0452453939	-0.1521313304	0.082748466	-0.2750097878	-0.1359639816	0.0194454023	-0.1097325	-0.0224750269	-0.0342964862	0.1999163551	-0.000231883	0.0380670707	0.002954416	0.0610866111	-0.1660947143	0.080600931	-0.2362213318	-0.1730580694	-0.1096967498	-0.1104866844	0.0279283806	-0.2849925361	-0.0598665385	0.1888715482	0.012427362	-0.0021124085	-0.1119502478	-0.0522971292	-0.1589403524	-0.0191571546	0.0080417917	0.0255585436	-0.0322250508	-0.1178625693	-0.1005572554	0.0721817231	0.0158286998	-0.3115009011	0.0280044568	-0.0037177329	0.0703959124	0.1682958441	-0.1267733358	0.1417834351	-0.0261887219	0.0884706749	-0.0216212766	0.0035774194	-0.111009955	0.003447099	0.2197946657	0.1340354593	0.0827323007	-0.0809117822	0.2025818375	0.1198525776	0.2375514266	0.0252618141	-0.1886349353	-0.0667190648	0.3144261718	0.0	0.0	0.0	0.0	0.0440234	-0.0240104	0.0019380597475599	0.00057649930816	0.0169211	0.0307156	0.00028632362521	0.00094344808336	0.144356	0.022391	0.000501356881	0.020838654736	0.00010324	-0.000392124	1.53761231376e-07	1.0658497599999998e-08	-0.000865773	0.0001994169999999	3.976713988899997e-08	7.495628875290001e-07	-0.00121993	-0.000842895	7.10471981025e-07	1.4882292049e-06	0.0	-1.224096313	1.093888486	-0.724899167	1.113307467
61215.014461970095	-77.86848695821391	3747277995.579208	6063.501261161529	94090.35299033466	-29.746747975237668	8852994525.84578	884.8690151023063	60327.94674734133	-96.56706564399065	9325.1981670908	3639461158.750052	65837.34092597895	61059.36954437787	1.140455	21.111837	0.13709525	0.0707099	-0.2366518635	-0.061684236	-0.0872081511	0.2125595265	0.2849974277	-0.1002931132	0.039885004	0.0172575411	-0.0232024436	-0.2418057161	-0.0628581528	-0.0554012983	-0.0912463121	0.1625787412	-0.1161948281	0.0367524025	0.3597612663	0.0990038856	0.1561877254	0.0463380642	0.2284326477	-0.0166102634	0.0229402755	0.1102286945	0.0394869479	-0.1319855594	0.0923692358	-0.2396362096	-0.1476065373	0.0781231806	-0.1518268617	0.1890505897	-0.0934409031	-0.1666999116	-0.1954983777	0.0530277631	-0.1256349368	0.1490399628	0.1070402325	0.2055738559	-0.2061814777	0.0621022728	-0.2284893496	-0.287756422	0.0508031869	0.0278413272	-0.0091132884	0.1373068165	-0.0981149929	0.2031897016	-0.0035960913	0.0449787379	-0.2957661693	-0.119186394	-0.0160308776	-0.0763929889	0.0856958588	-0.0571706403	-0.094065621	-0.0134530487	-0.1045635822	0.0659162333	0.0354760157	0.169662113	-0.1699118627	-0.1245700365	0.0046140804	0.0	0.0	0.0	0.0	0.0773075	0.0332841	0.00597644955625	0.00110783131281	0.0401257	0.0232046	0.00161007180049	0.00053845346116	0.14047	-0.003886	1.5100996000000004e-05	0.0197318209	0.000589812	0.000486572	2.36752311184e-07	3.47878195344e-07	-0.00109584	-0.000230067	5.2930824489000024e-08	1.2008653056e-06	-0.000402158	0.0008177719999999	6.687510439839999e-07	1.6173105696400004e-07	0.0	0.06943193086	1.43969339	-0.3890744894	0.7641240058
61023.23967263083	-191.7747893392661	3723835780.143345	36777.56982611991	92965.90562920232	-1124.4473611323483	8642659609.45775	1264381.8679575017	60354.44422054356	26.49747320223105	702.1160861029525	3642658937.170704	65654.60232261672	59661.02790383905	1.146181	21.217819	0.0938949	0.0452394	-0.2665986522	0.0235853126	0.0134893793	0.2433556155	0.216368221	0.0468490147	0.1020714315	0.0178985262	0.071070079	-0.2649725969	-0.1220816246	0.019972711	-0.0415677046	0.0727790684	-0.2078655162	-0.2053298541	-0.0182028871	-0.0214804145	0.0646112748	0.0225105362	0.0328821535	0.1237339019	0.2010573056	-0.2636936426	0.1539888636	0.0513468842	0.2164690314	-0.2709823363	-0.131208401	0.0168088442	-0.1507083102	0.0542391286	-0.1227344119	-0.0822652269	0.1099723041	0.0408720161	-0.1063325184	-0.0407851594	-0.1222170209	-0.0057195707	-0.2489968739	-0.0036848298	0.2582794573	-0.2766212981	0.0389842869	0.0277909567	-0.0523919922	0.00331777	-0.0660331769	0.1159619105	0.0171480793	0.0966338753	-0.242269822	-0.1637262647	-0.0196327288	0.0533138776	0.0713614197	-0.0694383302	-0.1890864206	0.1525914798	0.0610475794	-0.0262763379	-0.0050327266	0.1077083206	0.0450390658	0.1437145572	-0.259764569	0.0	0.0	0.0	0.0	0.0843543999999999	0.0070468999999998	0.0071156647993599	4.965879960999856e-05	0.0272887	-0.012837	0.0007446731476899	0.000164788569	0.158448	0.0179779999999999	0.0003232084839999	0.025105768704	0.00140699	0.000817178	6.677798836840001e-07	1.9796208601e-06	-0.000865772	0.000230068	5.293128462400002e-08	7.49561155984e-07	-0.000475572	-7.3414e-05	5.389615396e-09	2.26168727184e-07	0.0	-0.5147266337	0.3758465013	-0.836568341	1.262079114
61009.28856553018	-13.951107100649097	3722133291.272131	194.63338933378165	93366.94330684596	401.037677643646	8717386102.463787	160831.21888980895	60240.18381530638	-114.26040523718255	13055.440204965178	3628879746.1019006	65688.04665344131	59451.688249422	1.128241	20.885733	0.0592615499999999	0.0311417	-0.2406427278	0.144957302	0.0572285763	0.2291729268	0.1699326346	0.1419150192	0.0792392201	-0.0050384635	-0.0425934289	-0.2811676982	0.0210605376	0.0438759788	0.1369207034	0.1580195607	-0.0933958515	-0.0449126672	-0.0046113604	0.1732555723	0.121757521	-0.0280193828	0.0393998096	-0.1253602394	0.2418847412	0.0368121554	0.112183241	-0.1982012107	-0.1633616221	-0.2563847524	-0.0745093996	-0.1113584266	-0.1505281139	-0.0409372708	-0.0915858176	0.0225158942	-0.0496162133	-0.0516155652	-0.232272847	-0.0656309162	0.1034595158	0.1605038572	-0.0361842444	0.0986943636	0.1804932696	-0.2706589425	0.0645903566	0.0254055784	-0.1539894223	-0.0056840347	-0.0559828366	0.1305665049	0.0207088977	-0.0045961993	-0.2953991044	0.0042552011	-0.0109038723	-0.1772483934	-0.1788493625	-0.082198862	0.0076003205	0.2553451942	-0.0975445736	-0.2269480233	-0.1257499894	-0.0109776861	-0.0104789886	-0.0236024219	-0.2094098839	0.0	0.0	0.0	0.0	0.0843500999999999	-4.299999999998749e-06	0.0071149393700099	1.848999999998924e-11	0.0309445	0.0036558	0.00095756208025	1.3364873640000003e-05	0.177773	0.0193249999999999	0.0003734556249999	0.0316032395289999	0.00106745	-0.00033954	1.152874116000001e-07	1.1394495025e-06	-0.00106002	-0.000194248	3.773228550400002e-08	1.1236424004e-06	-0.000667313	-0.000191741	3.6764611081e-08	4.45306639969e-07	0.0	0.343992652	-0.6690438494	-0.6001736309	0.5409426112
61176.266689995566	166.97812446538592	3742535606.125461	27881.694049977912	93753.46607579464	386.5227689486783	8789712401.225176	149399.85091575334	60314.379391563976	74.19557625759626	5504.983536196782	3637824361.389517	65683.73431194099	59339.06649951455	1.330305	24.626286	0.49395335	0.225497	-0.225777714	0.110590896	0.1461930355	0.1521569007	0.0933514246	0.1209648396	0.1861654124	-0.1163836661	-0.1291870045	-0.1549101218	0.095349339	-0.1983870411	-0.1935497509	0.117275391	0.1307964409	-0.2136208394	-0.1537243534	-0.1261672436	0.3483436114	-0.089350368	-0.1572246743	-0.0823023309	-0.1008040815	-0.0140856625	-0.0227779245	-0.082073121	0.0228863443	-0.1426908569	0.0300719289	-0.0819524872	-0.0162947593	0.308927067	-0.1006471006	0.0370959118	0.0843580381	-0.1008627791	0.0218961941	-0.3602859564	0.1570563731	-0.1735121534	0.037618195	-0.0266282726	-0.0778215122	-0.1934748278	-0.0375230959	-0.1154393087	-0.1936495493	-0.2420505299	0.0675859502	-0.247475788	-0.083085881	0.2735368223	-0.0659587819	0.1030249867	0.094016341	-0.0563409399	0.0155476231	0.1304904637	0.200128504	-0.095794489	0.1052686476	0.103742501	0.085631391	0.1005044619	-0.0840980627	0.2393918624	-0.2283172211	0.0	0.0	0.0	0.0	-0.0145537	-0.0989037999999999	0.0002118101836899	0.0097819616544399	0.0815463	0.0506018	0.00664979904369	0.00256054216324	0.280774	0.103001	0.010609206001	0.078834039076	0.00292177	0.00185432	3.438502662400001e-06	8.536739932900002e-06	0.00141164	0.00247166	6.1091031556e-06	1.9927274896e-06	-0.000164358	0.000502955	2.52963732025e-07	2.7013552164e-08	0.0	-0.4162727649	-0.6983319308	-1.425798374	0.4598297621
61202.5825138861	26.315823890530737	3745756106.369036	692.5225870374283	93784.9418527468	31.475776952152955	8795615318.323097	990.7245347416832	60288.790154456445	-25.58923710753152	654.809055745468	3634738218.288085	65697.00720491791	59765.72982439819	1.130235	20.92264	0.17041275	0.0995272	-0.1894371513	0.0781657037	0.1683676267	0.1356108197	0.0467222396	0.1496639836	0.1416350912	-0.0226195815	-0.074703561	-0.1780917975	0.0984573644	0.0321897773	-0.0257008801	0.155661797	0.0349485734	-0.1309960872	-0.2658740933	0.1960533249	-0.1295987069	0.0994258864	-0.2061779454	-0.1293510774	-0.2315358951	0.1865934819	-0.0378496566	0.1011522688	-0.0815412716	-0.1550841144	0.0665947126	-0.0865142028	-0.1162134313	0.1055391446	-0.0901958223	0.1061938823	0.201133893	0.0405630427	-0.2175804912	-0.1069170689	0.0011913308	-0.1191661797	0.3027401579	0.0018843027	-0.0490926988	-0.1576207833	-0.1002939277	-0.1720957848	-0.2307253265	-0.2022998151	0.1655250631	-0.2679932912	-0.2607076178	0.0718452416	-0.0139476139	-0.0643066193	0.0339028286	-0.1360771673	0.0724003907	0.0563375066	0.1712072446	0.0455767338	-0.082572816	0.2029982393	0.2505373624	-0.0529456576	0.2064382109	-0.2053031489	0.2161545511	0.0	0.0	0.0	0.0	-0.0040855	0.0104682	1.6691310249999997e-05	0.00010958321124	0.0857239	0.0041776	0.00734858703121	1.745234176000003e-05	0.292464	0.0116899999999999	0.0001366560999999	0.085535191296	0.00211596	-0.00080581	6.493297561000002e-07	4.4772867216e-06	0.00313195	0.00172031	2.9594664961e-06	9.8091108025e-06	0.000191061	0.000355419	1.26322665561e-07	3.6504305721e-08	0.0	-0.8319898125	-0.5073265432	0.08981222336	-0.5483256158
61165.91706997971	-36.66544390638592	3741269411.0116353	1344.3547768523322	93946.30070245644	161.3588497096498	8825907415.676369	26036.678379621357	60343.797426253375	55.00727179693058	3025.7999505413945	3641373887.820704	65690.96216459424	59646.70690516577	1.144907	21.194242	0.158752365	0.0753859	-0.2242523901	0.0089775645	0.1566341196	0.1458143285	-0.1159020852	0.1627975694	0.1393916418	0.0191813004	-0.0575921904	-0.1370884246	0.0940707977	-0.1269979296	-0.1912655485	0.1406875748	0.0426139118	-0.1656567654	-0.073466905	0.037968689	-0.2151612797	-0.0831342058	0.0025982185	0.0620491722	-0.1176712488	0.1467543526	-0.0458258248	0.0125452574	0.0360198186	-0.1538864691	0.1216984304	-0.0920176981	0.0703309077	0.2354422703	-0.0535868978	0.169212748	0.1732250933	0.1514031771	-0.1738126352	-0.0579209722	-0.2377320236	-0.0191022118	0.1802969361	0.1103550857	-0.1099681289	-0.1668923202	-0.0908081137	-0.0972235006	-0.2054531658	-0.2683827137	-0.0096598311	-0.1989796127	-0.0925713924	0.2287061379	-0.0413094187	0.0134309349	0.0777039226	0.2990982203	-0.1165218486	-0.1551500032	-0.0856979363	-0.1868668223	-0.062801286	-0.0344599485	-0.4186236252	-0.096657594	-0.1523032465	-0.0664067088	0.0995494283	0.0	0.0	0.0	0.0	0.0248924	0.0289778999999999	0.0006196315777599	0.0008397186884099	0.0311122	-0.0546117	0.0009679689888399	0.00298243777689	0.292311	-0.000153	2.340900000000436e-08	0.085445720721	0.00294006	0.0008240999999999	6.791408099999999e-07	8.6439528036e-06	0.00267343	-0.00045852	2.102405904e-07	7.147227964900001e-06	-2.65143e-05	-0.0002175752999999	4.733901117008999e-08	7.0300810449e-10	0.0	-1.14302934	-0.6074587749	-1.224007922	-0.08670401828
61555.73662342674	389.8195534470288	3789108711.25268	151959.28424964088	94084.36340063416	138.0626981777168	8851867436.502588	19061.30862811133	60472.42706574949	128.6296394961173	16545.584156901103	3656914435.222392	65777.49090927684	60905.55616651052	2.091086	38.709686	1.128212115	0.528379	0.0824442671	0.1522663214	0.0913818325	-0.0522989544	-0.0939838625	-0.0034098384	0.0664737131	-0.2854012299	-0.1798255227	0.0650447303	-0.1464187275	-0.1971776641	0.0878240096	0.0108669104	-0.1017671073	0.000939144	-0.3045807676	-0.0306195151	-0.0800537627	0.1275761267	-0.0779772265	-0.113297408	0.1358880814	0.1858539789	-0.0580759841	-0.1173764607	-0.059341347	0.0408384979	-0.0734977614	-0.0356479213	0.2118129945	-0.0631439188	-0.239936512	0.0510704146	0.1829580207	0.1756810106	0.015614	-0.2368051526	-0.0064408131	0.1625554607	-0.1487853237	0.1530391491	0.2043082276	0.0358708161	0.1689829299	-0.158681151	-0.1564539296	0.0002506777	0.3354150363	0.0912060893	-0.5052899458	-0.3603863242	-0.0101344048	0.1493845887	-0.3186554618	0.0105991635	0.2768190485	0.061141655	-0.1708202806	-0.0103226293	0.088251894	-0.2036544808	-0.2097818813	0.0907850155	-0.0142360841	0.0975440356	0.0496144955	0.0	0.0	0.0	0.0	0.143768	0.1188756	0.020669237824	0.01413140827536	0.254646	0.2235337999999999	0.0648445853159999	0.0499673597424399	0.490744	0.198433	0.039375655489	0.240829673536	0.00946111	0.00652105	4.252409310250001e-05	8.95126024321e-05	-0.00133575	-0.00400918	1.6073524272400002e-05	1.7842280624999997e-06	0.00119065	0.0012171642999999	1.4814889331944897e-06	1.4176474224999998e-06	1.0	-1.019317649	-1.174813284	5.530993618	0.6233331689
61606.92190428866	51.185280861922365	3795412826.521122	2619.932976913876	94490.32396565557	405.9605650214071	8928421323.134542	164803.9803525001	60573.23584412981	100.80877838032028	10162.409798532532	3669116900.628573	65887.86544059501	61977.74783862352	1.713933	31.727909	0.7890284999999998	0.420833	0.1927302205	0.2126552145	0.006449339	-0.1314245433	0.0270300541	-0.0141218058	0.0123867259	-0.4263518526	-0.1704511089	0.0958748441	-0.2844052892	-0.0108742971	0.1132549984	-0.0551646862	-0.121357237	0.2113278905	-0.238081619	-0.1469400175	0.2640700334	-0.1995600883	0.0536417623	-0.3385885356	-0.1278767069	-0.2033108114	-0.0703133341	0.0443410337	0.0272320398	0.1029180295	-0.1798465195	0.1088630993	0.1411327586	-0.2383884623	-0.3941898641	-0.0867657536	0.0092347019	0.0255370849	0.2010217226	-0.2801379228	0.3427032482	0.0699417481	0.2111114834	0.2049798807	-0.0029057677	0.0918551384	0.4373885892	-0.2897081787	-0.2869309361	0.4711687783	0.1723015722	-0.134773643	0.1399575467	0.0358935308	0.1600746796	-0.1787037018	0.1582555202	-0.2720137124	-0.0913311949	-0.2412502487	0.0836887292	-0.0692273404	0.165680891	0.0677237757	-0.0845571964	-0.0692796643	-0.0297919374	-0.0569448456	-0.067702212	0.0	0.0	0.0	0.0	0.178598	0.03483	0.031897245604	0.0012131289	0.236936	-0.0177099999999999	0.056138668096	0.0003136440999999	0.713042	0.2222979999999999	0.0494164008039999	0.5084288937639999	0.0127272	0.0032660899999999	1.0667343888099996e-05	0.0001619816198399	-0.00760731	-0.00627156	3.93324648336e-05	5.78711654361e-05	0.00193681	0.00074616	5.567547456000001e-07	3.7512329761e-06	0.0	1.309118897	-1.067577342	0.9502377912	-3.820150522
61239.63820741255	-367.2836968761112	3750293287.774783	134897.31399098315	93290.0463162821	-1200.277649373471	8703032741.69406	1440666.4355855049	60520.743115926736	-52.492728203076695	2755.4865142020835	3662760347.303993	65792.11665746346	60835.05352606119	1.56017	28.881496	0.4877779999999999	0.252926	0.1503362283	0.1536201102	0.0844391804	-0.1233980957	0.0804716047	0.1724376711	-0.0006482787	-0.1148494141	0.3255323256	0.1172827727	-0.2618818952	-0.0319638528	0.1340621196	0.0874772323	-0.2088162192	0.1272955637	-0.0489901364	0.0310617833	0.0177254292	0.0554589463	0.0766260689	0.055566574	-0.0250840201	-0.0091843185	0.0766414859	0.0786695251	0.0747531698	0.1193383019	-0.2100965811	-0.0069749545	0.0529821895	-0.1695041384	-0.2948095325	-0.1118951887	0.080853033	0.0209462342	-0.0696957612	0.1856466534	-0.0725934461	-0.167589219	-0.0090655334	-0.0958850529	-0.0983794345	0.0940596045	0.2670981573	-0.1941992803	-0.1443960349	-0.0447935455	-0.2051913205	0.0674270093	0.0606300041	0.2919950743	0.2823496083	-0.1848603642	-0.032426019	0.3255237159	0.1190368082	0.0078190477	-0.2440797192	0.0921723902	-0.2027770276	-0.1944512599	0.2591280592	0.0982021138	0.0876279083	0.2972326302	0.2192284552	0.0	0.0	0.0	0.0	0.132196	-0.046402	0.017475782416	0.0021531456039999	0.107575	-0.129361	0.011572380625	0.016734268321	0.652922	-0.0601199999999999	0.0036144143999999	0.426307138084	0.0117155	-0.0010116999999999	1.023536889999998e-06	0.00013725294025	-0.00402116	0.0035861499999999	1.28604718225e-05	1.6169727745600002e-05	0.00149676	-0.00044005	1.936440025e-07	2.2402904976e-06	0.0	-0.927220511	-0.132537323	-1.161689199	1.882055126
61243.93961378544	4.301406372891506	3750820139.416998	18.502096784751664	93686.69865525673	396.65233897462895	8777197504.920883	157333.07801404395	60438.70911757259	-82.03399835414893	6729.57688596851	3652837559.798552	65798.96574021051	60456.48530528439	1.276561	23.631388	0.5080406999999999	0.312853	0.1697179632	0.1482301253	0.1067235343	-0.1479051883	0.0050550747	0.1738830323	-0.1018385666	-0.0094098937	0.2149672464	0.1492984655	-0.0892263232	-0.0515054027	0.0113320373	-0.0317866898	-0.3105256288	-0.165588408	-0.0023261886	-0.0579830528	0.1983804883	0.1998517211	-0.0770892099	-0.125115334	-0.2624092964	-0.0561005462	0.0593779652	0.0454878339	-0.2386883491	0.1576419671	-0.0762484384	-0.0736815936	0.0668813888	-0.034010974	-0.1137486803	-0.2507746084	0.3275225887	-0.1936614745	-0.0455541568	0.0256343398	0.0093391887	-0.1196421716	0.0648914815	0.0350912198	-0.2105043725	0.148897615	0.1310945568	-0.3598972106	0.1851015418	-0.2584503099	-0.017665414	0.3252442294	-0.0252394077	0.0628673976	0.013246346	0.0014125863	-0.0443984429	-0.047439113	-0.0398582875	-0.0866138923	0.1418564605	0.2070585423	-0.1403173292	0.1370930841	-0.0707475519	0.0556767847	-0.0057001179	0.0645714006	-0.1377006208	0.0	0.0	0.0	0.0	0.0775498	-0.0546462	0.00601397148004	0.00298620717444	0.153828	0.0462529999999999	0.0236630535839999	0.0021393400089999	0.672684	0.0197619999999999	0.0003905366439999	0.4525037638559999	0.0129001	0.0011845999999999	1.403277159999998e-06	0.00016641258001	0.00156802	0.00558918	3.12389330724e-05	2.4586867204000003e-06	0.00247057	0.00097381	9.483059161e-07	6.103716124900001e-06	0.0	-0.861626688	-1.126705427	0.5716472581	0.783487535
61136.130651395695	-107.80896238974674	3737626471.024524	11622.772371553829	93341.70546015434	-344.99319510239	8712673978.210205	119020.30466695574	60367.18827544733	-71.5208421252537	5115.230858305464	3644197420.283306	65750.05291332625	60088.34867436835	1.057799	19.581715	0.0472695999999999	0.0281658	0.1685102545	0.0920809969	0.0132028008	-0.1092039729	0.0128982365	0.1711995183	-0.1746862581	0.0586063266	0.2898809991	0.1254281971	0.0096945485	-0.0490192661	0.0686608102	-0.2534918983	-0.3929326719	-0.1350894918	-0.0525668724	-0.0453206692	-0.0063278111	0.0058741369	0.06829468	0.1183562391	0.1461891002	0.0336605451	-0.1401414051	0.076901121	-0.2357089609	0.1395002415	-0.018811843	-0.1092670527	0.0843244065	-0.0780712315	0.0136478104	-0.3279186169	0.2545204569	-0.1077970424	0.0727808851	0.0301329757	-0.1828988528	0.0006216294	-0.0116362114	-0.2196115081	-0.0213985193	0.1506868118	0.1045385252	-0.3500406619	0.2785506816	-0.2995544867	-0.0905451406	0.2394684385	-0.0372732909	-0.0772818941	-0.125223439	-0.0743536336	0.2013523987	-0.0372713877	0.0536431454	-0.0313913865	0.0578172034	-0.0655916826	0.1029251759	0.0678415051	0.0267137636	-0.305452048	-0.060080572	-0.1491997733	-0.0309557792	0.0	0.0	0.0	0.0	0.0773352	-0.0002145999999999	0.00598073315904	4.6053159999998e-08	0.158058	0.00423	0.024982331364	1.7892900000000098e-05	0.665232	-0.0074519999999999	5.553230399999856e-05	0.4425336138240001	0.0132906	0.0003905	1.524902500000002e-07	0.00017664004836	0.00186914	0.00030112	9.06732544e-08	3.4936843396e-06	0.00248641	1.5840000000000038e-05	2.509056000000012e-10	6.1822346881e-06	0.0	-0.8472842007	-0.7743168547	0.3302315075	0.6980849059
61207.0296389681	70.89898757240735	3746300477.22552	5026.666438792372	94033.8146393643	692.1091792099614	8842358295.630323	479015.11594668654	60238.23761921843	-128.95065622890252	16628.271741864595	3628645271.469423	65725.81007989746	60294.73339229857	1.211019	22.418083	0.3964639	0.17594	0.1300097174	0.0678277464	-0.0700827228	-0.0805045596	0.0606689748	0.0802832226	-0.1922853984	0.0869220232	0.163854444	0.0619778389	0.1569786208	-0.1642191437	0.0562109918	-0.1115436243	-0.2660589219	-0.0777276741	0.1900428415	0.0268085944	0.1926901724	0.0760694835	-0.3469839846	0.142244106	-0.0091120971	0.0231704484	-0.098832366	0.1421031195	0.0869999136	0.0903509281	0.0186454361	-0.1417306864	3.13801e-05	0.0880155047	0.0851762483	-0.3917186781	-0.0211706277	-0.2283737938	-0.108540203	0.0116224786	-0.0987462105	-0.0155781008	0.0681641789	-0.0436567946	0.0387135367	0.1060283152	0.1064021925	-0.1550110457	0.141799368	-0.1605119608	-0.1447103517	-0.0131334956	-0.0442289229	-0.0790664727	-0.1161369762	-0.0580368939	-0.0052742464	-0.0326753524	-0.3101914272	0.1471938631	-0.0948177728	-0.2090662829	0.2118242284	-0.0489220754	0.051696483	0.2766607669	0.1858304649	-0.1474043324	0.1271175527	0.0	0.0	0.0	0.0	0.10401	0.0266748	0.0108180801	0.0007115449550399	0.109969	-0.048089	0.0120931809609999	0.002312551921	0.602104	-0.063128	0.003985144384	0.3625292268159999	0.0110697	-0.0022208999999999	4.932396809999998e-06	0.00012253825809	0.000483796	-0.001385344	1.9191779983360004e-06	2.34058569616e-07	0.000921212	-0.001565198	2.4498447792040004e-06	8.48631548944e-07	0.0	0.3922169331	0.5622161956	0.3996244537	0.4192551291
61157.995067053525	-49.0345719145771	3740300360.621743	2404.389242845833	93946.28329385696	-87.53134550733375	8825904144.729628	7661.736446324237	60269.68338010635	31.44576088791655	988.8358778200222	3632434734.7382674	65701.77490660449	59855.20353725293	1.16343	21.537136	0.235321945	0.129224	0.1065254303	0.0859237361	-0.1601329371	-0.0683270577	0.0588595607	0.0537160493	-0.2460189334	0.0545340358	0.1018729551	0.0659546838	0.0957471338	-0.2834907856	0.0625094047	0.0202586256	0.0675630744	0.0252597074	0.1673253521	0.1277938406	0.0281861081	-0.0769551833	0.0143213007	-0.0665509824	0.0842519081	0.0309093661	-0.2732937531	-0.0048713524	-0.0095790362	0.0813446164	-0.0534397347	-0.1532959073	0.1258403541	0.1618669608	0.0905957037	-0.1635863146	-0.2397516803	0.0278858318	-0.0508204876	0.0239782751	0.0803954768	0.0750504771	0.20910223	-0.110421419	-0.0441873951	0.066120135	0.1486033904	0.0069852014	-0.0104304228	-0.0166465916	-0.2885930141	-0.2353068041	-0.0252376282	-0.1398000666	-0.0580277204	0.004494002	0.0686443743	0.0188521239	-0.104752509	0.1536240218	0.152176662	-0.1851732629	0.0315444158	-0.1232302997	0.0162028693	0.1357714742	-0.1833486826	0.0108306149	0.0004066804	0.0	0.0	0.0	0.0	0.134739	0.0307289999999999	0.018154598121	0.0009442714409999	0.107073	-0.0028959999999999	0.011464627329	8.386815999999976e-06	0.601752	-0.000352	1.2390400000001336e-07	0.3621054695039999	0.00952102	-0.00154868	2.3984097424000005e-06	9.06498218404e-05	-0.00116859	-0.001652386	2.730379492996e-06	1.3656025880999998e-06	9.53791e-05	-0.0008258329	6.819999787224101e-07	9.09717271681e-09	0.0	0.7283494248	0.1456782594	-0.473659719	0.3723052074
61130.32096802178	-27.674099031748483	3736916141.6533623	765.8557572190223	94019.05456811584	72.77127425887738	8839582621.882343	5295.65835726075	60365.90954960753	96.2261695011839	9259.475696870575	3644043035.7513976	65732.49570005726	59439.69527708308	1.07979	19.988808	0.0956615049999999	0.0439114	0.128804131	0.0850222504	-0.2147993214	-0.0497465832	-0.1233798416	0.0330272066	-0.2548581733	-0.061587867	0.0370259259	0.1156683401	0.0657442548	-0.3734365129	-0.035659335	-0.0594382466	0.0268369728	0.1104477606	0.1659809043	0.1140852876	-0.1244316	-0.0742015063	0.0567087085	-0.0214630414	0.0164392109	-0.1792469806	0.2167388793	-0.1557674211	-0.1160384813	0.0971096221	0.0180307815	-0.1230223114	0.2732915612	0.2063543748	0.0494875053	-0.1646915256	-0.2227454818	-0.0087854289	-0.0680039054	-0.0234375851	-0.0167365186	0.1299232391	-0.0228829815	0.1649294389	0.1489309887	0.0638951064	0.1260514436	0.0427293186	0.0128184232	0.0286677218	-0.268404465	-0.2370291708	-0.0643413927	-0.1858697309	-0.0076351641	0.0547990341	0.0178201421	-0.1699016845	-0.0548865049	0.1944878343	-0.0442978204	0.1166493606	-0.0736855881	0.0278666719	-0.0083320545	0.0195730413	-0.1049289691	0.0260112366	-0.0473450925	0.0	0.0	0.0	0.0	0.149511	0.014772	0.022353539121	0.000218211984	0.106775	-0.000298	0.0114009006249999	8.880400000000392e-08	0.583175	-0.0185769999999999	0.0003451049289999	0.340093080625	0.00883273	-0.0006882899999999	4.737431240999992e-07	7.80171192529e-05	-0.000856035	0.0003125549999999	9.769062802499996e-08	7.32795921225e-07	-0.000144066	-0.0002394451	5.733395591401e-08	2.0755012356000004e-08	0.0	0.1809373318	-0.826663509	0.1783470632	-0.7817142316
61285.43500525385	155.11403723207331	3755904543.783194	24060.364546433026	94099.06086682455	80.0062987087149	8854633256.018353	6401.007833068114	60345.06417749831	-20.845372109222808	434.5295383719641	3641526770.5863895	65710.25107711606	60008.03320076387	1.03243	19.112099	0.0744944	0.0431824	0.1139725593	0.0114914388	-0.1895717818	-0.0568672042	-0.1680047982	-0.003856483	-0.1923338007	-0.0644034729	0.0594301431	0.0455526322	-0.0053317614	-0.0127786471	0.1471530295	0.1877424186	0.1059898896	0.2893561518	0.0224915946	-0.0311303106	0.158921938	-0.2841259522	-0.263149562	0.1819816227	-0.0465915716	0.2370735049	-0.0352213241	-0.0882965897	-0.2492503976	0.0487899108	0.0106177434	-0.0393292076	0.1275054503	-0.1185832067	-0.101115607	0.1189083588	-0.262568565	-0.2134284092	-0.0672611369	-0.1546552872	-0.2150778981	0.3779385572	0.1517591661	-0.1142996267	-0.054363177	0.0514862882	0.1125311067	0.0830413844	0.0068559167	0.0263606879	-0.3117773115	-0.1531522855	-0.086897364	-0.0899126821	0.0145530383	0.0812602214	0.0338174219	-0.0086143516	0.0538316384	0.1667108793	-0.0194067699	0.0515032058	-0.100886866	0.0255442455	-0.090784976	-0.1409087374	-0.1005173898	-0.0006227941	-0.0478413251	0.0	0.0	0.0	0.0	0.152436	0.0029249999999999	0.0232367340959999	8.555624999999902e-06	0.0871843	-0.0195906999999999	0.00760110216649	0.0003837955264899	0.547952	-0.035223	0.001240659729	0.300251394304	0.00907574	0.00024301	5.905386010000006e-08	8.236905654760001e-05	-0.000763931	9.210399999999996e-05	8.483146815999995e-09	5.83590572761e-07	-0.000144066	0.0	0.0	2.0755012356000004e-08	0.0	-0.1029614729	-0.8902879882	0.2741381489	0.2781749219
61285.29226992261	-0.1427353312392369	3755887048.609836	0.0203733747839747	94005.0018385162	-94.0590283083584	8836940370.659433	8847.100806312565	60332.05657600439	-13.007601493918628	169.19769662459413	3639957050.6901946	65681.1250664676	60312.68427517152	1.005192	18.607878	0.0706944	0.0340536	0.1042853856	-0.0499423304	-0.1619883713	-0.0628756668	-0.0487796729	-0.1473915725	-0.0218374665	-0.1172793057	0.0927549099	0.0053342584	0.0148244987	-0.0469809013	0.1837522006	0.0605886397	0.0939481368	0.0812792243	-0.0433906097	0.1216174189	-0.0836189124	0.0028294931	0.0037809069	0.241037302	-0.1512024155	-0.0824848583	0.0451389162	0.2992313945	0.0414403402	0.0228662477	-0.0049152668	0.0293711809	0.0665009316	-0.0998246757	-0.026559451	0.0144265815	-0.3995032805	-0.0571827027	-0.0947277724	-0.1678660582	-0.200413044	-0.2293857803	0.1756188146	-0.0051541143	0.0440127749	0.0556523835	0.0901544227	0.0684522823	-0.0276145665	0.0913931722	-0.247444986	-0.138881554	-0.1084544257	-0.0505208871	-0.0259061481	0.109344463	0.013450517	-0.0796343828	0.0722345674	-0.0190362138	-0.1758617859	0.0983212283	-0.1654345439	0.0719373064	0.068436279	-0.1203420198	0.0529235723	-0.0215570215	0.0103133782	0.0	0.0	0.0	0.0	0.158842	0.006406	0.025230780964	4.103683600000029e-05	0.110113	0.0229286999999999	0.012124872769	0.0005257252836899	0.54798	2.8000000000028e-05	7.84000000001568e-10	0.3002820804	0.00862615	-0.0004495899999999	2.0213116809999973e-07	7.441046382250002e-05	-0.000688702	7.522900000000001e-05	5.659402441000001e-09	4.74310444804e-07	-0.000445881	-0.000301815	9.1092294225e-08	1.98809866161e-07	0.0	0.1809963238	-0.2546644245	0.5336095518	-0.1442853023
61226.05907377863	-59.23319614397769	3748630309.705831	3508.571525430934	94146.748476658	141.7466381418053	8863610248.727106	20092.10942450389	60292.24880517809	-39.80777082630084	1584.6586181592882	3635155265.985499	65640.12474776396	60293.02067828593	1.056549	19.558584	0.0641132999999999	0.0347007	0.0900055237	-0.0053544519	-0.1151312805	-0.036465343	-0.0149027462	-0.0734643287	-0.1134511907	-0.0252546285	-0.0543227682	0.0639858988	0.1247084775	-0.0769302805	0.0825749241	-0.055763545	0.0802661799	0.1164974027	0.1635333083	0.1518932377	0.0948251233	-0.0137997711	0.2332533352	0.1541709775	-0.095558302	-0.1424999251	0.1910472124	0.1257223012	-0.0419412276	0.0513632722	0.076164981	-0.0036988787	0.0643350444	-0.0563854217	0.0160470399	-0.1252398245	-0.3412067695	0.038502465	-0.1253441591	-0.0141700625	0.1019997678	-0.127975822	-0.0224296766	-0.0205560484	-0.1750696242	0.0614494213	0.0860768938	0.0891943296	-0.0043410694	0.0679357941	-0.2607672369	-0.0068437884	-0.0534426042	-0.0450386527	0.0737833276	0.2087361	-0.1001822744	0.1245710784	0.1273975287	-0.1935781364	0.204036126	0.0484696017	-0.1747683347	0.2463634607	-0.2510265421	0.0723586884	0.0461686424	-0.0210555364	-0.0131162265	0.0	0.0	0.0	0.0	0.162305	0.0034629999999999	0.026342913025	1.1992368999999957e-05	0.100535	-0.009578	0.010107286225	9.173808400000008e-05	0.545524	-0.002456	6.031936000000068e-06	0.297596434576	0.00901534	0.0003891899999999	1.5146885609999946e-07	8.127635531560001e-05	-0.000151699	0.000537003	2.88372222009e-07	2.3012586601000005e-08	-0.000492014	-4.6133000000000014e-05	2.128253689000001e-09	2.42077776196e-07	0.0	0.4348391096	-0.1677580212	0.5341827801	0.5157724654
61385.35660228488	159.29752850624936	3768162005.18968	25375.70258819933	94061.2055938646	-85.54288279340835	8847510397.771263	7317.584796606799	60368.53198060854	76.28317543044977	5819.122853752776	3644359653.493756	65610.79336755563	60671.05189664682	1.576773	29.188848	0.57349775	0.380322	0.0096703218	-0.1464746965	0.0232898938	-0.0131191145	-0.1627633893	-0.0872615961	0.0182149112	0.0452926523	-0.0354747931	0.0797061105	0.0996277058	0.1358717622	-0.0236481552	0.053927461	-0.0875186736	0.0144082331	-0.0922120157	0.2079842323	0.1625989105	-0.0272254597	0.1069411987	0.1013121921	0.0315104787	0.0449229449	-0.1362191197	-0.0984719767	0.1467936418	0.0462110247	0.175102378	0.044919845	-0.0338844543	-0.1402227967	-0.0514883706	-0.0466212622	-0.0646554114	0.099288942	-0.1345073105	-0.1070044219	0.0902797699	-0.0898904779	-0.1707387061	-0.213978905	-0.0296383126	0.0637046217	-0.1465630394	-0.2257398672	0.2326657559	0.10351911	0.039120987	-0.1707911748	0.2050632381	0.2531059513	-0.1690782907	0.5236875835	0.0362161997	-0.3169630806	0.2639393978	-0.0423382525	-0.2005777238	0.0635968569	-0.0308347662	-0.0532750804	-0.0146253517	-0.0596576235	0.0595293642	0.1050889296	0.1033525196	0.0	0.0	0.0	0.0	-0.0172363	-0.1795413	0.00029709003769	0.03223507840569	0.130226	0.029691	0.016958811076	0.000881555481	0.520334	-0.02519	0.0006345361	0.270747471556	0.00843557	-0.00057977	3.361332529000003e-07	7.11588412249e-05	0.0057532	0.005904899	3.4867832200201e-05	3.309931024e-05	-0.0007888539999999	-0.0002968399999998	8.811398559994061e-08	6.222906333158422e-07	0.0	0.02268995746	0.08508485843	-0.5666925113	-2.553353962
61448.55630373654	63.19970145166008	3775925071.81348	3994.202263578965	94485.61692485482	424.41133099023136	8927531805.670412	180124.97787289973	60388.64121845459	20.109237846052565	404.3814467491128	3646787988.2112327	65645.87423732685	60961.547559963205	1.22497	22.676353	0.2157332	0.0910005	-0.0378514042	-0.2092942312	0.1035378391	0.0140302621	-0.2698788224	-0.0629936892	0.0538641562	0.1092161574	-0.1248588611	0.0644169799	0.1263118128	0.17320487	-0.1013386909	-0.275362099	0.0049239294	0.0369355018	-0.0091078651	0.384635082	0.1322811374	0.112627233	0.2085173465	-0.1833475737	0.0323675382	0.0833825139	-0.1324780472	-0.0127853432	-0.0062189276	0.0445931943	0.2782458843	0.0867042817	0.0469205856	-0.1274043656	0.1106958307	-0.1328010538	0.1269053223	0.0520251426	-0.2666191435	0.0390461358	0.3456782038	0.1033491532	-0.1674234034	-0.1103003187	-0.0649296081	0.0466601642	-0.2591068755	-0.2641555158	0.1597905592	0.1235914234	0.0785199598	-0.2045039272	0.1437611323	0.0233458493	0.0277853262	-0.0028872016	-0.136144714	0.0705972884	-0.0608680186	-0.101299962	-0.0759680745	0.0269114726	0.0864040536	-0.3690457235	-0.0121492435	0.1451313148	-0.135411242	-0.0776727133	0.0307900988	0.0	0.0	0.0	0.0	0.0140235	0.0312598	0.00019665855225	0.0009771750960399	0.0926314	-0.0375946	0.00858057626596	0.00141335394916	0.544857	0.024523	0.000601377529	0.296869150449	0.00766025	-0.0007753199999999	6.011211023999992e-07	5.867943006250001e-05	0.00654707	0.00079387	6.302295769000005e-07	4.28641255849e-05	-0.00166678	-0.0008779260000001	7.707540614761758e-07	2.7781555684000004e-06	0.0	-0.3572474592	-0.07280778864	-0.7335951984	-2.088059005
61565.69284272647	117.13653898992924	3790334535.2049417	13720.968766539216	94563.0756250955	77.45870024067699	8942175271.67753	5999.850242975053	60439.64984596556	51.00862751097157	2601.880080553045	3652951273.502925	65692.63705279233	61412.19030643663	1.24592	23.064165	0.132827	0.0733178	0.0348135223	-0.2172789396	0.0395884031	-0.039593538	-0.3574724437	-0.1416435918	0.035377431	0.1279519725	-0.1642816351	0.0857533974	0.1098348548	0.0583930658	-0.2573152756	-0.2262786107	0.1335043211	0.1440152587	-0.081997269	0.2245781459	0.0610595507	-0.0877473415	-0.1755584617	-0.1057099192	-0.0353326514	-0.0048016352	-0.0765064497	-0.0707758733	0.0907859645	0.0532479128	0.3010971061	0.1783182129	0.1864102743	0.0081953863	0.0967776299	0.0085631522	0.0564783889	0.0619759491	-0.131805105	-0.0191646181	0.1433520306	0.1078392263	0.1835124426	0.0575154519	0.11746609	0.0545095281	-0.1869636507	-0.1238117288	0.1119411617	0.1756400832	0.0285798297	-0.0537763422	-0.1610036748	-0.0951144586	0.0047118248	0.0308193544	-0.0523537801	0.1363879173	-0.2721156731	-0.0234656212	0.163848346	0.1571125937	-0.1288696469	-0.0900554032	0.1834699555	0.0763467463	-0.2664687648	0.0834365537	-0.040101029	0.0	0.0	0.0	0.0	0.0423634	0.0283399	0.00179465765956	0.00080314993201	0.125937	0.0333055999999999	0.015860127969	0.0011092629913599	0.522414	-0.0224429999999999	0.0005036882489999	0.272916387396	0.00766025	0.0	0.0	5.867943006250001e-05	0.0055723	-0.00097477	9.501765529000012e-07	3.105052729e-05	-0.00166678	0.0	0.0	2.7781555684000004e-06	0.0	0.2902395026	-1.313034952	0.2854120826	-1.915779094
61678.99179467855	113.29895195207791	3804298028.808024	12836.65251343926	93988.7112526742	-574.3643724213034	8833877842.938566	329894.43230691773	60620.08991496455	180.44006899898525	32558.61850035855	3674795301.2983866	65794.57419148124	62342.18787730824	1.188276	21.99708	0.1163414	0.0627331	0.0403549739	-0.3493882378	-0.0383145372	-0.0990580265	-0.0740202252	-0.3378655534	0.1575249764	-0.0587337689	0.2958151566	0.1134967788	-0.0893531212	-0.0135875815	-0.3824345431	-0.0680925029	0.0303645692	-0.0129601975	-0.0682040675	0.0466128702	0.0372501721	-0.1418183415	0.0328981746	0.0914919029	-0.0328751162	0.0177235279	0.1001423221	0.0136255397	0.1935760489	0.0714858329	0.1111332365	0.3636684737	0.111115065	0.2221093813	0.0085955625	-0.0460814355	0.0009008328	0.0447663964	0.0403892231	-0.0156543311	-0.1057943306	-0.2310829066	-0.0230796452	-0.0748810348	0.2336445748	0.0436322572	-0.1853161583	-0.0479461892	0.1169028618	0.1905993855	0.0436443003	-0.0438111121	-0.2271446228	0.1011150775	0.0510533789	-0.0478708858	-0.0173230519	0.0959554983	-0.152638542	-0.0325566219	-0.0905833978	0.0073283831	0.0411294667	0.0810218102	0.2071813919	-0.039460992	-0.1611077279	-0.0440111545	-0.2770150845	0.0	0.0	0.0	0.0	0.0705528	0.0281893999999999	0.0049776975878399	0.0007946422723599	0.118268	-0.0076689999999999	0.013987319824	5.881356099999993e-05	0.478491	-0.043923	0.001929229929	0.228953637081	0.00751367	-0.00014658	2.1485696400000093e-08	5.64552368689e-05	0.00498768	-0.0005846199999999	3.417805443999992e-07	2.4876951782400005e-05	-0.00166678	0.0	0.0	2.7781555684000004e-06	0.0	0.7286086956	0.6671514865	-0.2753229612	-1.054202491
61445.0391454846	-233.95264919394683	3775492835.590135	54733.84206486596	95463.10422715465	1474.3929744804482	9113204268.684591	2173834.643197304	60513.07360946995	-107.01630549459514	11452.489641712516	3661832077.6651287	65969.74499788666	62621.22318467042	1.208149	22.364967	0.0655487	0.0311418	0.0415005071	-0.3343729113	-0.1056358698	-0.0910976066	0.1452354305	-0.3303815249	0.1137417292	0.1033031087	-0.2235122445	0.0491669154	-0.0798031646	0.2161436995	-0.1648453929	0.0061625189	-0.1120454518	-0.1162465873	0.1450918146	0.1249745507	-0.1974718972	-0.1003744179	0.021694747	-0.0142888546	-0.2544679409	-0.1125196751	-0.0747486012	0.0775486565	-0.1557895501	0.0415053819	-0.0324618075	0.3012558402	-0.2168962852	0.0306680588	0.0638132528	-0.1307496635	0.0193291019	0.2218882989	-0.0793504238	0.0792947981	-0.0230045422	-0.0046034959	0.1408749085	0.1644062357	-0.1664659105	0.0383098935	-0.1706598832	-0.0302826017	0.1088069843	0.1681518731	-0.0248824819	-0.0025059188	-0.1632716529	0.041358554	0.0208687763	-0.1310175626	-0.1639631464	0.0318158976	0.0012070952	-0.1432360074	0.1130135864	-0.274303828	-0.2998057952	0.0272862555	-0.0389173898	-0.0634417385	0.1390509942	-0.0924635245	-0.1011332799	0.0	0.0	0.0	0.0	0.078736	0.0081832	0.006199357696	6.696476224000003e-05	0.100617	-0.017651	0.010123780689	0.000311557801	0.486007	0.007516	5.649025600000034e-05	0.236202804049	0.0073679899999999	-0.0001456800000001	2.1222662400029195e-08	5.428727664009852e-05	0.00479746	-0.00019022	3.6183648400000194e-08	2.30156224516e-05	-0.00135871	0.00030807	9.490712490000009e-08	1.8460928641e-06	0.0	0.921638273	2.764699529	0.4655499086	-0.1357277281
61223.29216101187	-221.74698447273116	3748291503.0326176	49171.72512274966	95088.48772730744	-374.6164998472086	9041820498.266296	140337.52195777366	60396.81996697755	-116.25364249240374	13514.90939275162	3647775862.123498	65910.63416230367	61574.51420336489	1.192693	22.07885	0.0931317999999999	0.0437585	-0.0262658551	-0.221833752	0.0124062884	-0.0436493867	0.1412736235	-0.1818721304	0.1304741267	0.4208025562	-0.1039003611	-0.0047602137	0.012506463	0.2907669524	-0.0200264599	-0.0983126338	-0.0321024316	-0.0840700673	0.0769007359	-0.0622918616	-0.0623254071	-0.2074315334	-0.0245875873	-0.0316388857	-0.0586845775	-0.0803360835	0.0824379775	0.0030171306	-0.0761276582	0.0019054348	0.0402251282	0.2209260373	-0.2850561149	-0.1336282584	0.1610771308	-0.0996051916	0.0491168645	0.1479787938	0.0885667463	-0.0536315279	-0.0309561215	0.1351676222	0.2802517934	0.0883068137	-0.0720302919	0.0376019178	-0.1755033044	-0.0648416079	0.0732949705	0.0936007053	-0.0439769194	-0.0581160921	0.0946542162	-0.0332560875	-0.0262178314	-0.1946099337	-0.1253938014	0.0555821667	0.1995141456	-0.1230109739	-0.0259195797	-0.3198225211	-0.1163340523	0.127513845	-0.040744644	0.0797968943	0.0634118706	0.025814232	-0.0741434667	0.0	0.0	0.0	0.0	0.0709637	-0.0077722999999999	0.00503584671769	6.0408647289999935e-05	0.12423	0.0236129999999999	0.0154330928999999	0.0005575737689999	0.514479	0.0284719999999999	0.0008106547839999	0.264688641441	0.00731397	-5.4019999999899496e-05	2.918160399989141e-09	5.34941571609e-05	0.00449406	-0.0003033999999999	9.20515599999998e-08	2.01965752836e-05	-0.00166678	-0.00030807	9.490712490000009e-08	2.7781555684000004e-06	0.0	0.2872700281	2.835230504	-0.5440813712	-0.2402683067
61175.03808868993	-48.25407232194266	3742385285.152664	2328.4554956512725	93860.76281708437	-1227.7249102230708	8809842796.604967	1507308.455182247	60294.20023685432	-102.61973012323142	10530.80901056485	3635390582.2018833	65664.61602176048	60373.90642218525	1.178674	21.819334	0.0767345999999999	0.034314	-0.0072244259	-0.0759108567	0.0740970982	-0.043097428	0.0833630385	-0.026447111	0.1318787149	0.2000226644	0.0028067259	0.0293279825	0.1258693221	0.1778518771	0.0004019053	-0.1270259742	-0.121534793	-0.0345271847	0.1223132652	-0.0663485902	-0.0617738418	-0.0243432221	-0.2016959355	0.1517128825	0.1074710632	0.0023261468	-0.1666424218	-0.2226568714	-0.0472069432	0.0374076039	0.0844166724	0.0228358232	-0.2159696863	-0.0689493908	0.0822328213	-0.170690045	0.0091508138	-0.0185048783	-0.015782827	-0.0693329878	-0.1033743224	0.1301771033	-0.115996335	-0.0360470635	0.0316953393	0.0495842654	-0.1449874061	-0.0573014325	0.0103495199	0.0849832696	-0.0282655699	-0.0207307771	0.1189010586	-0.155425198	-0.1590592096	-0.1559632563	-0.1145637583	0.0567598815	0.1160852606	0.0639555128	-0.0005964912	-0.0123227406	0.0481676515	0.218182211	-0.0645314202	0.1412673376	0.2096806907	0.1028386108	-0.0315858777	0.0	0.0	0.0	0.0	0.0789678	0.0080041	0.00623591343684	6.406561681e-05	0.100806	-0.0234239999999999	0.010161849636	0.0005486837759999	0.534231	0.0197519999999999	0.0003901415039999	0.285402761361	0.0076370099999999	0.0003230399999998	1.0435484159993508e-07	5.832392174009847e-05	0.00430601	-0.00018805	3.536280250000014e-08	1.85417221201e-05	-0.00166678	0.0	0.0	2.7781555684000004e-06	0.0	0.6327233722	0.3560291366	-0.08306521367	0.3436754907
61175.803984833234	0.7658961433044169	3742478993.1907377	0.58659690232858	93398.8360234566	-461.926793627761	8723342570.536535	213376.36267122417	60267.13014327313	-27.07009358119103	732.7899664944399	3632126975.70622	65630.23750238602	60209.57249241134	0.927516	17.16995	0.0605529999999999	0.0291904	-0.0192625512	-0.0474535597	0.1105162483	-0.0161501525	0.0042680133	0.0809807087	0.1463135286	0.2348384913	0.1053676311	-0.0014829313	0.1262148129	0.306937571	0.1573244618	-0.0332456628	-0.1193038959	-0.1986608042	-0.1639180247	0.0987427008	-0.0412495087	-0.0537256138	0.0612209376	0.0657628044	-0.1773401534	0.0413098993	0.1820631943	0.0058694836	0.0427943565	0.0224002838	0.1206069031	-0.0211912211	-0.2827156107	-0.262385925	0.0587840584	-0.0695760292	0.0442755062	0.0779378165	-0.0992866267	-0.1446662436	-0.1373496134	-0.1827949036	0.0224403259	0.0545358202	0.071168297	0.0493712708	-0.1502316332	-0.0545357852	-0.0776297528	0.0409918371	-0.0100124264	-0.0603038231	0.1162914316	-0.1989446399	-0.1777493634	-0.1741601895	-0.0313748428	0.03972711	0.0604785185	0.0033105616	0.0351688168	0.060202669	0.0032328609	0.0613562109	0.0904239359	-0.0705124475	0.1520286275	0.1619994939	-0.021972351	0.0	0.0	0.0	0.0	0.0791522999999999	0.0001844999999998	0.0062650865952899	3.4040249999960546e-08	0.11704	0.016234	0.0136983616	0.0002635427559999	0.540642	0.0064109999999999	4.110092099999929e-05	0.2922937721639999	0.0073851999999999	-0.0002518099999999	6.340827609999996e-08	5.454117903999852e-05	0.00393176	-0.0003742499999999	1.400630624999997e-07	1.54587366976e-05	-0.00153837	0.00012841	1.6489128100000006e-08	2.3665822569000004e-06	0.0	0.3862422501	-0.5230234115	-0.3333393663	0.3958219164
61234.63856947513	58.83458464189607	3749680960.734251	3461.508349984433	93672.16211892571	273.3260954691068	8774473956.034302	74707.15446438729	60165.36688154119	-101.76326173193956	10355.761438323236	3619871371.990453	65525.774088541664	60212.04332268307	0.988292	18.295027	0.0688925999999999	0.0332291	-0.0031730035	-0.0054406785	0.168506137	-0.0228767362	-0.1778112915	0.1524247328	0.0909770692	0.1171601507	-0.00125921	0.0375042805	0.3107079154	-0.0359088074	0.0695232185	-0.1672055208	-0.0198491248	0.0756173195	-0.0317605496	-0.0435643343	-0.0527542772	0.0177142974	-0.0137210929	0.0288706697	-0.0218788571	-0.1081324477	0.1824717413	-0.1723212484	0.0731051417	0.0493252291	0.2698087763	-0.1836674389	-0.0124205591	-0.0867480978	0.0370092198	-0.0911927298	-0.0689978077	0.0999565522	0.0611097814	0.0012519007	-0.0501259541	-0.0658293632	-0.172740477	0.1784982306	0.1366787075	0.055562016	-0.1458150033	-0.0564953408	-0.096397241	0.0111320433	-0.0429653479	-0.0003536369	0.167276397	-0.0996477551	-0.0360323002	-0.1088572656	-0.0809940977	0.0788568821	-0.1156359442	0.0865300401	-0.0176247428	0.1549238782	0.1548591348	0.0552595236	-0.133979989	-0.1716934693	0.0168840973	0.0296017939	0.0544131828	0.0	0.0	0.0	0.0	0.0766155	-0.0025367999999998	0.00586993484025	6.435354239999466e-06	0.0900142	-0.0270258	0.00810255620164	0.00073039386564	0.547082	0.00644	4.1473600000000016e-05	0.2992987147239999	0.00769408	0.00030888	9.540685440006168e-08	5.91988670464e-05	0.00421342	0.0002816599999999	7.933235559999976e-08	1.77529080964e-05	-0.00160563	-6.725999999999998e-05	4.523907599999997e-09	2.5780476969e-06	0.0	0.34555303	-1.368150792	-0.6143655117	-0.4380000046
61322.69732811733	88.05875864219706	3760473207.595888	7754.344973604716	93838.93099117512	166.76887224940583	8805744969.566526	27811.85675133864	60200.03056686783	34.6636853266391	1201.571080424255	3624043680.2518206	65546.07222131327	60707.08064243457	0.963524	17.836521	0.0523798999999999	0.0327749	-0.0196599923	-0.0651840178	0.1668073466	-0.0287053531	-0.1811641786	0.0654260226	0.1914111413	0.0425008393	0.0950277023	0.0208730499	0.268386263	0.1342452064	0.0990068772	-0.0086458448	-0.007062834	0.1498545121	-0.0698081734	-0.128036831	-0.1444315592	-0.0055962134	-0.1231934802	-0.1161209909	0.1268885765	-0.0426892452	0.1872526009	-0.2105090924	-0.0590815866	0.0414962169	0.2603166891	-0.1208197729	-0.1094061278	-0.145867512	-0.019030848	0.094069153	-0.0156462036	-0.0416588278	0.1731456237	0.1034302574	-0.0659251912	0.1128842198	0.0424393732	0.0414020448	0.2416258207	0.0456513801	-0.1603290722	-0.0497587239	-0.1141030715	0.0342336824	-0.0190732149	-0.0010064957	0.0615649507	-0.0531249697	0.0358333523	-0.0715617053	-0.0343631914	0.1120075165	0.0137154291	0.1686646637	0.0472947787	0.2024658046	0.2008113347	-0.0367473943	-0.0242768541	-0.2423810468	0.1001532247	-0.0981652759	-0.0383934136	0.0	0.0	0.0	0.0	0.0789672	0.0023516999999999	0.00623581867584	5.530492889999992e-06	0.0872045	-0.0028096999999999	0.00760462482025	7.89441408999999e-06	0.51489	-0.032192	0.001036324864	0.2651117120999999	0.0074995499999999	-0.00019453	3.7841920900038836e-08	5.62432502024985e-05	0.00425827	4.4849999999999925e-05	2.011522499999993e-09	1.81328633929e-05	-0.00166678	-6.115000000000005e-05	3.7393225000000065e-09	2.7781555684000004e-06	0.0	0.3943155803	-1.339115415	-0.7535466539	0.6621126013
61388.96999560572	66.27266748839611	3768605637.12138	4392.0664560275145	93582.19250935972	-256.73848181539506	8757626754.858864	65914.64804487395	60294.70282959149	94.6722627236668	8962.837329218988	3635451189.308748	65584.29090995855	61105.10451674323	0.967842	17.916452	0.0523548999999999	0.0239159	0.0173829479	-0.0826374146	0.1671052519	-0.0600889815	-0.1509459499	0.0512006776	0.1960082837	-0.0633354269	0.0901914838	0.0127056504	0.1368254276	0.280808174	0.0665995896	0.1271877166	-0.1396359295	0.1596797774	0.1100608756	-0.1472740589	0.014011693	0.0239325102	0.0440660594	-0.1178306087	0.1327712017	-0.0763235391	-0.051337871	-0.0115999813	0.0897548415	0.0361223239	0.1785096003	-0.0208728178	-0.1536352539	-0.177360244	-0.1505014697	0.1032102441	-0.015933287	-0.1681995493	0.0887533829	0.1769026632	-0.0385751341	0.0664878727	0.0732700669	0.0978830077	0.0698258965	0.0463958075	-0.1479523385	-0.0146798493	-0.1299913776	0.077893194	-0.0185197538	0.0839909152	0.0319244696	0.0609771	0.0788012593	-0.0022370211	-0.0493231802	-0.0018150283	-0.1556918935	0.1462422401	0.0098464029	0.1903332613	0.039484953	0.0852237958	-0.1175322826	-0.0899542337	0.1208962627	-0.04273373	0.0790563575	0.0	0.0	0.0	0.0	0.0901746	0.0112073999999999	0.0081314584851599	0.0001256058147599	0.100704	0.0134994999999999	0.010141295616	0.0001822365002499	0.500394	-0.0144959999999999	0.0002101340159999	0.250394155236	0.0072495499999999	-0.00025	6.250000000000013e-08	5.255597520249855e-05	0.00427131	1.304000000000062e-05	1.700416000000162e-10	1.8244089116100004e-05	-0.00166678	0.0	0.0	2.7781555684000004e-06	0.0	0.5818498678	-1.555578881	-0.05848642562	-0.2065527498
61337.51362678276	-51.45636882296094	3762290577.915761	2647.7578924445866	93623.91116862776	41.7186592680373	8765436742.511103	1740.4465311225945	60395.91894729068	101.21611769918673	10244.70248209562	3647667025.487705	65690.78922781686	61328.30890258553	0.974095	18.032215	0.0277755	0.0180475	0.0057340123	-0.1142303805	0.1629391477	-0.0854923491	0.0010277021	0.0523848986	0.1655653938	-0.0594553151	0.1979361254	0.0457662229	0.0542298819	-0.0160075584	-0.1558804826	0.2051946988	-0.1349359321	0.0835811467	0.160012799	-0.1389836147	-0.1282685608	-0.0546104866	-0.0371656691	-0.0654898337	-0.1221028042	-0.0304624772	0.0997573937	0.0504374592	-0.2015148236	0.0516134682	0.0812738965	0.02953464	-0.0565077445	0.1644099118	-0.1816620556	0.0025296917	-0.0406806471	-0.1504542914	0.0883138716	0.1705395906	-0.098966086	0.0262544359	0.1072503079	0.1611938489	0.0154035856	0.0374061145	-0.1662516067	-0.0154259291	-0.0970237731	0.0612904345	-0.0720918926	0.0879130022	0.0286500677	0.1411434919	0.2193359954	-0.0388907079	-0.0416873091	-0.0139175325	0.1115170467	0.3109293624	-0.0279196947	0.0379669557	0.0404375581	-0.0175189847	-0.1739382209	-0.0594889756	-0.0616238627	-0.1201383103	-0.0699734075	0.0	0.0	0.0	0.0	0.0789727	-0.0112018999999999	0.00623668734529	0.0001254825636099	0.0864478999999999	-0.0142561000000001	0.0074732394144099	0.00020323638721	0.500386	-8.000000000008e-06	6.400000000012802e-11	0.250386148996	0.0072495499999999	0.0	0.0	5.255597520249855e-05	0.00422512	-4.619000000000064e-05	2.133516100000059e-09	1.7851639014399998e-05	-0.00166678	0.0	0.0	2.7781555684000004e-06	0.0	0.2253701135	0.1794277868	-0.2713397539	1.030424498
61349.93104474819	12.417417965429197	3763814039.195358	154.1922689281637	93850.23606070448	226.32489207672188	8807866808.649956	51222.95677353981	60426.42209919396	30.503151903278194	930.4422760344642	3651352487.709956	65762.36188202171	61045.695409306245	1.081219	20.015274	0.1763774	0.083355	0.0504277846	-0.0312371025	0.1282887788	-0.1026801088	0.1097564671	0.0329763236	0.1153102371	-0.1468776955	0.050716627	0.0874893376	-0.0335504397	-0.0081785745	-0.2082536896	0.1642829527	-0.0208332978	-0.0380668088	-0.0348496689	-0.1121033902	-0.0343870097	-0.0736873836	-0.0881091021	-0.1658494098	0.0429265057	-0.1224539211	0.0250450995	0.0710976499	0.2277047157	0.0858407193	-0.0009836843	0.0728298545	-0.0862976111	0.2241140642	-0.1468336961	0.009166457	0.1161267536	-0.0199550932	0.1258341044	0.0559418989	0.0987031612	-0.1036138365	0.0813564163	-0.0808872587	0.1571072039	0.050195251	-0.101721156	0.0332383551	-0.0985395238	0.0451797533	0.0814265066	0.1441640528	-0.0394721592	0.0283543175	0.0661744616	0.0622029829	-0.0335607421	-0.152588223	-0.2079178898	0.1959979908	-0.0643414839	0.0655920655	-0.1407785651	0.2222695592	-0.0691968736	0.1295325135	0.1382809457	0.1459299189	0.1192146749	0.0	0.0	0.0	0.0	0.104884	0.0259112999999999	0.011000653456	0.0006713954676899	0.132937	0.0464891000000001	0.017672245969	0.00216123641881	0.462213	-0.038173	0.001457177929	0.213640857369	0.00764014	0.0003905900000001	1.5256054810007839e-07	5.83717392196e-05	0.00357725	-0.0006478699999999	4.197355368999995e-07	1.2796717562500002e-05	-0.00138916	0.00027762	7.707286440000007e-08	1.9297655056e-06	0.0	0.7196576897	0.6037720247	0.760838183	-0.3467818754
61397.9411021785	48.01005743030692	3769707171.58658	2304.965614461368	94274.01089738692	423.7748366824381	8887589130.680628	179585.11220522702	60510.738513356686	84.3164141627276	7109.257697260611	3661549475.431828	65887.11056630399	61134.1202612163	1.145777	21.210344	0.41017375	0.221802	0.1058803543	0.0810384956	0.0632494148	-0.0925976707	0.0229810609	0.024685224	0.0294568354	-0.1505624422	-0.0651655004	0.1028614004	-0.1953708943	0.1061304837	0.1295258356	0.2610204133	0.1390976063	0.0511662055	0.0658096395	0.138651784	0.111649839	0.3045615026	-0.174764966	0.0937483025	0.1889950575	-0.0104459843	0.0658681457	0.0736521955	-0.0436936928	0.1012257744	-0.1316820057	0.0176356087	-0.008544344	-0.0823987845	-0.1128534054	0.2836777439	-0.0078452654	-0.2151801543	-0.1727732239	0.1292474971	0.0941706102	-0.0677346298	-0.1655270122	-0.1855572113	0.1714928068	0.0785061557	0.0705086549	0.0918732394	-0.0678932788	-0.0270498145	0.0856345185	0.1205376903	0.0317041333	0.099263876	0.0498604327	0.2211300597	-0.1316773465	0.0321832385	-0.2292816934	0.1008989594	-0.2622639282	-0.197465593	0.1257627803	0.2392682013	0.0479421438	-0.0506718742	-0.0095275516	0.008317331	-0.139579307	0.0	0.0	0.0	0.0	0.14425	0.0393659999999999	0.0208080625	0.0015496819559999	0.142242	0.009305	0.020232786564	8.658302500000014e-05	0.500381	0.0381679999999999	0.0014567962239999	0.2503811451609999	0.0102221	0.0025819599999999	6.666517441599997e-06	0.0001044913284099	0.00050901	-0.00306824	9.414096697600002e-06	2.590911801e-07	-0.000572665	0.000816495	6.666640850249999e-07	3.27945202225e-07	0.0	0.4452115549	0.8060089766	0.2373976277	-0.3970521343
61291.08621200359	-106.85489017490907	3756597249.047257	11417.967554291885	94317.7755482121	43.76465082517825	8895842784.362917	1915.3446618497755	60402.2289547814	-108.50955857528606	11774.324302203437	3648429262.705833	65872.34648369328	60976.60021901823	0.9974	18.463627	0.1084376499999999	0.0587737	0.0721106411	0.048554734	0.0736675305	-0.0994489343	0.1228359546	0.0243425376	0.0064444524	-0.1348534717	-0.0585603271	0.0985797586	-0.0057207676	-0.0227755053	0.0107999933	0.2249169965	0.0664856777	-0.1554501325	-0.1106370871	0.2918877199	0.017649307	-0.1614545639	0.0106053426	0.0404617315	0.2282348546	-0.1334733981	0.0032451697	0.1445487391	-0.2468695661	0.0943538363	-0.0926069531	-0.0524459524	-0.0756308849	0.132435513	-0.0550572849	0.0884842483	0.0300058611	0.1337811822	-0.1043752165	0.0503491849	0.1686440193	0.1111763121	0.1177896197	-0.4051612155	0.1555091021	0.070128605	0.0242757662	0.1214552203	-0.0770688318	-0.0731775105	0.069392433	0.1202674338	-0.0313642542	-0.0184909513	0.0820548422	0.0864343562	-0.083589462	-0.0015678986	0.0102169183	-0.061583404	-0.0898026354	-0.1077207131	0.0788359646	0.0311144136	0.1319451123	-0.0324253964	-0.1007250169	-0.0748135027	-0.1973561817	0.0	0.0	0.0	0.0	0.14945	0.0052	0.0223353025	2.7040000000000107e-05	0.150638	0.0083959999999999	0.022691807044	7.049281599999978e-05	0.486239	-0.0141419999999999	0.0001999961639999	0.236428365121	0.00917418	-0.0010479199999999	1.098136326399998e-06	8.416557867240001e-05	0.000987714	0.000478704	2.2915751961600005e-07	9.75578945796e-07	-0.000660034	-8.736900000000001e-05	7.633342161000002e-09	4.35644881156e-07	0.0	0.03180762754	0.8617486245	0.1441421227	0.1551860322
61170.259021848	-120.8271901555854	3741800588.799977	14599.209880893995	93930.29387606969	-387.481672142414	8822900107.644814	150142.04624628124	60352.7419237424	-49.48703103900334	2448.96624105528	3642453457.713853	65779.80990605912	60844.90497404648	0.939385	17.389666	0.05207395	0.0308345	0.0654148432	0.0571859646	0.1038946191	-0.0739258379	0.0760885195	0.1091172545	0.0744904722	-0.0375066029	-0.0715253706	0.057880819	0.0476487027	-0.005298447	0.0219495717	-0.0426809889	0.0532466062	0.0929206053	0.1946153923	-0.0365527587	0.0886845627	-0.1117050904	-0.0961895097	-0.084024099	0.0912288328	0.1063298964	0.0040934402	0.1645804804	0.1591895495	0.0636296962	-0.0346985855	-0.0787030264	-0.0578538459	0.0428597122	0.0137560619	0.021893836	-0.0303337329	-0.1098641148	0.0607936159	0.1873806207	0.1893378787	0.0855627222	-0.0608564944	-0.062953527	0.0820337661	0.0729974617	0.0121626425	0.1030557538	-0.0805434803	-0.0750460445	0.0093161402	0.0827594928	0.1096275425	0.0716791083	0.0602890663	0.0657893381	-0.1172950614	-0.1099150726	-0.0512835185	-0.0774306027	-0.1303758549	-0.2058254671	0.0246991342	0.1129548523	0.1505100841	0.0822909412	-0.0961501977	-0.0259936124	-0.1737667283	0.0	0.0	0.0	0.0	0.149328	-0.000122	0.0222988515839999	1.488400000000268e-08	0.139523	-0.0111149999999999	0.019466667529	0.0001235432249999	0.511846	0.025607	0.000655718449	0.261986327716	0.00917418	0.0	0.0	8.416557867240001e-05	0.00123506	0.000247346	6.118004371600004e-08	1.5253732036000002e-06	-0.000717287	-5.7253000000000056e-05	3.277906009000006e-09	5.145006403690001e-07	0.0	0.344130655	0.7357454025	-0.1748025558	-0.4681865721
61100.92809780309	-69.33092404491617	3733323414.412903	4806.777028921935	93850.27133633864	-80.02253973104234	8807873429.904387	6403.606865006251	60308.13996560601	-44.60195813638711	1989.3346696000283	3637071746.111125	65788.17967045703	60230.76456296467	0.972597	18.004486	0.0625101499999999	0.0364109	0.0232775629	0.0851881365	0.1202731533	-0.0465124838	0.0913778762	0.1387296854	0.0305077864	0.0360755854	-0.0314453933	0.0515706052	0.0491250365	0.1218086947	0.1798559408	0.0138208459	0.1110270711	0.0246914257	0.0374819693	0.0034083025	-0.1460327688	-0.1076560196	-0.0820117728	-0.0272822794	0.1002089257	-0.0045557248	-0.0835090712	0.1516378807	0.2774120587	0.061624129	-0.0520129583	-0.113185521	-0.1553354376	-0.0924078113	0.0680222094	0.1383880206	-0.038662959	0.1051480365	0.0259235701	0.1649244157	0.0177752779	-0.0225312233	0.0803576102	-0.1404459667	0.0790503255	0.0618915613	-0.0054606379	0.0900930407	-0.1365269136	-0.1153781471	-0.0064904245	0.0543865509	0.1123643138	-0.0866018852	-0.0358617028	0.0619860234	-0.0742274912	0.0169594336	0.1009179444	-0.111187367	0.036831634	-0.1239381985	0.0176735875	-0.1313598837	0.1271598064	-0.1831934447	-0.0420331573	-0.0937136046	-0.0509628825	0.0	0.0	0.0	0.0	0.149247	-8.099999999999774e-05	0.0222746670089999	6.560999999999633e-09	0.116847	-0.022676	0.013653221409	0.000514200976	0.511898	5.199999999994098e-05	2.703999999993862e-09	0.2620395624039999	0.00884852	-0.00032566	1.0605443560000012e-07	7.82963061904e-05	0.00132248	8.741999999999995e-05	7.64225639999999e-09	1.7489533504e-06	-0.00109823	-0.0003809429999999	1.4511756924899993e-07	1.2061091329e-06	0.0	0.4654753947	0.5391727717	-0.1198257449	0.5550875438
61099.00378924228	-1.9243085608104595	3733088264.037842	3.702963437208421	93509.05325966534	-341.2180766733072	8743943041.518929	116429.77584863096	60298.856296948856	-9.283668657153612	86.18650373581634	3635952070.720089	65696.3068417321	59777.23684615646	0.974329	18.036552	0.0992635	0.0501089	0.0202110577	0.0982440094	0.129340408	-0.0139295409	-0.049038749	0.1823509688	0.0520830126	0.0247169222	0.0116145582	0.031671829	0.1170503336	-0.0893052187	0.0586168271	-0.0227593382	0.0116853949	-0.1031764404	-0.1189684425	-0.121847601	0.0161789907	0.057704141	-0.1110447904	0.2671021799	-0.0721513228	0.0662709931	0.1209462799	0.1961515876	0.1765869164	0.04881069	0.0550025949	-0.1702004795	-0.0016084282	0.0074587061	0.0121663893	0.0422518885	0.0155979436	0.0240369618	0.0519208307	-0.0808871483	-0.1771113293	-0.2619759019	-0.1087938779	0.0046446395	0.0189472571	0.0551396962	-0.0285408483	0.074993356	-0.1501414308	-0.0824657067	-0.0177128237	0.010445172	0.1118778401	-0.156697961	-0.09446241	0.0679634006	0.0502794004	0.0164509433	0.046391832	-0.2290908357	0.0469313021	-0.0340258377	-0.1255324067	-0.1136007669	0.0882188317	-0.1259874336	0.0098760592	0.0207402848	0.0842095714	0.0	0.0	0.0	0.0	0.133902	-0.0153449999999999	0.017929745604	0.0002354690249999	0.140064	0.0232169999999999	0.0196179240959999	0.0005390290889999	0.517084	0.005186	2.6894596000000248e-05	0.267375863056	0.00810403	-0.00074449	5.542653601000007e-07	6.56753022409e-05	0.0016883	0.00036582	1.3382427239999998e-07	2.85035689e-06	-0.00109823	0.0	0.0	1.2061091329e-06	0.0	0.9423103663	-0.9625686186	0.1486614351	0.2093645572
61132.29957612952	33.29578688723996	3737158051.465645	1108.6094244405	93782.27053407702	273.2172744116833	8795114266.526812	74647.67903694906	60331.77789764095	32.921600692097854	1083.831792129938	3639923424.2902775	65779.88817251581	59963.159814830906	0.940215	17.405033	0.065328	0.0432847	0.0147368956	0.0863866124	0.1500430869	-0.0368790771	0.0208632822	0.1456377755	0.0705243119	-0.0102596047	-0.0758904532	0.0390404516	0.0876578361	0.0040579384	-0.0039379868	0.027776199	0.0456963498	0.0239766281	-0.0689724715	-0.2686030204	0.1245372637	0.0385069531	0.1020386838	0.0716342301	0.0130595022	-0.1465979069	0.1083619872	0.0955554728	0.1470389708	0.0481469564	0.02717371	-0.0922645337	-0.0618150989	0.0026514352	-0.0407304294	0.0728784137	-0.0179405817	0.0202787886	0.2131607114	0.0268493557	-0.0173399191	-0.0755411207	-0.1758799081	-0.0510382104	-0.1364178053	0.0577355993	-0.0308437029	0.0652054713	-0.1503148608	-0.0728836729	-0.0570568538	0.0345003214	0.1745481549	-0.0417341311	0.0127361923	0.0395019563	-0.0901394235	0.0140443194	0.0410372828	-0.082455312	-0.0552788613	-0.1003457928	0.039661261	-0.0606661714	0.0424572982	-0.0101439833	-0.0289363433	-0.1547798088	0.0296102744	0.0	0.0	0.0	0.0	0.127171	-0.0067309999999999	0.016172463241	4.530636099999983e-05	0.099932	-0.0401319999999999	0.009986404624	0.0016105774239999	0.530475	0.013391	0.000179318881	0.281403725625	0.00810403	0.0	0.0	6.56753022409e-05	0.00178978	0.0001014799999999	1.0298190399999984e-08	3.2033124484e-06	-0.00109823	0.0	0.0	1.2061091329e-06	0.0	0.5675781066	-0.4820956192	0.001256134527	0.5912265299
61066.615241171385	-65.68433495813224	3729131497.013265	4314.431858892113	94078.26988462714	295.99935055011883	8850720864.484741	87615.61552609214	60306.40232001182	-25.375577629136387	643.9199400123271	3636862160.783127	65789.02744089496	59830.61441034136	0.948832	17.564558	0.0340811	0.0233981	0.0057875634	0.092402109	0.1725180195	-0.0357198903	0.0615497941	0.1225652359	0.1280768082	-0.0534895244	-0.1911168634	0.0516270269	0.1243108865	0.1509488661	0.0572674092	0.2699657454	0.0460240496	0.0969439404	-0.0310680398	-0.1434714519	0.048818689	-0.0241614775	0.1700349754	0.0407380429	-0.051738026	0.1369771939	-0.2514300881	0.0644616621	0.0026017445	0.0604786576	0.0351904284	-0.1058395896	-0.2034437817	0.0011809318	-0.115081449	0.2472389362	-0.1048561691	-0.0165200599	0.0491702942	0.0109779146	-0.014240545	0.0478114406	0.0791142886	-0.0339802603	-0.2484230643	0.0504862451	-0.0395395499	0.0773629059	-0.1596841183	-0.1052602525	-0.0248105935	0.0564709152	0.1298438721	-0.0296051563	0.0999978589	0.0842380478	-0.0390108423	-0.0261211222	0.1508480002	-0.0211261904	0.0941525797	0.0176690457	0.0264183051	-0.1354806008	0.0946841281	0.0128728627	0.1091871012	-0.18039819	-0.0527843684	0.0	0.0	0.0	0.0	0.127079	-9.200000000000874e-05	0.0161490722409999	8.464000000001609e-09	0.0963274	-0.0036046	0.00927896799076	1.2993141160000095e-05	0.50945	-0.021025	0.000442050625	0.2595393024999999	0.00810404	9.999999999940612e-09	9.999999999881223e-17	6.567546432159999e-05	0.00197696	0.0001871799999999	3.5036352399999964e-08	3.908370841599999e-06	-0.00109823	0.0	0.0	1.2061091329e-06	0.0	0.1977877388	-0.6828140952	-0.4257904629	0.6598198346
61166.4202446723	99.8050035009146	3741330965.547857	9961.038723817575	93935.50039158008	-142.76949304706068	8823878233.816542	20383.128144914703	60368.35379125169	61.95147123987408	3837.9847887849455	3644338139.4657326	65797.13535872055	59759.51131216378	1.045589	19.3557	0.0945311	0.0511415	0.0008368409	0.0760244443	0.1338689643	0.0102740184	-0.2098350766	0.1905333211	-0.0006305292	0.0426306804	-0.1353664484	0.092486163	0.1426209005	-0.1279068991	-0.0697637166	0.1726559076	0.1029779836	0.1082566447	-0.1596073454	0.0816985222	-0.0047796464	0.0284951663	0.1957875713	0.1251897447	-0.0251255816	-0.2560990231	-0.0235729334	-0.0211918151	-0.1586126353	0.0733377644	0.1416443312	-0.1585314663	0.1237850881	0.1121476964	-0.0282141939	0.2406598702	-0.0065087805	0.2568112551	-0.0745690543	0.009933865	-0.0700953383	0.0306490573	-0.0407871149	-0.1358847334	-0.1737906012	0.0508914852	-0.0542247555	0.0596934221	-0.1686733509	-0.0753874545	0.0554974912	0.0226036877	0.1427095831	-0.1789068467	-0.0952399703	0.0833249095	0.1549785531	0.1193976561	-0.0516401431	-0.1888590333	0.1065521219	0.0968009237	0.0462882553	0.0112871792	0.1480272287	-0.0104017521	-0.0260491382	0.1409420664	0.0968522766	0.0	0.0	0.0	0.0	0.126947	-0.0001319999999999	0.016115540809	1.7423999999998214e-08	0.14313	0.0468026	0.0204861969	0.00219048336676	0.495847	-0.0136029999999999	0.0001850416089999	0.2458642474089999	0.0076897199999999	-0.00041432	1.7166106240008278e-07	5.913179367839846e-05	0.00224251	0.00026555	7.051680250000014e-08	5.0288511001e-06	-0.00109823	0.0	0.0	1.2061091329e-06	0.0	0.3822685268	-1.213997614	-0.4031010354	-0.8105064516
61459.7994302333	293.3791855610034	3777306946.0045056	86071.34652043767	94234.95119097648	299.4507993964071	8880226025.965721	89670.78125914725	60510.76020741897	142.40641616727953	20279.58736560841	3661552100.8797593	65779.58204829297	60590.362033630016	1.122876	20.786417	0.0712091499999999	0.0418459	0.0132710042	-0.060667274	0.0554102787	0.0080896994	-0.2484401613	0.0128853748	0.0460257821	0.1018755586	-0.1502711287	0.103016379	-0.0362011973	-0.0458023577	-0.2158044429	-0.1296886878	-0.0069258433	0.1943819167	-0.1466339098	-0.142077169	-0.0817911199	0.2432640342	0.1579850452	0.2814329668	0.0646743179	0.2126092066	-0.1781682619	0.0684778412	0.0176366816	0.0632896907	0.1734176015	0.1148122024	0.2445895113	0.0075773896	-0.0292969599	0.0914340492	0.1224729496	0.1291416516	0.1330027292	0.007500547	-0.1910111614	0.1701221525	-0.2398735922	-0.0340566122	-0.31125179	0.0471732147	-0.0596439673	0.0600775147	0.0242629152	0.0040873404	0.0207125944	0.0181796098	0.062761751	-0.1458305763	0.0277032523	0.1383051342	0.2687656782	0.2349775289	0.1136265676	-0.1095874976	-0.0771163859	0.0515064118	0.3462846151	0.230988529	-0.0970136364	0.2972932278	-0.1389943881	0.1021992068	0.0981477527	0.0	0.0	0.0	0.0	0.126965	1.7999999999990246e-05	0.0161201112249999	3.239999999996489e-10	0.130286	-0.0128439999999999	0.016974441796	0.0001649683359999	0.484306	-0.0115409999999999	0.0001331946809999	0.234552301636	0.00839585	0.00070613	4.98619576900141e-07	7.04902972225e-05	0.00224251	0.0	0.0	5.0288511001e-06	-0.000868237	0.0002299929999999	5.2896780048999986e-08	7.53835488169e-07	0.0	-0.1708820128	-1.026831853	-0.5679920003	-0.5703661906
61672.79765985512	212.99822962181497	3803533971.193431	45368.24582202742	94152.76258786676	-82.18860310972377	8864742702.927202	6754.966481127696	60582.33230292032	71.57209550134576	5122.564854453757	3670218987.261463	65841.39156577225	61929.09060450541	1.15593	21.3983	0.13742365	0.0565074	0.0515723665	-0.2244111627	-0.0280541991	-0.0454713465	-0.1556776702	-0.2378817214	0.1232592311	-0.0509711496	0.132581371	0.0650895853	-0.1374422611	0.0866191149	-0.2131694265	-0.0974582885	0.1310024544	0.1947590377	-0.0014756675	-0.1118528658	-0.0292290161	0.082457747	0.0804937731	-0.1807423475	0.1260307855	0.0561860041	0.0808671165	0.2663864444	-0.1734815499	0.0341019823	0.0538988177	0.3030419797	0.1588535889	-0.0085389314	0.0258937218	0.1490892132	0.0256892802	-0.0888208035	0.1762868529	0.1788107615	0.1415403869	-0.0322845665	0.0652244735	0.0080122503	-0.024350566	0.0452407402	-0.0747150638	0.1047938057	0.0380990758	0.1264766859	0.0552867336	0.1032998388	-0.2436628744	0.0085847507	0.0927816593	0.1310341254	0.3284938515	0.1376470729	0.0437504545	-0.1654500349	0.0680853243	0.1071273098	0.0198750311	0.0277428062	0.071995916	-0.049292858	-0.115087776	-0.0980244415	0.0489677379	0.0	0.0	0.0	0.0	0.143592	0.016627	0.0206186624639999	0.000276457129	0.154093	0.0238069999999999	0.023744652649	0.0005667732489999	0.44029	-0.044016	0.001937408256	0.1938552841	0.0079253599999999	-0.00047049	2.213608401000935e-07	6.281133112959842e-05	0.00259121	0.0003486999999999	1.2159168999999998e-07	6.7143692641e-06	-0.00110852	-0.000240283	5.7735920089e-08	1.2288165904e-06	0.0	0.7233659139	-0.5610591877	0.4639269033	-0.2901943849
61549.05607526106	-123.7415845940559	3788286303.755631	15311.97975784789	94590.78507506876	438.0224872020044	8947416621.117851	191863.6992946301	60522.67848476536	-59.65381815495493	3558.5780204644307	3662994610.97028	65846.83911771924	62414.115742489725	1.110347	20.554476	0.0701924999999999	0.0377309	0.0664985994	-0.2780443982	-0.0704406596	-0.1210993544	0.0303992285	-0.2672473838	0.0388624093	-0.0564128201	0.1624863255	0.0611504698	-0.117679615	0.1772990114	-0.1777650791	0.0544167429	0.1265849295	-0.0599212257	-0.0828990817	-0.0689529613	-0.0469198352	0.0957219425	0.0885756313	0.0574642524	-0.0134726014	0.0868128649	0.1340681656	-0.1233236704	-0.1508321375	0.0578124753	-0.0085090709	0.2903204888	-0.0833978039	0.0248677473	-0.0024709332	0.0946754432	-0.0531782538	-0.0835031376	0.0586010872	-0.122606632	-0.052007315	-0.0911874592	-0.1776672354	-0.1118077756	-0.0771340857	0.0498788673	-0.0925342627	0.1303676961	0.0243578856	0.1141282436	0.0039475834	0.1095177815	-0.240056756	0.1220234548	0.0279546208	-0.0238824717	0.3160593662	-0.0090172681	-0.0762619346	-0.119893496	-0.195275035	0.0017922331	-0.0556919813	0.0156675771	0.0157163229	-0.0791434628	0.2196011324	0.0195135014	0.0276685544	0.0	0.0	0.0	0.0	0.141395	-0.002197	0.019992546025	4.82680900000002e-06	0.13019	-0.023903	0.0169494361	0.000571353409	0.441351	0.0010609999999999	1.1257209999999547e-06	0.194790705201	0.0077915199999999	-0.00013384	1.7913145600000142e-08	6.070778391039844e-05	0.00291394	0.0003227299999999	1.0415465289999989e-07	8.4910463236e-06	-0.00151258	-0.0004040599999999	1.6326448359999997e-07	2.2878982564e-06	0.0	1.215356157	1.38085703	1.060114259	-0.5113946548
61374.47375457944	-174.58232068162033	3766826028.651561	30478.98669458012	94851.39036235482	260.60528728606005	8996786253.671818	67915.1157614499	60487.91921896101	-34.759265804350434	1208.2065592574854	3658788371.439553	65942.08414117037	61929.81741634051	1.135091	21.012527	0.0670085	0.0367007	0.0550663459	-0.1936540784	-0.0523004216	-0.1137594416	0.186101565	-0.1550922718	-0.0435004493	0.2261694258	-0.0335093358	0.0576995513	-0.0957320606	0.0455828108	-0.1382511562	-0.0405356651	0.1306812835	-0.1625837807	-0.0445273671	-0.1294493451	-0.0216690069	-0.2194243804	-0.1079817998	0.038705578	0.355766895	-0.0486089499	0.1056835406	-0.0361613398	-0.0265495727	0.0659244061	-0.0923056769	0.1858004832	-0.1139075279	0.1679354451	0.1566390407	0.0271846087	0.0014278268	0.0593508812	0.152817897	-0.1540217303	-0.0472393695	0.2221097797	-0.0189620007	-0.1457454763	0.1780435797	0.0593441601	-0.0716588166	0.1142013178	0.038935297	0.0426084004	0.0112171133	0.0750510979	-0.1122869206	0.0169950301	-0.0825351918	-0.1320715581	0.3557535148	-0.0789034626	0.1014141667	0.1386952428	-0.1596387555	-0.168691692	0.012084962	-0.2777637244	-0.0909181758	-0.0218566973	0.1734805589	-0.0373412434	0.0312741125	0.0	0.0	0.0	0.0	0.139782	-0.001613	0.0195390075239999	2.6017690000000106e-06	0.130419	0.000229	0.017009115561	5.24410000000032e-08	0.459366	0.018015	0.000324540225	0.211017121956	0.0084112	0.0006196800000001	3.840033024001248e-07	7.074828544000001e-05	0.00300146	8.752000000000022e-05	7.659750400000038e-09	9.0087621316e-06	-0.00127675	0.0002358299999999	5.5615788899999914e-08	1.6300905625000003e-06	0.0	0.995347787	2.441073839	0.6595418009	0.5430981195
61199.20287773053	-175.27087684891012	3745342432.869621	30719.880271385817	93596.367474022	-1255.0228883328236	8760280004.332163	1575082.450239263	60353.63192099932	-134.28729796168773	18033.0783938511	3642560886.055469	65729.28267649705	60525.08213797298	1.153358	21.350681	0.09599	0.0489818	0.0434045518	-0.0591893046	0.0492781925	-0.0767469574	0.1259257583	-0.0134742381	0.0068745858	0.2080901577	0.0875599136	0.0622107532	0.0421348495	-0.0663204577	-0.1102569514	-0.0749182988	0.0610312706	-0.150960362	0.0698106083	-0.0511486816	0.239342633	0.1365094555	0.0237857913	-0.0022240873	0.0775827326	0.2398993818	0.1654512602	-0.1045905408	0.0202875878	0.0651552874	-0.0276494307	-0.00158676	-0.0583548386	0.1834873946	0.1562666148	-0.0427752228	0.06905079	-0.1609330158	0.033848911	-0.1263564902	0.0781391558	0.1540720838	-0.2048635494	0.0684950001	-0.0236113657	0.0608911088	-0.0818654614	0.0908993056	0.028193564	0.015791319	0.0675501139	0.0867502331	-0.0224424318	-0.0341837497	-0.0307251375	-0.1562067043	0.2604828504	-0.1754370502	0.0441420026	0.063661985	0.1925618345	-0.1309854343	-0.0060074068	-0.0751964343	-0.0864496028	0.1657448381	-0.0263833051	0.2885602554	0.073701862	0.0	0.0	0.0	0.0	0.131405	-0.0083769999999999	0.0172672740249999	7.017412899999993e-05	0.170323	0.0399039999999999	0.029009924329	0.0015923292159999	0.482271	0.022905	0.000524639025	0.232585317441	0.00810491	-0.00030629	9.381356410000045e-08	6.56895661081e-05	0.00311454	0.0001130799999999	1.278708639999995e-08	9.7003594116e-06	-0.00120004	7.671000000000002e-05	5.884424100000003e-09	1.4400960016000002e-06	0.0	1.014072037	0.6480740375	0.1479470322	0.8382902303
61231.96357006597	32.76069233543967	3749353362.6458864	1073.2629622973357	94335.75070675428	739.3832327322743	8899233861.406889	546687.5648456286	60317.44188628883	-36.19003471049655	1309.7186123469448	3638193795.7058296	65783.74852578262	60574.67007818167	1.047423	19.389645	0.134204	0.0676404	0.0420962344	0.0231517879	0.1164866093	-0.0708641219	0.0414989496	0.0721528538	0.008988515	0.117109309	-0.042947734	0.0320404607	0.049644388	0.0466529158	0.025742507	0.1279141753	0.0382101733	-0.1302932646	0.0576444441	-0.1555410892	0.0148200689	0.2047191861	0.2000620158	-0.0996582406	0.0610374576	0.2042307925	-0.0831230115	-0.0789383038	0.0501426424	0.0534369887	-0.0018293079	-0.0770996967	-0.1000057655	0.0519641638	0.0349444772	0.0998383472	0.0568563723	-0.163553421	0.042433143	-0.0333132877	0.0619526954	0.11083459	-0.127117107	0.1808976833	-0.2351688671	0.0674328292	-0.0582679532	0.0897886681	-0.019487865	-0.0504834733	0.0611442259	0.1148806742	0.1140345973	0.1271755519	0.1632875757	-0.0429796045	0.0785885345	-0.1555125598	0.0526903176	0.1511477889	0.0563334533	0.0370215547	-0.0336528098	-0.0762874107	-0.1730052777	0.1144067154	-0.1459098674	-0.0280336722	-0.0265857659	0.0	0.0	0.0	0.0	0.12676	-0.0046449999999999	0.0160680976	2.157602499999984e-05	0.111185	-0.0591379999999999	0.012362104225	0.0034973030439999	0.497952	0.015681	0.000245893761	0.247956194304	0.00878163	0.00067672	4.579499584000006e-07	7.71170254569e-05	0.00270729	-0.00040725	1.6585256250000005e-07	7.329419144099999e-06	-0.00121087	-1.0829999999999868e-05	1.172888999999971e-10	1.4662061569e-06	0.0	0.569126915	0.7364623139	-0.2330483181	1.116255605
61127.57595551444	-104.38761455153144	3736580542.197187	10896.7740717591	93470.8979217604	-864.8527849938691	8736808758.300154	747970.3397116517	60286.06718961006	-31.37469667876576	984.3715916845553	3634409897.190179	65686.19484552246	60206.20819859164	1.031853	19.101416	0.0529185000000001	0.0256169	0.0336947343	0.0213552733	0.1218968508	-0.0687620978	0.1120452487	0.0912664034	0.053225743	-0.0163568654	0.0308904526	0.0652022119	0.1041823315	-0.0885312124	0.0290560487	0.1172474778	0.0368361571	-0.1461425637	0.226524362	-0.19878519	-0.1992112271	0.0698946812	0.0221165215	-0.1884688407	-0.1557604069	-0.0994158068	-0.2715358611	-0.0455276989	0.0357066346	0.0748681876	-0.0247422906	-0.1252992272	-0.1222987121	0.1876300871	0.0527710789	0.0192831473	-0.02585704	-0.0695304041	0.2146178284	0.1549617361	0.0653226097	-0.1011926518	0.0100882323	0.142655572	-0.0603831029	0.0614054664	-0.0811544263	0.090251754	-0.0258310217	-0.0872496339	0.0345300929	0.1113085944	0.0411472305	0.0370453917	0.1801251743	-0.0750158245	0.0024727284	-0.1505584078	0.1234255875	0.1079033365	0.1380688492	0.0524251112	-0.1245475796	-0.1902098054	0.0245740974	0.1623954099	-0.190333586	-0.1897196967	-0.0554973968	0.0	0.0	0.0	0.0	0.126625	-0.000135	0.0160338906249999	1.822500000000648e-08	0.103284	-0.007901	0.010667584656	6.242580100000008e-05	0.491475	-0.006477	4.1951529000000135e-05	0.2415476756249999	0.00847454	-0.00030709	9.430426810000072e-08	7.181782821159999e-05	0.0029629	0.00025561	6.533647210000017e-08	8.77877641e-06	-0.00141628	-0.00020541	4.219326810000002e-08	2.0058490384e-06	0.0	0.73081565	-0.2299846537	-0.0538102786	1.549983585
61134.2609743938	6.685018879361451	3737397864.8852887	44.68947741741903	94081.83336835269	610.9354465922806	8851391369.950481	373242.1199029094	60289.30129030216	3.2341006920978543	10.45940728662782	3634799850.0728297	65706.38079461169	60460.66958848374	1.149107	21.271988	0.211776	0.114891	0.0649447239	0.0994921416	0.0597725421	-0.0462418658	0.0810516826	0.0795910593	0.0117642915	-0.0167680689	-0.0487687898	0.0662679158	0.139939274	-0.1325074701	0.1092996327	0.044319663	0.0563030526	0.0373797567	-0.0938615065	-0.0513785472	-0.2237611569	0.2726520055	-0.0181142843	-0.2203118752	0.0097618716	-0.106719732	0.0524569413	-0.0498286458	0.0102472413	0.067542746	0.0127489856	-0.1668737305	-0.0031584495	0.083176446	0.0110221921	0.0402757791	-0.029077034	0.0628666397	0.0604342537	0.0481969466	0.1503760407	-0.1019941177	-0.0839255292	0.2717490868	0.1390382927	0.0804926934	-0.0007772486	0.1103290025	-0.0543209199	-0.0434244795	0.1811097911	0.0956365138	0.0826771616	-0.0818685498	-0.1038071539	0.08965022	-0.0830038027	-0.1427397767	-0.2828967441	0.0055965045	0.0329746161	-0.1183368706	-0.2698740294	-0.0371010159	0.1316775953	0.0165668224	-0.0589812963	0.1187063826	0.3185800288	0.0	0.0	0.0	0.0	0.159044	0.032419	0.0252949939359999	0.001050991561	0.170609	0.067325	0.029107430881	0.004532655625	0.489671	-0.0018039999999999	3.2544159999999e-06	0.239777688241	0.00939197	0.00091743	8.416778049000006e-07	8.820910048089999e-05	0.00179989	-0.00116301	1.3525922601000003e-06	3.2396040121e-06	-0.00129216	0.0001241199999999	1.540577439999998e-08	1.6696774656000002e-06	0.0	1.148472671	1.012937134	0.9719417886	-1.006328468
61293.8287826424	159.56780824859743	3756933446.8358817	25461.88542926116	94619.77608305318	537.9427147004899	8952902026.007122	289382.36429933266	60413.5884062711	124.28711596893844	15447.287195876355	3649801664.1223335	65987.1313101617	60703.40460364454	1.536622	28.44557	0.6447307	0.351931	0.1417350015	0.2088655265	-0.1731015247	-0.0247448671	0.1733092689	-0.0149980758	-0.2014663012	-0.167480972	-0.2590085086	0.0587891829	-0.1258700609	-0.1801452279	0.2262045961	-0.0588939858	-0.1369476039	0.0049389928	-0.1886021156	0.0293439776	-0.2078778692	-0.3356118026	0.1961280632	-0.0130522318	-0.0657173284	0.2643047716	0.1075477998	-0.2160215035	0.1920555749	0.0569708232	-0.3159193669	-0.1523514962	0.0273347915	-0.0929303522	0.0224699896	-0.08723404	-0.0657022284	0.545636222	0.180078721	0.0785327696	-0.0729273256	0.0717350794	-0.0367882733	0.0100605124	0.0281792095	0.0986804158	0.3154512384	0.0726825281	0.11212375	0.1699518213	0.3873664781	-0.0354304806	0.1858361791	0.128203349	-0.3405756248	0.080843582	0.068933836	0.4292892155	0.0588862636	0.3739859296	0.1287765258	-0.0043249722	-0.2216275952	0.0312151264	-0.0046044786	-0.0711195465	-0.0149952199	-0.1671904433	-0.0357302979	0.0	0.0	0.0	0.0	0.186014	0.02697	0.034601208196	0.0007273809	0.239667	0.0690579999999999	0.0574402708889999	0.0047690073639999	0.512618	0.0229469999999999	0.0005265648089999	0.262777213924	0.0130193	0.00362733	1.31575229289e-05	0.00016950217249	-0.00321847	-0.00501836	2.5183937089600005e-05	1.03585491409e-05	0.000577264	0.001869424	3.4947460917760005e-06	3.33233725696e-07	0.0	1.313509381	0.8909224331	1.063907862	0.5638123348
61133.94288887519	-159.88589376720483	3737358973.140254	25563.49902573791	94231.155676956	-388.6204060971795	8879510700.214716	151025.8200351367	60402.38365916188	-11.204747109215532	125.54635778147382	3648447951.708586	65845.4565071785	59743.89294221092	1.48148	27.424797	0.532409789	0.274324	0.0764947054	0.09070881	-0.1905709585	-0.0108349707	0.0007646402	-0.0476510755	-0.1089335163	0.049994881	-0.1308139784	0.049526878	-0.1226310242	0.0230980263	0.1810643763	-0.0297666078	0.2219268288	-0.0454323311	0.064513766	0.0882509908	0.1822501084	0.0900532725	0.0620875409	-0.1055743949	-0.2630933471	-0.0216227386	0.0051606471	-0.1776845239	0.2289652981	0.0451743443	-0.1442674149	0.0107134973	0.03682863	-0.1254931223	0.1594560383	0.1340409983	-0.1092136851	0.0269554864	-0.1460772546	-0.0082512578	0.2257518494	-0.290909282	-0.0840030863	0.0699773872	-0.1348200496	0.0524574823	0.1255913616	0.1599548309	0.1385781598	-0.0583612412	0.0400706303	-0.1236864229	-0.004026911	0.1183231446	0.0741097774	0.0820023696	-0.0568291239	0.0391399532	0.0288304862	-0.1385704267	0.2475232304	0.1325264635	0.0916423853	-0.0683981613	-0.0135502242	0.3586892269	0.4056941425	-0.2077869096	-0.128815872	0.0	0.0	0.0	0.0	0.146884	-0.03913	0.0215749094559999	0.0015311569	0.111742	-0.127925	0.0124862745639999	0.016364805625	0.471181	-0.041437	0.001717024969	0.222011534761	0.00961775	-0.0034015499999999	1.1570542402499996e-05	9.25011150625e-05	-0.000716657	0.002501813	6.259068286969002e-06	5.13597255649e-07	2.27122e-06	-0.00057499278	3.306166970521284e-07	5.158440288400001e-12	0.0	0.09189071622	-0.8111440625	0.3075707775	0.6807724209
61142.56867522739	8.625786352196883	3738413704.204898	74.404190193746	94471.1076081143	239.95193115829895	8924790172.70391	57576.92926659705	60463.88596967843	61.50231051654555	3782.534198873589	3655881506.554276	65911.9022022933	59523.1719543339	1.089487	20.168327	0.109487861	0.0619419	0.0658377978	0.038436837	-0.2286267921	-0.0071204581	-0.1999434296	-0.0350257745	-0.2496139837	-0.0015411821	-0.0959664923	0.0355318258	-0.166670098	-0.068938806	0.0134178805	-0.1526537374	0.0569462043	0.0089295802	0.1655424563	0.1262684044	-0.1857904504	0.1668252838	-0.2455151166	-0.1947856058	0.0355975221	0.1158340128	0.2467190954	0.082131691	0.0462870443	0.0227533947	-0.1031507975	0.0294579798	0.2378613541	-0.0377044474	0.2470858013	0.1351655855	0.1207872522	0.028621763	-0.2323750696	0.2982168256	-0.0168564783	-0.05446984	0.0408822764	0.3052914613	0.1362501523	0.0474321081	0.083830829	0.1905363478	0.1298946966	-0.0873455804	0.0460192934	-0.1521366276	-0.0582610367	0.092088976	-0.0271098197	-0.0031352731	-0.1118376849	0.031738689	-0.1559971451	-0.1275225346	-0.1062136659	0.2130172876	0.1528208908	-0.1264261152	0.0779609071	-0.024955006	0.1014625912	0.0557011411	-0.0236225148	0.0	0.0	0.0	0.0	0.145663	-0.0012209999999999	0.0212177095689999	1.4908409999999996e-06	0.103817	-0.0079249999999999	0.010777969489	6.28056249999998e-05	0.460557	-0.010624	0.000112869376	0.212112750249	0.00944565	-0.0001720999999999	2.9618409999999893e-08	8.92203039225e-05	3.8241e-05	0.0007548979999999	5.698709904039999e-07	1.462374081e-09	-0.0008650879999999	-0.0008673592199999	7.523120165188348e-07	7.48377247743827e-07	0.0	-0.5091001251	-0.8823410644	0.8703600991	-0.3280217638
61128.36072821935	-14.207947008042538	3736676485.319309	201.86575818334487	94075.38188607885	-395.7257220354513	8850177477.011572	156598.8470804793	60479.9558469784	16.069877299974905	258.2409564362488	3657825059.252457	65870.92707481184	59841.33864713038	1.066072	19.734871	0.0777913499999999	0.049459	0.0963626704	0.0062620246	-0.2395220766	-0.0854996407	0.0799072314	-0.1629841626	-0.1756288103	-0.1093675452	0.0282055238	0.0485088824	-0.1786621668	-0.064251062	0.033034227	-0.1493330011	0.1812169205	-0.1686290808	0.0646588072	-0.1595311962	0.0045273281	-0.0653700208	0.0575965656	0.1923616293	-0.0143220912	-0.1958675666	-0.2319750833	-0.2607151805	-0.1457964762	0.0521156295	-0.2151394373	0.0865352542	0.0722273553	0.033775101	0.2451159221	0.0689243548	-0.0771183587	-0.0745928576	0.1844591329	-0.2115968017	-0.1173297762	-0.1303452769	-0.0345204134	-0.0202596069	0.0529977865	0.0562557463	0.1017334732	0.216755063	0.1299748608	-0.0395447662	0.0235536401	-0.1446669974	-0.0986274601	0.0670201953	-0.0932907989	-0.1746088974	-0.0427995994	-0.044229678	0.011585165	0.002353213	-0.0947373699	0.0035088198	0.1276123303	-0.0500452343	0.0500108618	-0.0982144068	0.0527017148	-0.0746666648	0.0113348866	0.0	0.0	0.0	0.0	0.153875	0.008212	0.023677515625	6.743694400000041e-05	0.151838	0.0480209999999999	0.023054778244	0.0023060164409999	0.464821	0.0042639999999999	1.8181695999999917e-05	0.216058562041	0.00928338	-0.0001622699999999	2.63315528999997e-08	8.618114422440002e-05	-0.000135694	-0.000173935	3.0253384225000005e-08	1.8412861636000002e-08	-0.0008747699999999	-9.682000000000008e-06	9.374112400000011e-11	7.652225528998251e-07	0.0	0.3389156494	-0.1011907487	0.7281806619	-0.06231927074
61021.01898416002	-107.34174405932572	3723564757.8652177	11522.250017697788	94448.97215483648	373.5902687576309	8920608341.105076	139569.68891039884	60478.20717895425	-1.748668024149083	3.0578398586814584	3657613543.580514	65915.40351630672	59632.75186151324	1.103284	20.423721	0.0993893499999999	0.0491105	0.0839287771	0.0457007198	-0.2330349801	-0.0692687987	0.0605552878	-0.0451787533	-0.3271640543	0.1092627853	-0.1422140263	0.0271779232	-0.2583908695	0.1571127537	0.2165133181	-0.1465575456	0.2767115254	-0.1038366311	0.0207944918	0.0051296466	-0.0214079873	0.0621449342	-0.1698619135	0.0897944799	-0.0132153761	-0.0785640135	-0.1304362909	-0.0955029517	-0.0167474055	0.0371670881	-0.2460403338	0.0315339309	0.0420236711	-0.2245091252	0.2626971286	0.1610145681	0.1304061285	-0.1799621691	-0.1363422154	-0.1381533454	-0.0829488759	0.0999187148	0.0068371213	0.0320807278	0.016253868	0.0571874978	0.0873140542	0.2058276102	0.2260908529	-0.087711634	0.0762825127	-0.1144565087	-0.0168021034	0.1257495807	-0.0280997512	-0.2203993713	-0.2029547572	-0.1395723956	0.0130675134	-0.1042377801	-0.0021491015	-0.0144813363	0.1263326558	0.0883042236	-0.1460679652	-0.2222343337	-0.1318139996	0.1360895399	0.1962115005	0.0	0.0	0.0	0.0	0.165483	0.0116079999999999	0.0273846232889999	0.0001347456639999	0.125527	-0.026311	0.015757027729	0.000692268721	0.463651	-0.00117	1.3689000000000103e-06	0.214972249801	0.00977662	0.0004932399999999	2.43285697599999e-07	9.55822986244e-05	0.000558617	0.000694311	4.820677647209999e-07	3.12052952689e-07	-0.0008563139999999	1.8456000000000028e-05	3.4062393600000104e-10	7.332736665958287e-07	0.0	-0.8521005737	0.8767238729	0.6216424357	-0.3920086901
61030.202222732725	9.183238572702976	3724685583.3476505	84.33187068317979	94167.37401627444	-281.5981385620398	8867494329.120918	79297.51164160577	60474.97150099173	-3.235677962526097	10.469611877177034	3657222178.0457616	65979.58073939245	59883.77752414017	1.035936	19.176994	0.0836356499999999	0.0374088	0.0762467072	0.0477187315	-0.1354639563	-0.0649583009	0.127195212	0.0269105953	-0.2092933748	0.0728092964	-0.1504928831	0.0327309594	-0.2298822078	-0.0472643721	0.0352832046	0.0285022236	0.0388481017	-0.2230041367	0.2173248844	0.0504362587	-0.2179589735	-0.093201343	0.1395237013	0.0091378749	0.0187290079	0.1047779952	-0.0334987567	0.0651630792	0.0726448452	0.0435371938	-0.2831238617	-0.0057355068	-0.0201833071	0.0634973893	0.1598954362	0.0664861671	0.1305578893	-0.0498458105	-0.1102829939	0.0832413004	-0.1147053262	0.0733523998	0.1089774199	0.0071074634	-0.0840747904	0.0584159068	0.0577735904	0.2111062226	0.1544215098	-0.0953144265	0.1304620955	-0.0580073278	-0.0142237975	0.1217785225	0.0761527972	-0.1814065176	-0.1432664649	-0.0620857137	0.1010825193	-0.0801211916	0.1687186486	0.1268523519	0.0375670809	0.0390798053	-0.0819225049	-0.0848354718	-0.1598145758	0.2276530654	0.062188074	0.0	0.0	0.0	0.0	0.149417	-0.0160659999999999	0.0223254398889999	0.0002581163559999	0.153572	0.0280449999999999	0.0235843591839999	0.0007865220249999	0.450975	-0.0126759999999999	0.0001606809759999	0.203378450625	0.0095055	-0.0002711199999999	7.350605439999984e-08	9.035453025e-05	0.000639014	8.039700000000006e-05	6.46367760900001e-09	4.083388921960001e-07	-0.00104177	-0.0001854560000001	3.4393927936037115e-08	1.0852847329e-06	0.0	-0.509359883	0.4783168657	-0.3009619624	1.3482989